ISO-10303-21;
HEADER;
FILE_DESCRIPTION (( 'STEP AP214' ),
    '1' );
FILE_NAME ('mocap_space.STEP',
    '2026-06-21T11:38:56',
    ( '' ),
    ( '' ),
    'SwSTEP 2.0',
    'SolidWorks 2024',
    '' );
FILE_SCHEMA (( 'AUTOMOTIVE_DESIGN' ));
ENDSEC;

DATA;
#1 = EDGE_CURVE ( 'NONE', #73, #62, #395, .T. ) ;
#2 = CARTESIAN_POINT ( 'NONE',  ( 5.000000000000000000, 45.00000000000000000, 33.30000000000001137 ) ) ;
#3 = EDGE_CURVE ( 'NONE', #523, #1815, #1456, .T. ) ;
#4 = DIRECTION ( 'NONE',  ( -0.000000000000000000, -0.000000000000000000, 1.000000000000000000 ) ) ;
#5 = AXIS2_PLACEMENT_3D ( 'NONE', #1621, #1896, #373 ) ;
#6 = DIRECTION ( 'NONE',  ( -0.000000000000000000, -0.000000000000000000, 1.000000000000000000 ) ) ;
#7 = DIRECTION ( 'NONE',  ( -0.000000000000000000, -0.000000000000000000, 1.000000000000000000 ) ) ;
#8 = EDGE_LOOP ( 'NONE', ( #832, #723, #1137, #1091 ) ) ;
#9 = APPLICATION_CONTEXT ( 'automotive_design' ) ;
#10 = PRODUCT_DEFINITION ( 'UNKNOWN', '', #419, #706 ) ;
#11 = DIRECTION ( 'NONE',  ( 1.000000000000000000, 0.000000000000000000, 0.000000000000000000 ) ) ;
#12 = VERTEX_POINT ( 'NONE', #96 ) ;
#13 = DIRECTION ( 'NONE',  ( 1.000000000000000000, 0.000000000000000000, 0.000000000000000000 ) ) ;
#14 = CARTESIAN_POINT ( 'NONE',  ( 16.00000000000000000, 60.00000000000000711, 7.225416114969384785E-15 ) ) ;
#15 = ORIENTED_EDGE ( 'NONE', *, *, #1270, .T. ) ;
#16 = CARTESIAN_POINT ( 'NONE',  ( 70.00000000000000000, 45.00000000000000711, 40.00000000000000000 ) ) ;
#17 = ORIENTED_EDGE ( 'NONE', *, *, #777, .F. ) ;
#18 = VERTEX_POINT ( 'NONE', #527 ) ;
#19 = DIRECTION ( 'NONE',  ( 1.000000000000000000, 0.000000000000000000, 0.000000000000000000 ) ) ;
#20 = AXIS2_PLACEMENT_3D ( 'NONE', #1437, #65, #41 ) ;
#21 = CIRCLE ( 'NONE', #20, 1.699999999999993072 ) ;
#22 = ADVANCED_FACE ( 'NONE', ( #560 ), #1599, .T. ) ;
#23 = AXIS2_PLACEMENT_3D ( 'NONE', #72, #271, #536 ) ;
#24 = ADVANCED_FACE ( 'NONE', ( #403, #235 ), #1587, .T. ) ;
#25 = AXIS2_PLACEMENT_3D ( 'NONE', #663, #1379, #1264 ) ;
#26 = LINE ( 'NONE', #1842, #1564 ) ;
#27 = ORIENTED_EDGE ( 'NONE', *, *, #410, .F. ) ;
#28 = DIRECTION ( 'NONE',  ( -0.000000000000000000, 1.000000000000000000, -0.000000000000000000 ) ) ;
#29 = DIRECTION ( 'NONE',  ( -0.000000000000000000, 1.000000000000000000, -0.000000000000000000 ) ) ;
#30 = ORIENTED_EDGE ( 'NONE', *, *, #798, .F. ) ;
#31 = EDGE_LOOP ( 'NONE', ( #1717, #1112, #328, #1711 ) ) ;
#32 = LINE ( 'NONE', #1529, #1867 ) ;
#33 = ADVANCED_FACE ( 'NONE', ( #866, #1423, #1927 ), #688, .F. ) ;
#34 = VECTOR ( 'NONE', #1562, 1000.000000000000000 ) ;
#35 = CARTESIAN_POINT ( 'NONE',  ( 26.00000000000000355, -9.999999999999994671, 5.000000000000007994 ) ) ;
#36 = ORIENTED_EDGE ( 'NONE', *, *, #1152, .F. ) ;
#37 = SURFACE_STYLE_USAGE ( .BOTH. , #1399 ) ;
#38 = DIRECTION ( 'NONE',  ( 0.000000000000000000, 1.000000000000000000, 0.000000000000000000 ) ) ;
#39 = VERTEX_POINT ( 'NONE', #911 ) ;
#40 = ORIENTED_EDGE ( 'NONE', *, *, #909, .F. ) ;
#41 = DIRECTION ( 'NONE',  ( 0.000000000000000000, 0.000000000000000000, -1.000000000000000000 ) ) ;
#42 = DIRECTION ( 'NONE',  ( -0.000000000000000000, 1.000000000000000000, -0.000000000000000000 ) ) ;
#43 = CARTESIAN_POINT ( 'NONE',  ( 5.000000000000000000, 45.00000000000000000, 35.00000000000000000 ) ) ;
#44 = EDGE_LOOP ( 'NONE', ( #1434, #1068, #1696, #534, #783, #1116, #1825, #136, #1947, #975, #1633 ) ) ;
#45 = FILL_AREA_STYLE_COLOUR ( '', #1778 ) ;
#46 = CARTESIAN_POINT ( 'NONE',  ( 35.00000000000000000, -10.00099999999998879, 2.326828918379971365E-15 ) ) ;
#47 = ORIENTED_EDGE ( 'NONE', *, *, #1329, .F. ) ;
#48 = EDGE_CURVE ( 'NONE', #487, #1723, #518, .T. ) ;
#49 = EDGE_LOOP ( 'NONE', ( #1128, #1534, #804, #636 ) ) ;
#50 = VECTOR ( 'NONE', #1523, 1000.000000000000000 ) ;
#51 = CARTESIAN_POINT ( 'NONE',  ( 0.000000000000000000, 50.00000000000000000, 0.000000000000000000 ) ) ;
#52 = DIRECTION ( 'NONE',  ( 0.000000000000000000, -1.000000000000000000, -1.734723475976807094E-16 ) ) ;
#53 = ORIENTED_EDGE ( 'NONE', *, *, #1547, .T. ) ;
#54 = CIRCLE ( 'NONE', #158, 1.725000000000004308 ) ;
#55 = ADVANCED_BREP_SHAPE_REPRESENTATION ( 'mocap_space', ( #1503, #450 ), #1015 ) ;
#56 = PRESENTATION_LAYER_ASSIGNMENT (  '', '', ( #738 ) ) ;
#57 = FACE_OUTER_BOUND ( 'NONE', #1094, .T. ) ;
#58 = ORIENTED_EDGE ( 'NONE', *, *, #746, .T. ) ;
#59 = ADVANCED_FACE ( 'NONE', ( #764 ), #755, .T. ) ;
#60 = DIRECTION ( 'NONE',  ( -0.000000000000000000, 1.000000000000000000, -0.000000000000000000 ) ) ;
#61 = DIRECTION ( 'NONE',  ( -0.000000000000000000, 1.000000000000000000, 2.602085213965210149E-16 ) ) ;
#62 = VERTEX_POINT ( 'NONE', #1037 ) ;
#63 = ORIENTED_EDGE ( 'NONE', *, *, #1292, .T. ) ;
#64 = EDGE_CURVE ( 'NONE', #1847, #678, #1665, .T. ) ;
#65 = DIRECTION ( 'NONE',  ( 0.000000000000000000, -1.000000000000000000, 6.938893903907227392E-16 ) ) ;
#66 = ADVANCED_FACE ( 'NONE', ( #1485, #882 ), #1341, .T. ) ;
#67 = FACE_OUTER_BOUND ( 'NONE', #1362, .T. ) ;
#68 = AXIS2_PLACEMENT_3D ( 'NONE', #893, #1494, #135 ) ;
#69 = CARTESIAN_POINT ( 'NONE',  ( 0.000000000000000000, 45.00000000000000711, 40.00000000000000000 ) ) ;
#70 = ORIENTED_EDGE ( 'NONE', *, *, #917, .T. ) ;
#71 = CIRCLE ( 'NONE', #460, 1.700000000000000178 ) ;
#72 = CARTESIAN_POINT ( 'NONE',  ( 5.000000000000000000, 50.00000000000000000, 35.00000000000000000 ) ) ;
#73 = VERTEX_POINT ( 'NONE', #265 ) ;
#74 = EDGE_LOOP ( 'NONE', ( #1304, #253, #935, #406 ) ) ;
#75 = LINE ( 'NONE', #951, #1072 ) ;
#76 = FACE_OUTER_BOUND ( 'NONE', #1918, .T. ) ;
#77 = DIRECTION ( 'NONE',  ( 0.000000000000000000, 1.000000000000000000, 0.000000000000000000 ) ) ;
#78 = CARTESIAN_POINT ( 'NONE',  ( 3.035766082959411626E-15, 50.00000000000000000, 5.000000000000004441 ) ) ;
#79 = VERTEX_POINT ( 'NONE', #143 ) ;
#80 = CARTESIAN_POINT ( 'NONE',  ( 22.70000000000000284, -5.000000000000004441, 4.971240789819478145 ) ) ;
#81 = ORIENTED_EDGE ( 'NONE', *, *, #1145, .T. ) ;
#82 = VERTEX_POINT ( 'NONE', #615 ) ;
#83 = FACE_OUTER_BOUND ( 'NONE', #1894, .T. ) ;
#84 = LINE ( 'NONE', #563, #713 ) ;
#85 = VECTOR ( 'NONE', #1404, 1000.000000000000000 ) ;
#86 = EDGE_CURVE ( 'NONE', #765, #689, #599, .T. ) ;
#87 = DIRECTION ( 'NONE',  ( 1.000000000000000000, 0.000000000000000000, 0.000000000000000000 ) ) ;
#88 = ADVANCED_FACE ( 'NONE', ( #1350 ), #1190, .F. ) ;
#89 = CIRCLE ( 'NONE', #827, 1.725000000000004308 ) ;
#90 = DIRECTION ( 'NONE',  ( 0.000000000000000000, 0.000000000000000000, 1.000000000000000000 ) ) ;
#91 = ORIENTED_EDGE ( 'NONE', *, *, #1270, .F. ) ;
#92 = EDGE_CURVE ( 'NONE', #498, #1734, #1631, .T. ) ;
#93 = VECTOR ( 'NONE', #720, 1000.000000000000000 ) ;
#94 = DIRECTION ( 'NONE',  ( 0.000000000000000000, 1.000000000000000000, 0.000000000000000000 ) ) ;
#95 = PRODUCT_CONTEXT ( 'NONE', #9, 'mechanical' ) ;
#96 = CARTESIAN_POINT ( 'NONE',  ( 0.000000000000000000, 0.000000000000000000, 0.000000000000000000 ) ) ;
#97 = ORIENTED_EDGE ( 'NONE', *, *, #1198, .F. ) ;
#98 = CYLINDRICAL_SURFACE ( 'NONE', #588, 1.700000000000000178 ) ;
#99 = ORIENTED_EDGE ( 'NONE', *, *, #1210, .T. ) ;
#100 = PLANE ( 'NONE',  #1296 ) ;
#101 = VECTOR ( 'NONE', #1768, 1000.000000000000114 ) ;
#102 = DIRECTION ( 'NONE',  ( 0.000000000000000000, 1.734723475976807094E-16, -1.000000000000000000 ) ) ;
#103 = ORIENTED_EDGE ( 'NONE', *, *, #1212, .T. ) ;
#104 = AXIS2_PLACEMENT_3D ( 'NONE', #1655, #1972, #1643 ) ;
#105 = DIRECTION ( 'NONE',  ( -0.6560590289904696393, 8.034405899048992808E-17, 0.7547095802228047656 ) ) ;
#106 = ORIENTED_EDGE ( 'NONE', *, *, #691, .T. ) ;
#107 = VERTEX_POINT ( 'NONE', #1954 ) ;
#108 = CIRCLE ( 'NONE', #1117, 6.150000000000001243 ) ;
#109 = CARTESIAN_POINT ( 'NONE',  ( 0.000000000000000000, 50.00000000000000000, 0.000000000000000000 ) ) ;
#110 = VERTEX_POINT ( 'NONE', #1946 ) ;
#111 = CARTESIAN_POINT ( 'NONE',  ( 19.27500000000000213, 55.00000000000000711, 5.000000000000007105 ) ) ;
#112 = ORIENTED_EDGE ( 'NONE', *, *, #1831, .T. ) ;
#113 = DIRECTION ( 'NONE',  ( -0.000000000000000000, -0.000000000000000000, 1.000000000000000000 ) ) ;
#114 = DIRECTION ( 'NONE',  ( 1.000000000000000000, 0.000000000000000000, 0.000000000000000000 ) ) ;
#115 = DIRECTION ( 'NONE',  ( -0.000000000000000000, 1.000000000000000000, -0.000000000000000000 ) ) ;
#116 = ORIENTED_EDGE ( 'NONE', *, *, #1439, .T. ) ;
#117 = EDGE_CURVE ( 'NONE', #1863, #1666, #1196, .T. ) ;
#118 = CARTESIAN_POINT ( 'NONE',  ( 65.00000000000000000, 50.00000000000000000, 35.00000000000000000 ) ) ;
#119 = ORIENTED_EDGE ( 'NONE', *, *, #1681, .F. ) ;
#120 = EDGE_CURVE ( 'NONE', #168, #567, #1436, .T. ) ;
#121 = CARTESIAN_POINT ( 'NONE',  ( 16.00000000000000000, 50.00000000000000000, 0.000000000000000000 ) ) ;
#122 = AXIS2_PLACEMENT_3D ( 'NONE', #902, #6, #290 ) ;
#123 = DIRECTION ( 'NONE',  ( -0.000000000000000000, 1.000000000000000000, -0.000000000000000000 ) ) ;
#124 = DIRECTION ( 'NONE',  ( -0.000000000000000000, -0.000000000000000000, 1.000000000000000000 ) ) ;
#125 = VERTEX_POINT ( 'NONE', #1055 ) ;
#126 = EDGE_CURVE ( 'NONE', #646, #1874, #1181, .T. ) ;
#127 = VECTOR ( 'NONE', #1078, 1000.000000000000000 ) ;
#128 = AXIS2_PLACEMENT_3D ( 'NONE', #1603, #195, #238 ) ;
#129 = CARTESIAN_POINT ( 'NONE',  ( 21.00000000000000000, 55.00000000000000711, -4.336808689942017736E-15 ) ) ;
#130 = ORIENTED_EDGE ( 'NONE', *, *, #1500, .F. ) ;
#131 = AXIS2_PLACEMENT_3D ( 'NONE', #1220, #1370, #1826 ) ;
#132 = DIRECTION ( 'NONE',  ( -0.000000000000000000, -0.000000000000000000, 1.000000000000000000 ) ) ;
#133 = CARTESIAN_POINT ( 'NONE',  ( 21.00000000000000000, 55.00000000000000711, 5.000000000000007105 ) ) ;
#134 = CIRCLE ( 'NONE', #679, 1.699999999999986189 ) ;
#135 = DIRECTION ( 'NONE',  ( 0.000000000000000000, -0.000000000000000000, -1.000000000000000000 ) ) ;
#136 = ORIENTED_EDGE ( 'NONE', *, *, #1683, .T. ) ;
#137 = AXIS2_PLACEMENT_3D ( 'NONE', #436, #272, #1785 ) ;
#138 = DIRECTION ( 'NONE',  ( -0.000000000000000000, 1.000000000000000000, -0.000000000000000000 ) ) ;
#139 = LINE ( 'NONE', #1041, #501 ) ;
#140 = LINE ( 'NONE', #753, #637 ) ;
#141 = EDGE_CURVE ( 'NONE', #1276, #110, #1660, .T. ) ;
#142 = LINE ( 'NONE', #1801, #1932 ) ;
#143 = CARTESIAN_POINT ( 'NONE',  ( 54.00000000000000711, 60.00000000000000711, 5.000000000000007105 ) ) ;
#144 = ORIENTED_EDGE ( 'NONE', *, *, #1887, .T. ) ;
#145 = DIRECTION ( 'NONE',  ( 1.000000000000000000, 0.000000000000000000, 0.000000000000000000 ) ) ;
#146 = CARTESIAN_POINT ( 'NONE',  ( 65.00000000000000000, 50.00000000000000000, 35.00000000000000000 ) ) ;
#147 = CARTESIAN_POINT ( 'NONE',  ( 70.00000000000000000, 45.00000000000000000, 30.00000000000000000 ) ) ;
#148 = CONICAL_SURFACE ( 'NONE', #1378, 1.725000000000004308, 0.7155849933181046563 ) ;
#149 = ADVANCED_FACE ( 'NONE', ( #1218 ), #153, .F. ) ;
#150 = ADVANCED_FACE ( 'NONE', ( #1361 ), #282, .F. ) ;
#151 = DIRECTION ( 'NONE',  ( 0.000000000000000000, 0.000000000000000000, -1.000000000000000000 ) ) ;
#152 = EDGE_CURVE ( 'NONE', #276, #1065, #1824, .T. ) ;
#153 = CYLINDRICAL_SURFACE ( 'NONE', #104, 1.700000000000000178 ) ;
#154 = ORIENTED_EDGE ( 'NONE', *, *, #630, .T. ) ;
#155 = LINE ( 'NONE', #593, #254 ) ;
#156 = CARTESIAN_POINT ( 'NONE',  ( 16.00000000000000000, 0.000000000000000000, 5.000000000000004441 ) ) ;
#157 = ORIENTED_EDGE ( 'NONE', *, *, #909, .T. ) ;
#158 = AXIS2_PLACEMENT_3D ( 'NONE', #1088, #1677, #488 ) ;
#159 = DIRECTION ( 'NONE',  ( 1.000000000000000000, -0.000000000000000000, -0.000000000000000000 ) ) ;
#160 = CIRCLE ( 'NONE', #1267, 1.725000000000000755 ) ;
#161 = CONICAL_SURFACE ( 'NONE', #25, 1.725000000000004308, 0.7155849933176938737 ) ;
#162 = DIRECTION ( 'NONE',  ( 0.000000000000000000, 0.000000000000000000, 1.000000000000000000 ) ) ;
#163 = CARTESIAN_POINT ( 'NONE',  ( 16.00000000000000000, -9.999999999999994671, 7.225416114969384785E-15 ) ) ;
#164 = ORIENTED_EDGE ( 'NONE', *, *, #1375, .F. ) ;
#165 = AXIS2_PLACEMENT_3D ( 'NONE', #572, #530, #1604 ) ;
#166 = CARTESIAN_POINT ( 'NONE',  ( 26.00000000000000355, 0.000000000000000000, 5.000000000000007994 ) ) ;
#167 = ORIENTED_EDGE ( 'NONE', *, *, #176, .F. ) ;
#168 = VERTEX_POINT ( 'NONE', #1629 ) ;
#169 = DIRECTION ( 'NONE',  ( 0.6560590289904696393, 0.000000000000000000, 0.7547095802228047656 ) ) ;
#170 = DIRECTION ( 'NONE',  ( -0.000000000000000000, -0.000000000000000000, -1.000000000000000000 ) ) ;
#171 = EDGE_LOOP ( 'NONE', ( #852, #1884, #969, #417 ) ) ;
#172 = DIRECTION ( 'NONE',  ( 1.000000000000000000, 0.000000000000000000, 0.000000000000000000 ) ) ;
#173 = ORIENTED_EDGE ( 'NONE', *, *, #182, .T. ) ;
#174 = EDGE_CURVE ( 'NONE', #303, #1699, #589, .T. ) ;
#175 = DIRECTION ( 'NONE',  ( -0.000000000000000000, -1.000000000000000000, -0.000000000000000000 ) ) ;
#176 = EDGE_CURVE ( 'NONE', #646, #1607, #351, .T. ) ;
#177 = DIRECTION ( 'NONE',  ( 0.000000000000000000, 0.000000000000000000, 1.000000000000000000 ) ) ;
#178 = ORIENTED_EDGE ( 'NONE', *, *, #126, .F. ) ;
#179 = DIRECTION ( 'NONE',  ( 1.000000000000000000, -0.000000000000000000, -0.000000000000000000 ) ) ;
#180 = VECTOR ( 'NONE', #461, 1000.000000000000000 ) ;
#181 = DIRECTION ( 'NONE',  ( 0.000000000000000000, 0.7547095802225126659, 0.6560590289908057038 ) ) ;
#182 = EDGE_CURVE ( 'NONE', #1443, #401, #489, .T. ) ;
#183 = EDGE_LOOP ( 'NONE', ( #1412, #698 ) ) ;
#184 = VERTEX_POINT ( 'NONE', #1691 ) ;
#185 = CARTESIAN_POINT ( 'NONE',  ( 60.00000000000000711, 4.999999999999997335, 39.99999999999999289 ) ) ;
#186 = AXIS2_PLACEMENT_3D ( 'NONE', #1931, #1186, #1174 ) ;
#187 = VECTOR ( 'NONE', #1246, 1000.000000000000000 ) ;
#188 = AXIS2_PLACEMENT_3D ( 'NONE', #897, #285, #1686 ) ;
#189 = DIRECTION ( 'NONE',  ( -0.000000000000000000, -0.000000000000000000, 1.000000000000000000 ) ) ;
#190 = ORIENTED_EDGE ( 'NONE', *, *, #1410, .T. ) ;
#191 = CARTESIAN_POINT ( 'NONE',  ( 47.30000000000001847, -5.000000000000004441, 5.000000000000005329 ) ) ;
#192 = LINE ( 'NONE', #803, #797 ) ;
#193 = VERTEX_POINT ( 'NONE', #343 ) ;
#194 = EDGE_LOOP ( 'NONE', ( #616, #1252, #1807, #697 ) ) ;
#195 = DIRECTION ( 'NONE',  ( 1.000000000000000000, 0.000000000000000000, 0.000000000000000000 ) ) ;
#196 = LINE ( 'NONE', #241, #819 ) ;
#197 = VECTOR ( 'NONE', #473, 1000.000000000000000 ) ;
#198 = EDGE_CURVE ( 'NONE', #1699, #303, #71, .T. ) ;
#199 = DIRECTION ( 'NONE',  ( 0.000000000000000000, 1.000000000000000000, -0.000000000000000000 ) ) ;
#200 = ORIENTED_EDGE ( 'NONE', *, *, #861, .T. ) ;
#201 = UNCERTAINTY_MEASURE_WITH_UNIT (LENGTH_MEASURE( 1.000000000000000082E-05 ), #502, 'distance_accuracy_value', 'NONE');
#202 = SURFACE_STYLE_FILL_AREA ( #1701 ) ;
#203 = DIRECTION ( 'NONE',  ( -0.000000000000000000, 1.000000000000000000, 2.602085213965210149E-16 ) ) ;
#204 = ORIENTED_EDGE ( 'NONE', *, *, #1588, .F. ) ;
#205 = ORIENTED_EDGE ( 'NONE', *, *, #1347, .T. ) ;
#206 = CARTESIAN_POINT ( 'NONE',  ( 21.00000000000000000, 55.00000000000000711, 4.971240789819478145 ) ) ;
#207 = CARTESIAN_POINT ( 'NONE',  ( 60.00000000000000711, 45.00000000000000711, 40.00000000000000000 ) ) ;
#208 = VERTEX_POINT ( 'NONE', #309 ) ;
#209 = EDGE_CURVE ( 'NONE', #709, #79, #800, .T. ) ;
#210 = CARTESIAN_POINT ( 'NONE',  ( 26.00000000000000355, 50.00000000000000000, 9.000000000000003553 ) ) ;
#211 = ORIENTED_EDGE ( 'NONE', *, *, #1560, .F. ) ;
#212 = ADVANCED_FACE ( 'NONE', ( #1524 ), #1243, .F. ) ;
#213 = LINE ( 'NONE', #802, #1389 ) ;
#214 = ADVANCED_FACE ( 'NONE', ( #1396, #1698 ), #921, .F. ) ;
#215 = LINE ( 'NONE', #1845, #1238 ) ;
#216 = ORIENTED_EDGE ( 'NONE', *, *, #1324, .T. ) ;
#217 = ORIENTED_EDGE ( 'NONE', *, *, #799, .T. ) ;
#218 = CARTESIAN_POINT ( 'NONE',  ( 3.035766082959411626E-15, 0.000000000000000000, 5.000000000000004441 ) ) ;
#219 = CARTESIAN_POINT ( 'NONE',  ( 21.00000000000000000, 55.00000000000000711, 5.000000000000007105 ) ) ;
#220 = ORIENTED_EDGE ( 'NONE', *, *, #385, .T. ) ;
#221 = VECTOR ( 'NONE', #1194, 1000.000000000000000 ) ;
#222 = VECTOR ( 'NONE', #1797, 1000.000000000000000 ) ;
#223 = CARTESIAN_POINT ( 'NONE',  ( 47.27500000000001279, -5.000000000000004441, 5.000000000000007105 ) ) ;
#224 = ORIENTED_EDGE ( 'NONE', *, *, #1767, .F. ) ;
#225 = LINE ( 'NONE', #1421, #1810 ) ;
#226 = ORIENTED_EDGE ( 'NONE', *, *, #884, .F. ) ;
#227 = VERTEX_POINT ( 'NONE', #318 ) ;
#228 = DIRECTION ( 'NONE',  ( -0.000000000000000000, 1.000000000000000000, -0.000000000000000000 ) ) ;
#229 = CARTESIAN_POINT ( 'NONE',  ( 16.00000000000000000, -9.999999999999994671, 5.000000000000007105 ) ) ;
#230 = FACE_OUTER_BOUND ( 'NONE', #968, .T. ) ;
#231 = CARTESIAN_POINT ( 'NONE',  ( 19.30000000000000071, -5.000000000000004441, 4.971240789819478145 ) ) ;
#232 = VERTEX_POINT ( 'NONE', #1710 ) ;
#233 = AXIS2_PLACEMENT_3D ( 'NONE', #1430, #1442, #1606 ) ;
#234 = CARTESIAN_POINT ( 'NONE',  ( 10.00000000000000000, 5.000000000000000000, 29.99999999999999289 ) ) ;
#235 = FACE_OUTER_BOUND ( 'NONE', #1557, .T. ) ;
#236 = ORIENTED_EDGE ( 'NONE', *, *, #1405, .T. ) ;
#237 = EDGE_CURVE ( 'NONE', #1866, #1474, #1098, .T. ) ;
#238 = DIRECTION ( 'NONE',  ( 0.000000000000000000, 0.000000000000000000, -1.000000000000000000 ) ) ;
#239 = FACE_OUTER_BOUND ( 'NONE', #194, .T. ) ;
#240 = ADVANCED_FACE ( 'NONE', ( #1833 ), #934, .F. ) ;
#241 = CARTESIAN_POINT ( 'NONE',  ( 26.00000000000000355, 0.000000000000000000, 40.00000000000000000 ) ) ;
#242 = EDGE_CURVE ( 'NONE', #79, #1863, #551, .T. ) ;
#243 = CARTESIAN_POINT ( 'NONE',  ( 22.69999999999999929, 55.00000000000000711, -4.336808689942017736E-15 ) ) ;
#244 = ORIENTED_EDGE ( 'NONE', *, *, #684, .T. ) ;
#245 = CARTESIAN_POINT ( 'NONE',  ( 16.00000000000000000, -9.999999999999994671, 5.000000000000007105 ) ) ;
#246 = ORIENTED_EDGE ( 'NONE', *, *, #356, .F. ) ;
#247 = ORIENTED_EDGE ( 'NONE', *, *, #300, .F. ) ;
#248 = CARTESIAN_POINT ( 'NONE',  ( 5.000000000000000000, 50.00000000000000000, 33.27499999999999858 ) ) ;
#249 = PLANE ( 'NONE',  #186 ) ;
#250 = VECTOR ( 'NONE', #1049, 1000.000000000000000 ) ;
#251 = VECTOR ( 'NONE', #506, 1000.000000000000000 ) ;
#252 = FACE_BOUND ( 'NONE', #1930, .T. ) ;
#253 = ORIENTED_EDGE ( 'NONE', *, *, #1315, .T. ) ;
#254 = VECTOR ( 'NONE', #1805, 1000.000000000000000 ) ;
#255 = LINE ( 'NONE', #1180, #93 ) ;
#256 = ORIENTED_EDGE ( 'NONE', *, *, #1289, .F. ) ;
#257 = ORIENTED_EDGE ( 'NONE', *, *, #198, .T. ) ;
#258 = PLANE ( 'NONE',  #1602 ) ;
#259 = ORIENTED_EDGE ( 'NONE', *, *, #1292, .F. ) ;
#260 = DIRECTION ( 'NONE',  ( -0.000000000000000000, -0.000000000000000000, 1.000000000000000000 ) ) ;
#261 = ORIENTED_EDGE ( 'NONE', *, *, #1728, .T. ) ;
#262 = EDGE_CURVE ( 'NONE', #813, #110, #651, .T. ) ;
#263 = AXIS2_PLACEMENT_3D ( 'NONE', #1916, #1576, #1765 ) ;
#264 = PLANE ( 'NONE',  #1104 ) ;
#265 = CARTESIAN_POINT ( 'NONE',  ( 44.00000000000000711, 50.00000000000000000, 5.000000000000007994 ) ) ;
#266 = ORIENTED_EDGE ( 'NONE', *, *, #1479, .T. ) ;
#267 = FACE_OUTER_BOUND ( 'NONE', #1704, .T. ) ;
#268 = ORIENTED_EDGE ( 'NONE', *, *, #940, .T. ) ;
#269 = DIRECTION ( 'NONE',  ( 0.000000000000000000, 0.000000000000000000, 1.000000000000000000 ) ) ;
#270 = EDGE_CURVE ( 'NONE', #980, #1478, #1090, .T. ) ;
#271 = DIRECTION ( 'NONE',  ( -0.000000000000000000, 1.000000000000000000, -0.000000000000000000 ) ) ;
#272 = DIRECTION ( 'NONE',  ( 0.000000000000000000, 1.000000000000000000, -6.938893903907227392E-16 ) ) ;
#273 = VERTEX_POINT ( 'NONE', #1251 ) ;
#274 = EDGE_CURVE ( 'NONE', #1103, #1666, #108, .T. ) ;
#275 = DIRECTION ( 'NONE',  ( -0.000000000000000000, 1.000000000000000000, -0.000000000000000000 ) ) ;
#276 = VERTEX_POINT ( 'NONE', #660 ) ;
#277 = DIRECTION ( 'NONE',  ( -1.000000000000000000, -0.000000000000000000, -0.000000000000000000 ) ) ;
#278 = AXIS2_PLACEMENT_3D ( 'NONE', #1340, #597, #455 ) ;
#279 = FACE_OUTER_BOUND ( 'NONE', #1745, .T. ) ;
#280 = VECTOR ( 'NONE', #1605, 1000.000000000000000 ) ;
#281 = AXIS2_PLACEMENT_3D ( 'NONE', #1140, #496, #349 ) ;
#282 = PLANE ( 'NONE',  #68 ) ;
#283 = ORIENTED_EDGE ( 'NONE', *, *, #1176, .T. ) ;
#284 = VECTOR ( 'NONE', #94, 1000.000000000000000 ) ;
#285 = DIRECTION ( 'NONE',  ( 0.000000000000000000, -1.000000000000000000, 6.938893903907227392E-16 ) ) ;
#286 = AXIS2_PLACEMENT_3D ( 'NONE', #581, #1475, #1283 ) ;
#287 = CARTESIAN_POINT ( 'NONE',  ( 44.00000000000000711, 0.000000000000000000, 9.000000000000003553 ) ) ;
#288 = EDGE_CURVE ( 'NONE', #12, #421, #26, .T. ) ;
#289 = DIRECTION ( 'NONE',  ( 0.000000000000000000, 1.000000000000000000, 0.000000000000000000 ) ) ;
#290 = DIRECTION ( 'NONE',  ( 1.000000000000000000, 0.000000000000000000, 0.000000000000000000 ) ) ;
#291 = CARTESIAN_POINT ( 'NONE',  ( 54.00000000000000711, 0.000000000000000000, 40.00000000000000000 ) ) ;
#292 = EDGE_LOOP ( 'NONE', ( #268, #396 ) ) ;
#293 = VECTOR ( 'NONE', #1795, 1000.000000000000000 ) ;
#294 = CARTESIAN_POINT ( 'NONE',  ( 10.00000000000000000, 45.00000000000000711, 40.00000000000000000 ) ) ;
#295 = EDGE_CURVE ( 'NONE', #1638, #82, #1919, .T. ) ;
#296 = CARTESIAN_POINT ( 'NONE',  ( 5.000000000000000000, 0.000000000000000000, 33.30000000000001137 ) ) ;
#297 = ORIENTED_EDGE ( 'NONE', *, *, #1145, .F. ) ;
#298 = CARTESIAN_POINT ( 'NONE',  ( 70.00000000000000000, 45.00000000000000000, 30.00000000000000000 ) ) ;
#299 = ADVANCED_FACE ( 'NONE', ( #1539 ), #1859, .F. ) ;
#300 = EDGE_CURVE ( 'NONE', #813, #1065, #1406, .T. ) ;
#301 = CARTESIAN_POINT ( 'NONE',  ( 54.00000000000000711, -9.999999999999994671, 7.225416114969384785E-15 ) ) ;
#302 = CARTESIAN_POINT ( 'NONE',  ( 49.00000000000001421, -5.000000000000004441, -4.336808689942017736E-15 ) ) ;
#303 = VERTEX_POINT ( 'NONE', #231 ) ;
#304 = CARTESIAN_POINT ( 'NONE',  ( 65.00000000000000000, 45.00000000000000000, 33.30000000000001137 ) ) ;
#305 = CARTESIAN_POINT ( 'NONE',  ( 65.00000000000000000, 45.00000000000000000, 35.00000000000000000 ) ) ;
#306 = DIRECTION ( 'NONE',  ( -0.000000000000000000, 6.938893903907227392E-16, 1.000000000000000000 ) ) ;
#307 = VECTOR ( 'NONE', #594, 1000.000000000000000 ) ;
#308 = LINE ( 'NONE', #443, #1384 ) ;
#309 = CARTESIAN_POINT ( 'NONE',  ( 5.000000000000000000, 50.00000000000000000, 33.27499999999999858 ) ) ;
#310 = EDGE_LOOP ( 'NONE', ( #1257, #58, #490, #404 ) ) ;
#311 = DIRECTION ( 'NONE',  ( 1.000000000000000000, 0.000000000000000000, 0.000000000000000000 ) ) ;
#312 = CARTESIAN_POINT ( 'NONE',  ( 60.00000000000000711, 45.00000000000000711, 40.00000000000000000 ) ) ;
#313 = VERTEX_POINT ( 'NONE', #1752 ) ;
#314 = AXIS2_PLACEMENT_3D ( 'NONE', #1278, #1736, #1558 ) ;
#315 = CARTESIAN_POINT ( 'NONE',  ( 35.00000000000000000, -9.999999999999994671, 6.150000000000003908 ) ) ;
#316 = VECTOR ( 'NONE', #28, 1000.000000000000000 ) ;
#317 = CARTESIAN_POINT ( 'NONE',  ( 44.00000000000000711, -9.999999999999994671, 5.000000000000007994 ) ) ;
#318 = CARTESIAN_POINT ( 'NONE',  ( 50.72500000000002274, -5.000000000000004441, 5.000000000000007105 ) ) ;
#319 = VERTEX_POINT ( 'NONE', #1157 ) ;
#320 = EDGE_CURVE ( 'NONE', #335, #1866, #1614, .T. ) ;
#321 = ADVANCED_FACE ( 'NONE', ( #1133 ), #1762, .T. ) ;
#322 = CYLINDRICAL_SURFACE ( 'NONE', #1908, 1.700000000000000178 ) ;
#323 = EDGE_LOOP ( 'NONE', ( #756, #1774 ) ) ;
#324 = CARTESIAN_POINT ( 'NONE',  ( 0.000000000000000000, 50.00000000000000000, 40.00000000000000000 ) ) ;
#325 = CIRCLE ( 'NONE', #5, 1.699999999999993072 ) ;
#326 = EDGE_CURVE ( 'NONE', #1478, #1474, #1729, .T. ) ;
#327 = DIRECTION ( 'NONE',  ( 0.000000000000000000, 0.000000000000000000, -1.000000000000000000 ) ) ;
#328 = ORIENTED_EDGE ( 'NONE', *, *, #766, .T. ) ;
#329 = CARTESIAN_POINT ( 'NONE',  ( 16.00000000000000000, 60.00000000000000711, 5.000000000000007105 ) ) ;
#330 = DIRECTION ( 'NONE',  ( -0.000000000000000000, -0.000000000000000000, 1.000000000000000000 ) ) ;
#331 = EDGE_LOOP ( 'NONE', ( #91, #1509, #528, #297 ) ) ;
#332 = ORIENTED_EDGE ( 'NONE', *, *, #1477, .T. ) ;
#333 = DIRECTION ( 'NONE',  ( 0.000000000000000000, 0.000000000000000000, 1.000000000000000000 ) ) ;
#334 = DIRECTION ( 'NONE',  ( 1.000000000000000000, -0.000000000000000000, -8.673617379884034239E-17 ) ) ;
#335 = VERTEX_POINT ( 'NONE', #210 ) ;
#336 = VECTOR ( 'NONE', #606, 1000.000000000000000 ) ;
#337 = CARTESIAN_POINT ( 'NONE',  ( 65.00000000000000000, 50.00000000000000000, 36.69999999999999574 ) ) ;
#338 = ORIENTED_EDGE ( 'NONE', *, *, #1089, .T. ) ;
#339 = ORIENTED_EDGE ( 'NONE', *, *, #3, .F. ) ;
#340 = CARTESIAN_POINT ( 'NONE',  ( 19.27500000000000213, -5.000000000000004441, 5.000000000000007105 ) ) ;
#341 = EDGE_CURVE ( 'NONE', #991, #1863, #512, .T. ) ;
#342 = AXIS2_PLACEMENT_3D ( 'NONE', #1693, #1882, #820 ) ;
#343 = CARTESIAN_POINT ( 'NONE',  ( 65.00000000000000000, 4.999999999999996447, 36.69999999999999574 ) ) ;
#344 = VERTEX_POINT ( 'NONE', #243 ) ;
#345 = DIRECTION ( 'NONE',  ( -0.000000000000000000, -0.000000000000000000, 1.000000000000000000 ) ) ;
#346 = CARTESIAN_POINT ( 'NONE',  ( 19.27500000000000213, 55.00000000000000711, 5.000000000000007105 ) ) ;
#347 = ORIENTED_EDGE ( 'NONE', *, *, #1531, .T. ) ;
#348 = ORIENTED_EDGE ( 'NONE', *, *, #1739, .T. ) ;
#349 = DIRECTION ( 'NONE',  ( 0.000000000000000000, 0.000000000000000000, 1.000000000000000000 ) ) ;
#350 = ADVANCED_FACE ( 'NONE', ( #57 ), #817, .F. ) ;
#351 = CIRCLE ( 'NONE', #1468, 1.699999999999993072 ) ;
#352 = DIRECTION ( 'NONE',  ( -1.000000000000000000, 0.000000000000000000, 0.000000000000000000 ) ) ;
#353 = ADVANCED_FACE ( 'NONE', ( #1418, #252, #1869 ), #1595, .F. ) ;
#354 = CIRCLE ( 'NONE', #1790, 1.700000000000000178 ) ;
#355 = ORIENTED_EDGE ( 'NONE', *, *, #242, .F. ) ;
#356 = EDGE_CURVE ( 'NONE', #1866, #573, #547, .T. ) ;
#357 = CARTESIAN_POINT ( 'NONE',  ( 16.00000000000000000, 60.00000000000000711, 5.000000000000007105 ) ) ;
#358 = ORIENTED_EDGE ( 'NONE', *, *, #300, .T. ) ;
#359 = CARTESIAN_POINT ( 'NONE',  ( 5.000000000000000000, 50.00000000000000000, 35.00000000000000000 ) ) ;
#360 = CYLINDRICAL_SURFACE ( 'NONE', #1841, 1.700000000000000178 ) ;
#361 = ORIENTED_EDGE ( 'NONE', *, *, #746, .F. ) ;
#362 = ORIENTED_EDGE ( 'NONE', *, *, #1089, .F. ) ;
#363 = DIRECTION ( 'NONE',  ( 0.000000000000000000, 0.000000000000000000, 1.000000000000000000 ) ) ;
#364 = FACE_OUTER_BOUND ( 'NONE', #873, .T. ) ;
#365 = EDGE_LOOP ( 'NONE', ( #619, #1583, #1453, #362 ) ) ;
#366 = DIRECTION ( 'NONE',  ( 0.000000000000000000, 0.000000000000000000, -1.000000000000000000 ) ) ;
#367 = ORIENTED_EDGE ( 'NONE', *, *, #1831, .F. ) ;
#368 = CARTESIAN_POINT ( 'NONE',  ( 0.000000000000000000, 45.00000000000000000, 30.00000000000000000 ) ) ;
#369 = CARTESIAN_POINT ( 'NONE',  ( 21.00000000000000000, -5.000000000000004441, 5.000000000000007105 ) ) ;
#370 = ORIENTED_EDGE ( 'NONE', *, *, #1358, .T. ) ;
#371 = ORIENTED_EDGE ( 'NONE', *, *, #620, .T. ) ;
#372 = LINE ( 'NONE', #1286, #737 ) ;
#373 = DIRECTION ( 'NONE',  ( 0.000000000000000000, 5.102127870520041690E-16, -1.000000000000000000 ) ) ;
#374 = FACE_OUTER_BOUND ( 'NONE', #1099, .T. ) ;
#375 = CIRCLE ( 'NONE', #919, 1.699999999999993072 ) ;
#376 = VECTOR ( 'NONE', #1748, 1000.000000000000000 ) ;
#377 = CYLINDRICAL_SURFACE ( 'NONE', #901, 1.699999999999996625 ) ;
#378 = EDGE_LOOP ( 'NONE', ( #1191, #167 ) ) ;
#379 = AXIS2_PLACEMENT_3D ( 'NONE', #1451, #87, #701 ) ;
#380 = AXIS2_PLACEMENT_3D ( 'NONE', #1694, #61, #1575 ) ;
#381 = DIRECTION ( 'NONE',  ( -0.000000000000000000, -0.000000000000000000, 1.000000000000000000 ) ) ;
#382 = CARTESIAN_POINT ( 'NONE',  ( 44.00000000000000711, 50.00000000000000000, 40.00000000000000000 ) ) ;
#383 = EDGE_CURVE ( 'NONE', #1692, #523, #694, .T. ) ;
#384 = ORIENTED_EDGE ( 'NONE', *, *, #1597, .T. ) ;
#385 = EDGE_CURVE ( 'NONE', #1285, #998, #1111, .T. ) ;
#386 = CARTESIAN_POINT ( 'NONE',  ( 22.70000000000000284, 55.00000000000000711, 4.971240789819478145 ) ) ;
#387 = CARTESIAN_POINT ( 'NONE',  ( 5.000000000000000000, 50.00000000000000000, 36.69999999999999574 ) ) ;
#388 = CARTESIAN_POINT ( 'NONE',  ( 70.00000000000000000, 0.000000000000000000, 0.000000000000000000 ) ) ;
#389 = AXIS2_PLACEMENT_3D ( 'NONE', #582, #1018, #903 ) ;
#390 = AXIS2_PLACEMENT_3D ( 'NONE', #1260, #1079, #789 ) ;
#391 = CARTESIAN_POINT ( 'NONE',  ( 54.00000000000000711, -9.999999999999994671, 5.000000000000007105 ) ) ;
#392 = EDGE_LOOP ( 'NONE', ( #786, #1138, #1870, #1466 ) ) ;
#393 = EDGE_CURVE ( 'NONE', #999, #313, #1005, .T. ) ;
#394 = CARTESIAN_POINT ( 'NONE',  ( 19.27500000000000213, -5.000000000000004441, 5.000000000000007105 ) ) ;
#395 = LINE ( 'NONE', #382, #1024 ) ;
#396 = ORIENTED_EDGE ( 'NONE', *, *, #120, .T. ) ;
#397 = CARTESIAN_POINT ( 'NONE',  ( 26.00000000000000355, 60.00000000000000711, 5.000000000000007994 ) ) ;
#398 = CYLINDRICAL_SURFACE ( 'NONE', #1339, 1.699999999999993072 ) ;
#399 = CARTESIAN_POINT ( 'NONE',  ( 65.00000000000000000, 49.97124078981948969, 36.69999999999999574 ) ) ;
#400 = DIRECTION ( 'NONE',  ( 0.000000000000000000, 1.000000000000000000, 1.734723475976807094E-16 ) ) ;
#401 = VERTEX_POINT ( 'NONE', #1124 ) ;
#402 = CARTESIAN_POINT ( 'NONE',  ( 5.000000000000000000, 45.00000000000000000, 36.69999999999999574 ) ) ;
#403 = FACE_BOUND ( 'NONE', #570, .T. ) ;
#404 = ORIENTED_EDGE ( 'NONE', *, *, #598, .F. ) ;
#405 = CARTESIAN_POINT ( 'NONE',  ( 50.70000000000001705, -5.000000000000004441, -4.336808689942017736E-15 ) ) ;
#406 = ORIENTED_EDGE ( 'NONE', *, *, #1920, .F. ) ;
#407 = CIRCLE ( 'NONE', #1802, 1.699999999999993072 ) ;
#408 = CARTESIAN_POINT ( 'NONE',  ( 21.00000000000000000, -5.000000000000004441, -4.336808689942017736E-15 ) ) ;
#409 = AXIS2_PLACEMENT_3D ( 'NONE', #133, #1682, #1945 ) ;
#410 = EDGE_CURVE ( 'NONE', #184, #912, #354, .T. ) ;
#411 = AXIS2_PLACEMENT_3D ( 'NONE', #1594, #352, #1751 ) ;
#412 = AXIS2_PLACEMENT_3D ( 'NONE', #1952, #1165, #735 ) ;
#413 = DIRECTION ( 'NONE',  ( 1.000000000000000000, 0.000000000000000000, 0.000000000000000000 ) ) ;
#414 = VERTEX_POINT ( 'NONE', #69 ) ;
#415 = VECTOR ( 'NONE', #976, 1000.000000000000000 ) ;
#416 = DIRECTION ( 'NONE',  ( 0.000000000000000000, -1.000000000000000000, -2.602085213965210149E-16 ) ) ;
#417 = ORIENTED_EDGE ( 'NONE', *, *, #825, .T. ) ;
#418 = VERTEX_POINT ( 'NONE', #223 ) ;
#419 = PRODUCT_DEFINITION_FORMATION_WITH_SPECIFIED_SOURCE ( 'ANY', '', #1901, .NOT_KNOWN. ) ;
#420 = DIRECTION ( 'NONE',  ( -0.000000000000000000, -0.000000000000000000, 1.000000000000000000 ) ) ;
#421 = VERTEX_POINT ( 'NONE', #831 ) ;
#422 = EDGE_CURVE ( 'NONE', #457, #79, #704, .T. ) ;
#423 = CARTESIAN_POINT ( 'NONE',  ( 16.00000000000000000, -9.999999999999994671, 7.225416114969384785E-15 ) ) ;
#424 = CIRCLE ( 'NONE', #872, 1.700000000000000178 ) ;
#425 = ADVANCED_FACE ( 'NONE', ( #1281 ), #1452, .F. ) ;
#426 = EDGE_LOOP ( 'NONE', ( #793, #1769, #99, #1563, #1818, #586, #824, #721, #216, #1891, #673, #190 ) ) ;
#427 = ADVANCED_FACE ( 'NONE', ( #533 ), #377, .F. ) ;
#428 = DIRECTION ( 'NONE',  ( 1.000000000000000000, 0.000000000000000000, 0.000000000000000000 ) ) ;
#429 = CARTESIAN_POINT ( 'NONE',  ( 5.000000000000000000, 50.00000000000000000, 33.30000000000001137 ) ) ;
#430 = EDGE_LOOP ( 'NONE', ( #259, #1033 ) ) ;
#431 = VECTOR ( 'NONE', #1740, 1000.000000000000000 ) ;
#432 = FACE_OUTER_BOUND ( 'NONE', #1746, .T. ) ;
#433 = ORIENTED_EDGE ( 'NONE', *, *, #722, .F. ) ;
#434 = CARTESIAN_POINT ( 'NONE',  ( 35.00000000000000000, 60.00000000000000711, 6.150000000000003908 ) ) ;
#435 = LINE ( 'NONE', #762, #1518 ) ;
#436 = CARTESIAN_POINT ( 'NONE',  ( 65.00000000000000000, 45.00000000000000000, 35.00000000000000000 ) ) ;
#437 = ORIENTED_EDGE ( 'NONE', *, *, #1463, .T. ) ;
#438 = FACE_BOUND ( 'NONE', #1966, .T. ) ;
#439 = LINE ( 'NONE', #312, #604 ) ;
#440 = DIRECTION ( 'NONE',  ( -0.000000000000000000, 1.000000000000000000, -0.000000000000000000 ) ) ;
#441 = VECTOR ( 'NONE', #892, 1000.000000000000000 ) ;
#442 = ADVANCED_FACE ( 'NONE', ( #1310 ), #1924, .F. ) ;
#443 = CARTESIAN_POINT ( 'NONE',  ( 16.00000000000000000, 50.00000000000000000, 40.00000000000000000 ) ) ;
#444 = VECTOR ( 'NONE', #576, 1000.000000000000000 ) ;
#445 = DIRECTION ( 'NONE',  ( -0.000000000000000000, -0.000000000000000000, 1.000000000000000000 ) ) ;
#446 = ORIENTED_EDGE ( 'NONE', *, *, #535, .T. ) ;
#447 = AXIS2_PLACEMENT_3D ( 'NONE', #1909, #1758, #553 ) ;
#448 = DIRECTION ( 'NONE',  ( -0.000000000000000000, -1.000000000000000000, -0.000000000000000000 ) ) ;
#449 = EDGE_CURVE ( 'NONE', #18, #538, #1438, .T. ) ;
#450 = AXIS2_PLACEMENT_3D ( 'NONE', #1744, #537, #114 ) ;
#451 = DIRECTION ( 'NONE',  ( 0.6560590289905214867, 0.000000000000000000, 0.7547095802227596906 ) ) ;
#452 = EDGE_LOOP ( 'NONE', ( #1294, #1673, #801, #257 ) ) ;
#453 = EDGE_CURVE ( 'NONE', #1836, #39, #424, .T. ) ;
#454 = DIRECTION ( 'NONE',  ( -1.000000000000000000, -0.000000000000000000, -0.000000000000000000 ) ) ;
#455 = DIRECTION ( 'NONE',  ( 0.000000000000000000, 0.000000000000000000, 1.000000000000000000 ) ) ;
#456 = DIRECTION ( 'NONE',  ( 0.000000000000000000, 0.000000000000000000, 1.000000000000000000 ) ) ;
#457 = VERTEX_POINT ( 'NONE', #1593 ) ;
#458 = AXIS2_PLACEMENT_3D ( 'NONE', #569, #875, #1935 ) ;
#459 = DIRECTION ( 'NONE',  ( -8.673617379884034239E-17, 0.000000000000000000, 1.000000000000000000 ) ) ;
#460 = AXIS2_PLACEMENT_3D ( 'NONE', #1064, #7, #1850 ) ;
#461 = DIRECTION ( 'NONE',  ( -0.000000000000000000, -0.000000000000000000, -1.000000000000000000 ) ) ;
#462 = DIRECTION ( 'NONE',  ( -0.000000000000000000, -1.000000000000000000, -0.000000000000000000 ) ) ;
#463 = CARTESIAN_POINT ( 'NONE',  ( 21.00000000000000000, 55.00000000000000711, 5.000000000000005329 ) ) ;
#464 = DIRECTION ( 'NONE',  ( 0.000000000000000000, 1.000000000000000000, 0.000000000000000000 ) ) ;
#465 = ORIENTED_EDGE ( 'NONE', *, *, #1121, .T. ) ;
#466 = CARTESIAN_POINT ( 'NONE',  ( 21.00000000000000000, 55.00000000000000711, -4.336808689942017736E-15 ) ) ;
#467 = CARTESIAN_POINT ( 'NONE',  ( 50.72500000000002274, -5.000000000000004441, 5.000000000000007105 ) ) ;
#468 = DIRECTION ( 'NONE',  ( -0.000000000000000000, -0.000000000000000000, 1.000000000000000000 ) ) ;
#469 = ADVANCED_FACE ( 'NONE', ( #1306 ), #1779, .F. ) ;
#470 = ADVANCED_FACE ( 'NONE', ( #267 ), #1634, .F. ) ;
#471 = VECTOR ( 'NONE', #123, 1000.000000000000000 ) ;
#472 = DIRECTION ( 'NONE',  ( -1.000000000000000000, -0.000000000000000000, -0.000000000000000000 ) ) ;
#473 = DIRECTION ( 'NONE',  ( -1.000000000000000000, -0.000000000000000000, -0.000000000000000000 ) ) ;
#474 = ORIENTED_EDGE ( 'NONE', *, *, #1, .F. ) ;
#475 = CARTESIAN_POINT ( 'NONE',  ( 19.30000000000000071, 55.00000000000000711, 4.971240789819478145 ) ) ;
#476 = ORIENTED_EDGE ( 'NONE', *, *, #766, .F. ) ;
#477 = AXIS2_PLACEMENT_3D ( 'NONE', #529, #228, #1105 ) ;
#478 = CARTESIAN_POINT ( 'NONE',  ( 0.000000000000000000, 50.00000000000000000, 9.000000000000001776 ) ) ;
#479 = VECTOR ( 'NONE', #1574, 1000.000000000000000 ) ;
#480 = EDGE_CURVE ( 'NONE', #1786, #193, #325, .T. ) ;
#481 = AXIS2_PLACEMENT_3D ( 'NONE', #931, #459, #913 ) ;
#482 = DIRECTION ( 'NONE',  ( 1.000000000000000000, 0.000000000000000000, 0.000000000000000000 ) ) ;
#483 = VERTEX_POINT ( 'NONE', #1750 ) ;
#484 = CARTESIAN_POINT ( 'NONE',  ( 70.00000000000000000, 4.999999999999997335, 39.99999999999999289 ) ) ;
#485 = CARTESIAN_POINT ( 'NONE',  ( 5.000000000000000000, 49.97124078981948969, 33.30000000000001847 ) ) ;
#486 = ORIENTED_EDGE ( 'NONE', *, *, #850, .T. ) ;
#487 = VERTEX_POINT ( 'NONE', #1921 ) ;
#488 = DIRECTION ( 'NONE',  ( 1.000000000000000000, 0.000000000000000000, 0.000000000000000000 ) ) ;
#489 = LINE ( 'NONE', #1225, #1471 ) ;
#490 = ORIENTED_EDGE ( 'NONE', *, *, #596, .T. ) ;
#491 = LINE ( 'NONE', #368, #767 ) ;
#492 = LINE ( 'NONE', #1093, #1652 ) ;
#493 = ORIENTED_EDGE ( 'NONE', *, *, #141, .F. ) ;
#494 = ADVANCED_FACE ( 'NONE', ( #1760 ), #1663, .F. ) ;
#495 = ORIENTED_EDGE ( 'NONE', *, *, #884, .T. ) ;
#496 = DIRECTION ( 'NONE',  ( 0.000000000000000000, 1.000000000000000000, 0.000000000000000000 ) ) ;
#497 = CARTESIAN_POINT ( 'NONE',  ( 0.000000000000000000, 0.000000000000000000, 40.00000000000000000 ) ) ;
#498 = VERTEX_POINT ( 'NONE', #542 ) ;
#499 = ADVANCED_FACE ( 'NONE', ( #239 ), #398, .F. ) ;
#500 = PRESENTATION_STYLE_ASSIGNMENT (( #37 ) ) ;
#501 = VECTOR ( 'NONE', #1957, 1000.000000000000000 ) ;
#502 =( LENGTH_UNIT ( ) NAMED_UNIT ( * ) SI_UNIT ( .MILLI., .METRE. ) );
#503 = ORIENTED_EDGE ( 'NONE', *, *, #385, .F. ) ;
#504 = ORIENTED_EDGE ( 'NONE', *, *, #717, .F. ) ;
#505 = EDGE_CURVE ( 'NONE', #1607, #1847, #1010, .T. ) ;
#506 = DIRECTION ( 'NONE',  ( 1.000000000000000000, -0.000000000000000000, -0.000000000000000000 ) ) ;
#507 = CIRCLE ( 'NONE', #281, 1.699999999999993072 ) ;
#508 = ADVANCED_FACE ( 'NONE', ( #1142 ), #258, .T. ) ;
#509 = AXIS2_PLACEMENT_3D ( 'NONE', #601, #625, #1948 ) ;
#510 = DIRECTION ( 'NONE',  ( 0.000000000000000000, -0.000000000000000000, 1.000000000000000000 ) ) ;
#511 = ORIENTED_EDGE ( 'NONE', *, *, #1759, .T. ) ;
#512 = LINE ( 'NONE', #995, #1025 ) ;
#513 = ORIENTED_EDGE ( 'NONE', *, *, #449, .F. ) ;
#514 = CARTESIAN_POINT ( 'NONE',  ( 65.00000000000000000, 50.00000000000000000, 36.72500000000000853 ) ) ;
#515 = ORIENTED_EDGE ( 'NONE', *, *, #681, .T. ) ;
#516 = ORIENTED_EDGE ( 'NONE', *, *, #262, .T. ) ;
#517 = DIRECTION ( 'NONE',  ( -0.000000000000000000, -0.000000000000000000, 1.000000000000000000 ) ) ;
#518 = CIRCLE ( 'NONE', #137, 1.699999999999993072 ) ;
#519 = CARTESIAN_POINT ( 'NONE',  ( 54.00000000000000711, 50.00000000000000000, 7.225416114969384785E-15 ) ) ;
#520 = AXIS2_PLACEMENT_3D ( 'NONE', #1773, #566, #1166 ) ;
#521 = ORIENTED_EDGE ( 'NONE', *, *, #1150, .F. ) ;
#522 = CARTESIAN_POINT ( 'NONE',  ( 60.00000000000000711, 45.00000000000000711, 40.00000000000000000 ) ) ;
#523 = VERTEX_POINT ( 'NONE', #711 ) ;
#524 = AXIS2_PLACEMENT_3D ( 'NONE', #1415, #1877, #52 ) ;
#525 = CARTESIAN_POINT ( 'NONE',  ( 70.00000000000000000, 0.000000000000000000, 40.00000000000000000 ) ) ;
#526 = FACE_OUTER_BOUND ( 'NONE', #1095, .T. ) ;
#527 = CARTESIAN_POINT ( 'NONE',  ( 16.00000000000000000, -9.999999999999994671, 5.000000000000007105 ) ) ;
#528 = ORIENTED_EDGE ( 'NONE', *, *, #1683, .F. ) ;
#529 = CARTESIAN_POINT ( 'NONE',  ( 5.000000000000000000, 50.00000000000000000, 35.00000000000000000 ) ) ;
#530 = DIRECTION ( 'NONE',  ( -0.000000000000000000, 1.000000000000000000, -0.000000000000000000 ) ) ;
#531 = LINE ( 'NONE', #961, #1230 ) ;
#532 = EDGE_CURVE ( 'NONE', #1556, #1276, #1021, .T. ) ;
#533 = FACE_OUTER_BOUND ( 'NONE', #49, .T. ) ;
#534 = ORIENTED_EDGE ( 'NONE', *, *, #1150, .T. ) ;
#535 = EDGE_CURVE ( 'NONE', #564, #1622, #84, .T. ) ;
#536 = DIRECTION ( 'NONE',  ( 0.000000000000000000, 0.000000000000000000, 1.000000000000000000 ) ) ;
#537 = DIRECTION ( 'NONE',  ( 0.000000000000000000, 0.000000000000000000, 1.000000000000000000 ) ) ;
#538 = VERTEX_POINT ( 'NONE', #1611 ) ;
#539 = ORIENTED_EDGE ( 'NONE', *, *, #575, .F. ) ;
#540 = AXIS2_PLACEMENT_3D ( 'NONE', #1071, #910, #162 ) ;
#541 = LINE ( 'NONE', #51, #376 ) ;
#542 = CARTESIAN_POINT ( 'NONE',  ( 65.00000000000000000, 50.00000000000000000, 36.72500000000000853 ) ) ;
#543 = CARTESIAN_POINT ( 'NONE',  ( 70.00000000000000000, 50.00000000000000000, 40.00000000000000000 ) ) ;
#544 = VECTOR ( 'NONE', #454, 1000.000000000000000 ) ;
#545 = ADVANCED_FACE ( 'NONE', ( #76 ), #98, .F. ) ;
#546 = AXIS2_PLACEMENT_3D ( 'NONE', #359, #1871, #1712 ) ;
#547 = LINE ( 'NONE', #78, #1216 ) ;
#548 = ORIENTED_EDGE ( 'NONE', *, *, #1198, .T. ) ;
#549 = CONICAL_SURFACE ( 'NONE', #1781, 1.725000000000000755, 0.7155849933176252620 ) ;
#550 = CYLINDRICAL_SURFACE ( 'NONE', #286, 1.699999999999996625 ) ;
#551 = LINE ( 'NONE', #954, #1757 ) ;
#552 = VERTEX_POINT ( 'NONE', #1632 ) ;
#553 = DIRECTION ( 'NONE',  ( 0.000000000000000000, 0.000000000000000000, 1.000000000000000000 ) ) ;
#554 = CARTESIAN_POINT ( 'NONE',  ( 49.00000000000001421, -5.000000000000004441, 4.971240789819478145 ) ) ;
#555 = CARTESIAN_POINT ( 'NONE',  ( 60.00000000000000711, 45.00000000000000000, 30.00000000000000000 ) ) ;
#556 = AXIS2_PLACEMENT_3D ( 'NONE', #1368, #928, #623 ) ;
#557 = CARTESIAN_POINT ( 'NONE',  ( 10.00000000000000000, 4.999999999999997335, 39.99999999999999289 ) ) ;
#558 = ORIENTED_EDGE ( 'NONE', *, *, #1963, .T. ) ;
#559 = CARTESIAN_POINT ( 'NONE',  ( 26.00000000000000355, -9.999999999999994671, 5.000000000000007994 ) ) ;
#560 = FACE_OUTER_BOUND ( 'NONE', #1161, .T. ) ;
#561 = EDGE_LOOP ( 'NONE', ( #1235, #1219, #670, #749, #226, #1307, #247, #516 ) ) ;
#562 = EDGE_CURVE ( 'NONE', #1874, #208, #700, .T. ) ;
#563 = CARTESIAN_POINT ( 'NONE',  ( 54.00000000000000711, -9.999999999999994671, 5.000000000000007105 ) ) ;
#564 = VERTEX_POINT ( 'NONE', #692 ) ;
#565 = DIRECTION ( 'NONE',  ( 0.000000000000000000, 0.000000000000000000, 1.000000000000000000 ) ) ;
#566 = DIRECTION ( 'NONE',  ( -0.000000000000000000, 1.000000000000000000, -0.000000000000000000 ) ) ;
#567 = VERTEX_POINT ( 'NONE', #405 ) ;
#568 = CARTESIAN_POINT ( 'NONE',  ( 41.15000000000000568, 60.00000000000000711, 1.573671136904350243E-15 ) ) ;
#569 = CARTESIAN_POINT ( 'NONE',  ( 0.000000000000000000, 50.00000000000000000, 40.00000000000000000 ) ) ;
#570 = EDGE_LOOP ( 'NONE', ( #1780, #879 ) ) ;
#571 = EDGE_CURVE ( 'NONE', #1122, #1248, #1469, .T. ) ;
#572 = CARTESIAN_POINT ( 'NONE',  ( 35.00000000000000000, -9.999999999999994671, 2.326828918379971365E-15 ) ) ;
#573 = VERTEX_POINT ( 'NONE', #1172 ) ;
#574 = VECTOR ( 'NONE', #275, 1000.000000000000000 ) ;
#575 = EDGE_CURVE ( 'NONE', #273, #689, #1214, .T. ) ;
#576 = DIRECTION ( 'NONE',  ( 0.000000000000000000, 1.000000000000000000, 0.000000000000000000 ) ) ;
#577 = EDGE_CURVE ( 'NONE', #1874, #1847, #134, .T. ) ;
#578 = VECTOR ( 'NONE', #1958, 1000.000000000000000 ) ;
#579 = ORIENTED_EDGE ( 'NONE', *, *, #1176, .F. ) ;
#580 = AXIS2_PLACEMENT_3D ( 'NONE', #1764, #113, #428 ) ;
#581 = CARTESIAN_POINT ( 'NONE',  ( 21.00000000000000000, 55.00000000000000711, 5.000000000000005329 ) ) ;
#582 = CARTESIAN_POINT ( 'NONE',  ( 0.000000000000000000, -9.999999999999994671, 0.000000000000000000 ) ) ;
#583 = ORIENTED_EDGE ( 'NONE', *, *, #410, .T. ) ;
#584 = VECTOR ( 'NONE', #181, 999.9999999999998863 ) ;
#585 = CARTESIAN_POINT ( 'NONE',  ( 44.00000000000000711, 60.00000000000000711, 5.000000000000007994 ) ) ;
#586 = ORIENTED_EDGE ( 'NONE', *, *, #1497, .T. ) ;
#587 = PLANE ( 'NONE',  #1548 ) ;
#588 = AXIS2_PLACEMENT_3D ( 'NONE', #1450, #1287, #848 ) ;
#589 = CIRCLE ( 'NONE', #1820, 1.700000000000000178 ) ;
#590 = CARTESIAN_POINT ( 'NONE',  ( 0.000000000000000000, 5.000000000000000000, 29.99999999999999289 ) ) ;
#591 = DIRECTION ( 'NONE',  ( -0.000000000000000000, 1.000000000000000000, -0.000000000000000000 ) ) ;
#592 = EDGE_LOOP ( 'NONE', ( #1577, #211, #962, #779 ) ) ;
#593 = CARTESIAN_POINT ( 'NONE',  ( 26.00000000000000355, -9.999999999999994671, 5.000000000000007994 ) ) ;
#594 = DIRECTION ( 'NONE',  ( 0.000000000000000000, 1.000000000000000000, 0.000000000000000000 ) ) ;
#595 = LINE ( 'NONE', #1034, #1967 ) ;
#596 = EDGE_CURVE ( 'NONE', #418, #227, #643, .T. ) ;
#597 = DIRECTION ( 'NONE',  ( -0.000000000000000000, 1.000000000000000000, -0.000000000000000000 ) ) ;
#598 = EDGE_CURVE ( 'NONE', #39, #227, #1949, .T. ) ;
#599 = LINE ( 'NONE', #1030, #1052 ) ;
#600 = VERTEX_POINT ( 'NONE', #296 ) ;
#601 = CARTESIAN_POINT ( 'NONE',  ( 21.00000000000000000, 55.00000000000000711, 5.000000000000007105 ) ) ;
#602 = CYLINDRICAL_SURFACE ( 'NONE', #1201, 1.699999999999993072 ) ;
#603 = FACE_OUTER_BOUND ( 'NONE', #331, .T. ) ;
#604 = VECTOR ( 'NONE', #1647, 1000.000000000000000 ) ;
#605 = PRODUCT_RELATED_PRODUCT_CATEGORY ( 'part', '', ( #1901 ) ) ;
#606 = DIRECTION ( 'NONE',  ( -1.000000000000000000, -0.000000000000000000, -0.000000000000000000 ) ) ;
#607 = CIRCLE ( 'NONE', #791, 1.700000000000000178 ) ;
#608 = CARTESIAN_POINT ( 'NONE',  ( 5.000000000000000000, 50.00000000000000000, 36.72500000000000853 ) ) ;
#609 = VERTEX_POINT ( 'NONE', #1067 ) ;
#610 = VECTOR ( 'NONE', #105, 1000.000000000000000 ) ;
#611 = CARTESIAN_POINT ( 'NONE',  ( 16.00000000000000000, -9.999999999999994671, 7.225416114969384785E-15 ) ) ;
#612 = DIRECTION ( 'NONE',  ( 0.000000000000000000, 1.000000000000000000, 0.000000000000000000 ) ) ;
#613 = LINE ( 'NONE', #1545, #1808 ) ;
#614 = LINE ( 'NONE', #1217, #1616 ) ;
#615 = CARTESIAN_POINT ( 'NONE',  ( 22.69999999999999929, -5.000000000000004441, -4.336808689942017736E-15 ) ) ;
#616 = ORIENTED_EDGE ( 'NONE', *, *, #684, .F. ) ;
#617 = FACE_OUTER_BOUND ( 'NONE', #1173, .T. ) ;
#618 = FACE_OUTER_BOUND ( 'NONE', #812, .T. ) ;
#619 = ORIENTED_EDGE ( 'NONE', *, *, #799, .F. ) ;
#620 = EDGE_CURVE ( 'NONE', #344, #686, #1321, .T. ) ;
#621 = DIRECTION ( 'NONE',  ( -0.000000000000000000, 1.000000000000000000, 1.734723475976807094E-16 ) ) ;
#622 = DIRECTION ( 'NONE',  ( 0.000000000000000000, 1.000000000000000000, 0.000000000000000000 ) ) ;
#623 = DIRECTION ( 'NONE',  ( 0.000000000000000000, 6.938893903907227392E-16, 1.000000000000000000 ) ) ;
#624 = ORIENTED_EDGE ( 'NONE', *, *, #1212, .F. ) ;
#625 = DIRECTION ( 'NONE',  ( -0.000000000000000000, -0.000000000000000000, 1.000000000000000000 ) ) ;
#626 = EDGE_CURVE ( 'NONE', #1860, #922, #906, .T. ) ;
#627 = VERTEX_POINT ( 'NONE', #156 ) ;
#628 = ORIENTED_EDGE ( 'NONE', *, *, #198, .F. ) ;
#629 = CARTESIAN_POINT ( 'NONE',  ( 70.00000000000000000, 45.00000000000000711, 40.00000000000000000 ) ) ;
#630 = EDGE_CURVE ( 'NONE', #1285, #1692, #139, .T. ) ;
#631 = CIRCLE ( 'NONE', #278, 1.725000000000004308 ) ;
#632 = CARTESIAN_POINT ( 'NONE',  ( 35.00000000000000000, 60.00000000000000711, 2.326828918379971365E-15 ) ) ;
#633 = ORIENTED_EDGE ( 'NONE', *, *, #1560, .T. ) ;
#634 = CARTESIAN_POINT ( 'NONE',  ( 5.000000000000000000, 4.999999999999997335, 35.00000000000000000 ) ) ;
#635 = ORIENTED_EDGE ( 'NONE', *, *, #1700, .T. ) ;
#636 = ORIENTED_EDGE ( 'NONE', *, *, #1039, .F. ) ;
#637 = VECTOR ( 'NONE', #1069, 1000.000000000000000 ) ;
#638 = VECTOR ( 'NONE', #714, 1000.000000000000000 ) ;
#639 = CARTESIAN_POINT ( 'NONE',  ( 70.00000000000000000, 0.000000000000000000, 40.00000000000000000 ) ) ;
#640 = CIRCLE ( 'NONE', #342, 1.699999999999993072 ) ;
#641 = DIRECTION ( 'NONE',  ( 1.000000000000000000, 0.000000000000000000, 0.000000000000000000 ) ) ;
#642 = ORIENTED_EDGE ( 'NONE', *, *, #1731, .T. ) ;
#643 = CIRCLE ( 'NONE', #1169, 1.725000000000004308 ) ;
#644 = LINE ( 'NONE', #191, #187 ) ;
#645 = CARTESIAN_POINT ( 'NONE',  ( 26.00000000000000355, 50.00000000000000000, 5.000000000000007994 ) ) ;
#646 = VERTEX_POINT ( 'NONE', #2 ) ;
#647 = EDGE_LOOP ( 'NONE', ( #664, #1255 ) ) ;
#648 = VECTOR ( 'NONE', #366, 1000.000000000000000 ) ;
#649 = CARTESIAN_POINT ( 'NONE',  ( 65.00000000000000000, 50.00000000000000000, 33.27499999999999858 ) ) ;
#650 = EDGE_CURVE ( 'NONE', #1723, #487, #407, .T. ) ;
#651 = LINE ( 'NONE', #163, #197 ) ;
#652 = ORIENTED_EDGE ( 'NONE', *, *, #274, .T. ) ;
#653 = ADVANCED_FACE ( 'NONE', ( #618 ), #602, .F. ) ;
#654 = CARTESIAN_POINT ( 'NONE',  ( 21.00000000000000000, 55.00000000000000711, 4.971240789819478145 ) ) ;
#655 = EDGE_CURVE ( 'NONE', #319, #421, #1668, .T. ) ;
#656 = EDGE_LOOP ( 'NONE', ( #433, #1170, #236, #1766 ) ) ;
#657 = ORIENTED_EDGE ( 'NONE', *, *, #917, .F. ) ;
#658 = CARTESIAN_POINT ( 'NONE',  ( 60.00000000000000711, 45.00000000000000000, 30.00000000000000000 ) ) ;
#659 = DIRECTION ( 'NONE',  ( 1.000000000000000000, 0.000000000000000000, 0.000000000000000000 ) ) ;
#660 = CARTESIAN_POINT ( 'NONE',  ( 54.00000000000000711, 0.000000000000000000, 5.000000000000007105 ) ) ;
#661 = ORIENTED_EDGE ( 'NONE', *, *, #1405, .F. ) ;
#662 = VECTOR ( 'NONE', #1788, 1000.000000000000000 ) ;
#663 = CARTESIAN_POINT ( 'NONE',  ( 49.00000000000001421, -5.000000000000004441, 5.000000000000007105 ) ) ;
#664 = ORIENTED_EDGE ( 'NONE', *, *, #48, .T. ) ;
#665 = ORIENTED_EDGE ( 'NONE', *, *, #48, .F. ) ;
#666 = FACE_BOUND ( 'NONE', #1305, .T. ) ;
#667 = CIRCLE ( 'NONE', #1139, 1.699999999999996625 ) ;
#668 = VECTOR ( 'NONE', #1585, 1000.000000000000000 ) ;
#669 = CARTESIAN_POINT ( 'NONE',  ( 16.00000000000000000, 60.00000000000000711, 7.225416114969384785E-15 ) ) ;
#670 = ORIENTED_EDGE ( 'NONE', *, *, #341, .F. ) ;
#671 = CIRCLE ( 'NONE', #1653, 1.700000000000000178 ) ;
#672 = CARTESIAN_POINT ( 'NONE',  ( 54.00000000000000711, -9.999999999999994671, 7.225416114969384785E-15 ) ) ;
#673 = ORIENTED_EDGE ( 'NONE', *, *, #1000, .T. ) ;
#674 = AXIS2_PLACEMENT_3D ( 'NONE', #219, #1109, #659 ) ;
#675 = LINE ( 'NONE', #936, #1840 ) ;
#676 = DIRECTION ( 'NONE',  ( 1.000000000000000000, 0.000000000000000000, 0.000000000000000000 ) ) ;
#677 = EDGE_LOOP ( 'NONE', ( #1695, #907, #1019, #886 ) ) ;
#678 = VERTEX_POINT ( 'NONE', #1353 ) ;
#679 = AXIS2_PLACEMENT_3D ( 'NONE', #1193, #1508, #1659 ) ;
#680 = DIRECTION ( 'NONE',  ( 0.000000000000000000, 0.000000000000000000, 1.000000000000000000 ) ) ;
#681 = EDGE_CURVE ( 'NONE', #922, #1517, #1965, .T. ) ;
#682 = VECTOR ( 'NONE', #1207, 1000.000000000000000 ) ;
#683 = CARTESIAN_POINT ( 'NONE',  ( 65.00000000000000000, 49.97124078981948969, 35.00000000000000000 ) ) ;
#684 = EDGE_CURVE ( 'NONE', #1581, #1786, #1059, .T. ) ;
#685 = DIRECTION ( 'NONE',  ( 0.000000000000000000, 1.000000000000000000, 0.000000000000000000 ) ) ;
#686 = VERTEX_POINT ( 'NONE', #914 ) ;
#687 = CARTESIAN_POINT ( 'NONE',  ( 50.70000000000001705, -5.000000000000004441, 5.000000000000005329 ) ) ;
#688 = PLANE ( 'NONE',  #458 ) ;
#689 = VERTEX_POINT ( 'NONE', #1676 ) ;
#690 = CARTESIAN_POINT ( 'NONE',  ( 50.70000000000001705, 55.00000000000000711, 5.000000000000005329 ) ) ;
#691 = EDGE_CURVE ( 'NONE', #313, #846, #439, .T. ) ;
#692 = CARTESIAN_POINT ( 'NONE',  ( 44.00000000000000711, -9.999999999999994671, 5.000000000000007994 ) ) ;
#693 = DIRECTION ( 'NONE',  ( 1.000000000000000000, 0.000000000000000000, 0.000000000000000000 ) ) ;
#694 = LINE ( 'NONE', #1290, #1053 ) ;
#695 = ORIENTED_EDGE ( 'NONE', *, *, #1531, .F. ) ;
#696 = LINE ( 'NONE', #988, #1204 ) ;
#697 = ORIENTED_EDGE ( 'NONE', *, *, #480, .F. ) ;
#698 = ORIENTED_EDGE ( 'NONE', *, *, #295, .T. ) ;
#699 = DIRECTION ( 'NONE',  ( -0.000000000000000000, -0.000000000000000000, 1.000000000000000000 ) ) ;
#700 = LINE ( 'NONE', #248, #101 ) ;
#701 = DIRECTION ( 'NONE',  ( 0.000000000000000000, 0.000000000000000000, -1.000000000000000000 ) ) ;
#702 = VECTOR ( 'NONE', #13, 1000.000000000000000 ) ;
#703 = AXIS2_PLACEMENT_3D ( 'NONE', #654, #345, #1554 ) ;
#704 = LINE ( 'NONE', #391, #1188 ) ;
#705 = ORIENTED_EDGE ( 'NONE', *, *, #176, .T. ) ;
#706 = PRODUCT_DEFINITION_CONTEXT ( 'detailed design', #1511, 'design' ) ;
#707 = EDGE_CURVE ( 'NONE', #1474, #552, #1200, .T. ) ;
#708 = CARTESIAN_POINT ( 'NONE',  ( 21.00000000000000000, 55.00000000000000711, 5.000000000000007105 ) ) ;
#709 = VERTEX_POINT ( 'NONE', #585 ) ;
#710 = ORIENTED_EDGE ( 'NONE', *, *, #772, .F. ) ;
#711 = CARTESIAN_POINT ( 'NONE',  ( 10.00000000000000000, 45.00000000000000000, 30.00000000000000000 ) ) ;
#712 = ORIENTED_EDGE ( 'NONE', *, *, #1561, .F. ) ;
#713 = VECTOR ( 'NONE', #1131, 1000.000000000000000 ) ;
#714 = DIRECTION ( 'NONE',  ( -0.000000000000000000, -0.000000000000000000, -1.000000000000000000 ) ) ;
#715 = AXIS2_PLACEMENT_3D ( 'NONE', #1814, #124, #1961 ) ;
#716 = AXIS2_PLACEMENT_3D ( 'NONE', #497, #809, #1387 ) ;
#717 = EDGE_CURVE ( 'NONE', #1226, #483, #1528, .T. ) ;
#718 = CARTESIAN_POINT ( 'NONE',  ( 49.00000000000001421, 55.00000000000000711, 4.971240789819478145 ) ) ;
#719 = VERTEX_POINT ( 'NONE', #287 ) ;
#720 = DIRECTION ( 'NONE',  ( -0.000000000000000000, -0.000000000000000000, 1.000000000000000000 ) ) ;
#721 = ORIENTED_EDGE ( 'NONE', *, *, #722, .T. ) ;
#722 = EDGE_CURVE ( 'NONE', #421, #627, #732, .T. ) ;
#723 = ORIENTED_EDGE ( 'NONE', *, *, #850, .F. ) ;
#724 = ADVANCED_FACE ( 'NONE', ( #432, #1032, #1344 ), #1498, .T. ) ;
#725 = DIRECTION ( 'NONE',  ( -0.000000000000000000, 1.000000000000000000, -0.000000000000000000 ) ) ;
#726 = ORIENTED_EDGE ( 'NONE', *, *, #1385, .T. ) ;
#727 = DIRECTION ( 'NONE',  ( -1.000000000000000000, 0.000000000000000000, 0.000000000000000000 ) ) ;
#728 = ORIENTED_EDGE ( 'NONE', *, *, #571, .T. ) ;
#729 = DIRECTION ( 'NONE',  ( 0.000000000000000000, 0.000000000000000000, 1.000000000000000000 ) ) ;
#730 = CARTESIAN_POINT ( 'NONE',  ( 16.00000000000000000, 60.00000000000000711, 7.225416114969384785E-15 ) ) ;
#731 = ORIENTED_EDGE ( 'NONE', *, *, #577, .F. ) ;
#732 = LINE ( 'NONE', #1183, #662 ) ;
#733 = VERTEX_POINT ( 'NONE', #590 ) ;
#734 = VECTOR ( 'NONE', #1132, 1000.000000000000000 ) ;
#735 = DIRECTION ( 'NONE',  ( 0.000000000000000000, 0.000000000000000000, -1.000000000000000000 ) ) ;
#736 = CONICAL_SURFACE ( 'NONE', #877, 1.725000000000000755, 0.7155849933176252620 ) ;
#737 = VECTOR ( 'NONE', #1895, 1000.000000000000000 ) ;
#738 = STYLED_ITEM ( 'NONE', ( #500 ), #1503 ) ;
#739 = FACE_OUTER_BOUND ( 'NONE', #1536, .T. ) ;
#740 = CARTESIAN_POINT ( 'NONE',  ( 65.00000000000000000, 50.00000000000000000, 35.00000000000000000 ) ) ;
#741 = ORIENTED_EDGE ( 'NONE', *, *, #858, .F. ) ;
#742 = CARTESIAN_POINT ( 'NONE',  ( 70.00000000000000000, 0.000000000000000000, 40.00000000000000000 ) ) ;
#743 = VERTEX_POINT ( 'NONE', #1953 ) ;
#744 = LINE ( 'NONE', #859, #1107 ) ;
#745 = ADVANCED_FACE ( 'NONE', ( #918 ), #1960, .F. ) ;
#746 = EDGE_CURVE ( 'NONE', #1836, #418, #435, .T. ) ;
#747 = PLANE ( 'NONE',  #943 ) ;
#748 = DIRECTION ( 'NONE',  ( 0.000000000000000000, 0.7547095802224901284, 0.6560590289908314610 ) ) ;
#749 = ORIENTED_EDGE ( 'NONE', *, *, #1441, .F. ) ;
#750 = DIRECTION ( 'NONE',  ( 1.000000000000000000, 0.000000000000000000, -8.673617379884034239E-17 ) ) ;
#751 = DIRECTION ( 'NONE',  ( 0.000000000000000000, 0.000000000000000000, 1.000000000000000000 ) ) ;
#752 = ADVANCED_FACE ( 'NONE', ( #1671, #739 ), #1054, .T. ) ;
#753 = CARTESIAN_POINT ( 'NONE',  ( 26.00000000000000355, -9.999999999999994671, 9.000000000000003553 ) ) ;
#754 = DIRECTION ( 'NONE',  ( -0.6560590289905214867, 8.034405899049627595E-17, 0.7547095802227596906 ) ) ;
#755 = PLANE ( 'NONE',  #389 ) ;
#756 = ORIENTED_EDGE ( 'NONE', *, *, #1597, .F. ) ;
#757 = LINE ( 'NONE', #1352, #1106 ) ;
#758 = DIRECTION ( 'NONE',  ( 0.000000000000000000, -5.102127870520041690E-16, 1.000000000000000000 ) ) ;
#759 = ORIENTED_EDGE ( 'NONE', *, *, #237, .T. ) ;
#760 = DIRECTION ( 'NONE',  ( -0.000000000000000000, 1.000000000000000000, -0.000000000000000000 ) ) ;
#761 = VECTOR ( 'NONE', #1865, 1000.000000000000000 ) ;
#762 = CARTESIAN_POINT ( 'NONE',  ( 47.27500000000001279, -5.000000000000004441, 5.000000000000007105 ) ) ;
#763 = VECTOR ( 'NONE', #260, 1000.000000000000000 ) ;
#764 = FACE_OUTER_BOUND ( 'NONE', #805, .T. ) ;
#765 = VERTEX_POINT ( 'NONE', #1493 ) ;
#766 = EDGE_CURVE ( 'NONE', #1556, #1543, #1823, .T. ) ;
#767 = VECTOR ( 'NONE', #956, 1000.000000000000000 ) ;
#768 = CARTESIAN_POINT ( 'NONE',  ( 65.00000000000000000, 50.00000000000000000, 33.27499999999999858 ) ) ;
#769 = CARTESIAN_POINT ( 'NONE',  ( 70.00000000000000000, 50.00000000000000000, 40.00000000000000000 ) ) ;
#770 = LINE ( 'NONE', #147, #890 ) ;
#771 = AXIS2_PLACEMENT_3D ( 'NONE', #1899, #1890, #90 ) ;
#772 = EDGE_CURVE ( 'NONE', #855, #709, #1332, .T. ) ;
#773 = LINE ( 'NONE', #317, #1097 ) ;
#774 = CARTESIAN_POINT ( 'NONE',  ( 54.00000000000000711, 60.00000000000000711, 5.000000000000007105 ) ) ;
#775 = ORIENTED_EDGE ( 'NONE', *, *, #480, .T. ) ;
#776 = PLANE ( 'NONE',  #188 ) ;
#777 = EDGE_CURVE ( 'NONE', #523, #1914, #142, .T. ) ;
#778 = ORIENTED_EDGE ( 'NONE', *, *, #1794, .T. ) ;
#779 = ORIENTED_EDGE ( 'NONE', *, *, #1849, .T. ) ;
#780 = ADVANCED_FACE ( 'NONE', ( #1813 ), #1036, .F. ) ;
#781 = LINE ( 'NONE', #185, #1141 ) ;
#782 = CARTESIAN_POINT ( 'NONE',  ( 21.00000000000000000, -5.000000000000004441, 4.971240789819478145 ) ) ;
#783 = ORIENTED_EDGE ( 'NONE', *, *, #270, .T. ) ;
#784 = DIRECTION ( 'NONE',  ( -0.000000000000000000, -0.000000000000000000, 1.000000000000000000 ) ) ;
#785 = ORIENTED_EDGE ( 'NONE', *, *, #1887, .F. ) ;
#786 = ORIENTED_EDGE ( 'NONE', *, *, #1324, .F. ) ;
#787 = CARTESIAN_POINT ( 'NONE',  ( 49.00000000000001421, -5.000000000000004441, 5.000000000000007105 ) ) ;
#788 = AXIS2_PLACEMENT_3D ( 'NONE', #129, #1364, #1211 ) ;
#789 = DIRECTION ( 'NONE',  ( 1.000000000000000000, 0.000000000000000000, 0.000000000000000000 ) ) ;
#790 = ORIENTED_EDGE ( 'NONE', *, *, #1329, .T. ) ;
#791 = AXIS2_PLACEMENT_3D ( 'NONE', #915, #1519, #1051 ) ;
#792 = FACE_OUTER_BOUND ( 'NONE', #863, .T. ) ;
#793 = ORIENTED_EDGE ( 'NONE', *, *, #1800, .T. ) ;
#794 = ORIENTED_EDGE ( 'NONE', *, *, #1646, .F. ) ;
#795 = LINE ( 'NONE', #649, #946 ) ;
#796 = ADVANCED_FACE ( 'NONE', ( #279 ), #747, .T. ) ;
#797 = VECTOR ( 'NONE', #38, 1000.000000000000000 ) ;
#798 = EDGE_CURVE ( 'NONE', #1734, #498, #631, .T. ) ;
#799 = EDGE_CURVE ( 'NONE', #573, #1122, #308, .T. ) ;
#800 = LINE ( 'NONE', #774, #1245 ) ;
#801 = ORIENTED_EDGE ( 'NONE', *, *, #1039, .T. ) ;
#802 = CARTESIAN_POINT ( 'NONE',  ( 10.00000000000000000, 45.00000000000000711, 40.00000000000000000 ) ) ;
#803 = CARTESIAN_POINT ( 'NONE',  ( 44.00000000000000711, -9.999999999999994671, 9.000000000000003553 ) ) ;
#804 = ORIENTED_EDGE ( 'NONE', *, *, #174, .T. ) ;
#805 = EDGE_LOOP ( 'NONE', ( #1080, #1129, #1804, #1249, #842, #1272, #1274, #1857, #513, #661, #1171 ) ) ;
#806 = AXIS2_PLACEMENT_3D ( 'NONE', #983, #1316, #878 ) ;
#807 = CARTESIAN_POINT ( 'NONE',  ( 49.00000000000001421, 55.00000000000000711, -4.336808689942017736E-15 ) ) ;
#808 = PLANE ( 'NONE',  #411 ) ;
#809 = DIRECTION ( 'NONE',  ( 1.000000000000000000, 0.000000000000000000, 0.000000000000000000 ) ) ;
#810 = ORIENTED_EDGE ( 'NONE', *, *, #1537, .T. ) ;
#811 = CYLINDRICAL_SURFACE ( 'NONE', #1522, 6.150000000000001243 ) ;
#812 = EDGE_LOOP ( 'NONE', ( #224, #665, #332, #548 ) ) ;
#813 = VERTEX_POINT ( 'NONE', #1367 ) ;
#814 = DIRECTION ( 'NONE',  ( 1.000000000000000000, 0.000000000000000000, 0.000000000000000000 ) ) ;
#815 = DIRECTION ( 'NONE',  ( 0.000000000000000000, 0.000000000000000000, 1.000000000000000000 ) ) ;
#816 = ORIENTED_EDGE ( 'NONE', *, *, #620, .F. ) ;
#817 = PLANE ( 'NONE',  #1398 ) ;
#818 = ORIENTED_EDGE ( 'NONE', *, *, #575, .T. ) ;
#819 = VECTOR ( 'NONE', #510, 1000.000000000000000 ) ;
#820 = DIRECTION ( 'NONE',  ( 0.000000000000000000, 0.000000000000000000, 1.000000000000000000 ) ) ;
#821 = FACE_OUTER_BOUND ( 'NONE', #1431, .T. ) ;
#822 = ORIENTED_EDGE ( 'NONE', *, *, #1242, .F. ) ;
#823 = EDGE_CURVE ( 'NONE', #184, #1056, #1045, .T. ) ;
#824 = ORIENTED_EDGE ( 'NONE', *, *, #288, .T. ) ;
#825 = EDGE_CURVE ( 'NONE', #1640, #1056, #1416, .T. ) ;
#826 = DIRECTION ( 'NONE',  ( -0.000000000000000000, -1.000000000000000000, -2.602085213965210149E-16 ) ) ;
#827 = AXIS2_PLACEMENT_3D ( 'NONE', #787, #1383, #19 ) ;
#828 = VECTOR ( 'NONE', #1444, 1000.000000000000000 ) ;
#829 = CARTESIAN_POINT ( 'NONE',  ( 0.000000000000000000, 0.000000000000000000, 9.000000000000001776 ) ) ;
#830 = ORIENTED_EDGE ( 'NONE', *, *, #383, .F. ) ;
#831 = CARTESIAN_POINT ( 'NONE',  ( 16.00000000000000000, 0.000000000000000000, 7.225416114969384785E-15 ) ) ;
#832 = ORIENTED_EDGE ( 'NONE', *, *, #562, .F. ) ;
#833 = EDGE_CURVE ( 'NONE', #922, #1151, #1504, .T. ) ;
#834 = LINE ( 'NONE', #1253, #984 ) ;
#835 = DIRECTION ( 'NONE',  ( 8.673617379884034239E-17, -0.000000000000000000, 1.000000000000000000 ) ) ;
#836 = ORIENTED_EDGE ( 'NONE', *, *, #1800, .F. ) ;
#837 = LINE ( 'NONE', #690, #1328 ) ;
#838 = DIRECTION ( 'NONE',  ( -0.000000000000000000, 1.000000000000000000, -0.000000000000000000 ) ) ;
#839 = LINE ( 'NONE', #1716, #85 ) ;
#840 = AXIS2_PLACEMENT_3D ( 'NONE', #1480, #1155, #1459 ) ;
#841 = DIRECTION ( 'NONE',  ( 0.000000000000000000, 1.000000000000000000, 0.000000000000000000 ) ) ;
#842 = ORIENTED_EDGE ( 'NONE', *, *, #535, .F. ) ;
#843 = PRODUCT_DEFINITION_SHAPE ( 'NONE', 'NONE',  #10 ) ;
#844 = LINE ( 'NONE', #394, #610 ) ;
#845 = ORIENTED_EDGE ( 'NONE', *, *, #1268, .F. ) ;
#846 = VERTEX_POINT ( 'NONE', #1206 ) ;
#847 = DIRECTION ( 'NONE',  ( 0.000000000000000000, 5.102127870520041690E-16, -1.000000000000000000 ) ) ;
#848 = DIRECTION ( 'NONE',  ( 1.000000000000000000, 0.000000000000000000, 0.000000000000000000 ) ) ;
#849 = PLANE ( 'NONE',  #379 ) ;
#850 = EDGE_CURVE ( 'NONE', #1847, #1874, #1708, .T. ) ;
#851 = DIRECTION ( 'NONE',  ( -0.000000000000000000, 6.938893903907227392E-16, 1.000000000000000000 ) ) ;
#852 = ORIENTED_EDGE ( 'NONE', *, *, #823, .F. ) ;
#853 = LINE ( 'NONE', #1464, #828 ) ;
#854 = EDGE_LOOP ( 'NONE', ( #106, #938, #70, #1239 ) ) ;
#855 = VERTEX_POINT ( 'NONE', #1063 ) ;
#856 = VECTOR ( 'NONE', #1325, 1000.000000000000000 ) ;
#857 = DIRECTION ( 'NONE',  ( 0.000000000000000000, 0.000000000000000000, 1.000000000000000000 ) ) ;
#858 = EDGE_CURVE ( 'NONE', #73, #709, #773, .T. ) ;
#859 = CARTESIAN_POINT ( 'NONE',  ( 50.72500000000002274, 55.00000000000000711, 5.000000000000007105 ) ) ;
#860 = AXIS2_PLACEMENT_3D ( 'NONE', #1269, #1875, #680 ) ;
#861 = EDGE_CURVE ( 'NONE', #1022, #719, #614, .T. ) ;
#862 = DIRECTION ( 'NONE',  ( 0.000000000000000000, -0.000000000000000000, 1.000000000000000000 ) ) ;
#863 = EDGE_LOOP ( 'NONE', ( #1074, #504, #1730, #200 ) ) ;
#864 = EDGE_CURVE ( 'NONE', #1622, #813, #1224, .T. ) ;
#865 = DIRECTION ( 'NONE',  ( 0.000000000000000000, 2.602085213965210149E-16, -1.000000000000000000 ) ) ;
#866 = FACE_BOUND ( 'NONE', #1240, .T. ) ;
#867 = ORIENTED_EDGE ( 'NONE', *, *, #237, .F. ) ;
#868 = CARTESIAN_POINT ( 'NONE',  ( 26.00000000000000355, -9.999999999999994671, 5.000000000000007994 ) ) ;
#869 = EDGE_LOOP ( 'NONE', ( #695, #144, #348, #1567 ) ) ;
#870 = VECTOR ( 'NONE', #1929, 1000.000000000000000 ) ;
#871 = DIRECTION ( 'NONE',  ( 1.000000000000000000, 0.000000000000000000, -0.000000000000000000 ) ) ;
#872 = AXIS2_PLACEMENT_3D ( 'NONE', #554, #420, #1910 ) ;
#873 = EDGE_LOOP ( 'NONE', ( #1467, #635, #511, #624 ) ) ;
#874 = FACE_OUTER_BOUND ( 'NONE', #1110, .T. ) ;
#875 = DIRECTION ( 'NONE',  ( 0.000000000000000000, -1.000000000000000000, 0.000000000000000000 ) ) ;
#876 = EDGE_LOOP ( 'NONE', ( #1922, #244, #1540, #1393 ) ) ;
#877 = AXIS2_PLACEMENT_3D ( 'NONE', #1271, #1120, #1570 ) ;
#878 = DIRECTION ( 'NONE',  ( 1.000000000000000000, 0.000000000000000000, 0.000000000000000000 ) ) ;
#879 = ORIENTED_EDGE ( 'NONE', *, *, #1256, .F. ) ;
#880 = LINE ( 'NONE', #1809, #763 ) ;
#881 = LINE ( 'NONE', #1754, #1651 ) ;
#882 = FACE_OUTER_BOUND ( 'NONE', #1397, .T. ) ;
#883 = EDGE_LOOP ( 'NONE', ( #726, #1244, #465, #845, #558, #1402, #1619, #1447 ) ) ;
#884 = EDGE_CURVE ( 'NONE', #125, #1517, #1738, .T. ) ;
#885 = DIRECTION ( 'NONE',  ( 0.000000000000000000, 0.000000000000000000, -1.000000000000000000 ) ) ;
#886 = ORIENTED_EDGE ( 'NONE', *, *, #717, .T. ) ;
#887 = EDGE_CURVE ( 'NONE', #1843, #483, #196, .T. ) ;
#888 = VECTOR ( 'NONE', #451, 1000.000000000000000 ) ;
#889 = FACE_OUTER_BOUND ( 'NONE', #656, .T. ) ;
#890 = VECTOR ( 'NONE', #621, 1000.000000000000000 ) ;
#891 = CIRCLE ( 'NONE', #580, 1.700000000000000178 ) ;
#892 = DIRECTION ( 'NONE',  ( -0.000000000000000000, -0.000000000000000000, -1.000000000000000000 ) ) ;
#893 = CARTESIAN_POINT ( 'NONE',  ( 0.000000000000000000, 60.00000000000000711, 0.000000000000000000 ) ) ;
#894 = ORIENTED_EDGE ( 'NONE', *, *, #1770, .T. ) ;
#895 = EDGE_CURVE ( 'NONE', #1837, #929, #1070, .T. ) ;
#896 = AXIS2_PLACEMENT_3D ( 'NONE', #634, #203, #957 ) ;
#897 = CARTESIAN_POINT ( 'NONE',  ( 10.00000000000000000, 45.00000000000000711, 40.00000000000000000 ) ) ;
#898 = DIRECTION ( 'NONE',  ( -0.000000000000000000, 1.000000000000000000, -0.000000000000000000 ) ) ;
#899 = CARTESIAN_POINT ( 'NONE',  ( 10.00000000000000000, 5.000000000000000000, 29.99999999999999289 ) ) ;
#900 = CLOSED_SHELL ( 'NONE', ( #942, #1591, #1473, #469, #212, #1185, #1852, #920, #1657, #470, #1912, #973, #427, #1902, #149, #33, #299, #240, #724, #353, #1083, #1395, #150, #963, #66, #508, #1050, #1002, #24, #1449, #752, #22, #1943, #1627, #1772, #796, #1058, #59, #1819, #1830, #88, #1951, #545, #494, #780, #745, #425, #214, #350, #1613, #1062, #1917, #977, #1792, #321, #1662, #653, #499, #1705, #442, #1123 ) ) ;
#901 = AXIS2_PLACEMENT_3D ( 'NONE', #1913, #986, #413 ) ;
#902 = CARTESIAN_POINT ( 'NONE',  ( 49.00000000000001421, 55.00000000000000711, 5.000000000000007105 ) ) ;
#903 = DIRECTION ( 'NONE',  ( 0.000000000000000000, -0.000000000000000000, -1.000000000000000000 ) ) ;
#904 = EDGE_LOOP ( 'NONE', ( #1495, #816, #1125, #116 ) ) ;
#905 = CARTESIAN_POINT ( 'NONE',  ( 49.00000000000001421, -5.000000000000004441, 5.000000000000005329 ) ) ;
#906 = LINE ( 'NONE', #742, #250 ) ;
#907 = ORIENTED_EDGE ( 'NONE', *, *, #953, .F. ) ;
#908 = LINE ( 'NONE', #1669, #544 ) ;
#909 = EDGE_CURVE ( 'NONE', #313, #1860, #1156, .T. ) ;
#910 = DIRECTION ( 'NONE',  ( -0.000000000000000000, 1.000000000000000000, -0.000000000000000000 ) ) ;
#911 = CARTESIAN_POINT ( 'NONE',  ( 50.70000000000001705, -5.000000000000004441, 4.971240789819478145 ) ) ;
#912 = VERTEX_POINT ( 'NONE', #1300 ) ;
#913 = DIRECTION ( 'NONE',  ( 1.000000000000000000, 0.000000000000000000, 8.673617379884034239E-17 ) ) ;
#914 = CARTESIAN_POINT ( 'NONE',  ( 19.30000000000000426, 55.00000000000000711, -4.336808689942017736E-15 ) ) ;
#915 = CARTESIAN_POINT ( 'NONE',  ( 49.00000000000001421, -5.000000000000004441, 4.971240789819478145 ) ) ;
#916 = EDGE_CURVE ( 'NONE', #1302, #125, #531, .T. ) ;
#917 = EDGE_CURVE ( 'NONE', #1753, #999, #994, .T. ) ;
#918 = FACE_OUTER_BOUND ( 'NONE', #1506, .T. ) ;
#919 = AXIS2_PLACEMENT_3D ( 'NONE', #1848, #1838, #333 ) ;
#920 = ADVANCED_FACE ( 'NONE', ( #1259 ), #1432, .F. ) ;
#921 = PLANE ( 'NONE',  #556 ) ;
#922 = VERTEX_POINT ( 'NONE', #543 ) ;
#923 = CIRCLE ( 'NONE', #1903, 1.700000000000000178 ) ;
#924 = CARTESIAN_POINT ( 'NONE',  ( 47.30000000000001847, -5.000000000000004441, 4.971240789819478145 ) ) ;
#925 = CARTESIAN_POINT ( 'NONE',  ( 26.00000000000000355, 60.00000000000000711, 5.000000000000007994 ) ) ;
#926 = CARTESIAN_POINT ( 'NONE',  ( 10.00000000000000000, 4.999999999999997335, 40.00000000000000000 ) ) ;
#927 = CARTESIAN_POINT ( 'NONE',  ( 54.00000000000000711, -9.999999999999994671, 7.225416114969384785E-15 ) ) ;
#928 = DIRECTION ( 'NONE',  ( 0.000000000000000000, 1.000000000000000000, -6.938893903907227392E-16 ) ) ;
#929 = VERTEX_POINT ( 'NONE', #399 ) ;
#930 = AXIS2_PLACEMENT_3D ( 'NONE', #1513, #591, #1046 ) ;
#931 = CARTESIAN_POINT ( 'NONE',  ( 16.00000000000000000, -9.999999999999994671, 5.000000000000007105 ) ) ;
#932 = ORIENTED_EDGE ( 'NONE', *, *, #209, .F. ) ;
#933 = DIRECTION ( 'NONE',  ( 0.000000000000000000, 2.602085213965210149E-16, -1.000000000000000000 ) ) ;
#934 = PLANE ( 'NONE',  #1530 ) ;
#935 = ORIENTED_EDGE ( 'NONE', *, *, #798, .T. ) ;
#936 = CARTESIAN_POINT ( 'NONE',  ( 60.00000000000000711, 5.000000000000000000, 29.99999999999999289 ) ) ;
#937 = PLANE ( 'NONE',  #380 ) ;
#938 = ORIENTED_EDGE ( 'NONE', *, *, #1242, .T. ) ;
#939 = ORIENTED_EDGE ( 'NONE', *, *, #1205, .T. ) ;
#940 = EDGE_CURVE ( 'NONE', #567, #168, #1552, .T. ) ;
#941 = LINE ( 'NONE', #1661, #702 ) ;
#942 = ADVANCED_FACE ( 'NONE', ( #374 ), #148, .F. ) ;
#943 = AXIS2_PLACEMENT_3D ( 'NONE', #301, #1348, #1360 ) ;
#944 = DIRECTION ( 'NONE',  ( -0.000000000000000000, 1.000000000000000000, -0.000000000000000000 ) ) ;
#945 = ORIENTED_EDGE ( 'NONE', *, *, #1256, .T. ) ;
#946 = VECTOR ( 'NONE', #1250, 999.9999999999998863 ) ;
#947 = LINE ( 'NONE', #525, #415 ) ;
#948 = FACE_BOUND ( 'NONE', #1284, .T. ) ;
#949 = ORIENTED_EDGE ( 'NONE', *, *, #1385, .F. ) ;
#950 = EDGE_LOOP ( 'NONE', ( #949, #503, #154, #1936 ) ) ;
#951 = CARTESIAN_POINT ( 'NONE',  ( 54.00000000000000711, -9.999999999999994671, 5.000000000000007105 ) ) ;
#952 = AXIS2_PLACEMENT_3D ( 'NONE', #1400, #1390, #1247 ) ;
#953 = EDGE_CURVE ( 'NONE', #538, #1843, #839, .T. ) ;
#954 = CARTESIAN_POINT ( 'NONE',  ( 54.00000000000000711, 60.00000000000000711, 7.225416114969384785E-15 ) ) ;
#955 = EDGE_LOOP ( 'NONE', ( #1295, #81, #1687, #867 ) ) ;
#956 = DIRECTION ( 'NONE',  ( 0.000000000000000000, 1.000000000000000000, 1.734723475976807094E-16 ) ) ;
#957 = DIRECTION ( 'NONE',  ( 0.000000000000000000, -5.102127870520041690E-16, 1.000000000000000000 ) ) ;
#958 = ORIENTED_EDGE ( 'NONE', *, *, #1119, .F. ) ;
#959 = ORIENTED_EDGE ( 'NONE', *, *, #505, .T. ) ;
#960 = LINE ( 'NONE', #1569, #1937 ) ;
#961 = CARTESIAN_POINT ( 'NONE',  ( 70.00000000000000000, 0.000000000000000000, 40.00000000000000000 ) ) ;
#962 = ORIENTED_EDGE ( 'NONE', *, *, #86, .T. ) ;
#963 = ADVANCED_FACE ( 'NONE', ( #1144 ), #808, .T. ) ;
#964 = CARTESIAN_POINT ( 'NONE',  ( 26.00000000000000355, 50.00000000000000000, 40.00000000000000000 ) ) ;
#965 = ORIENTED_EDGE ( 'NONE', *, *, #1315, .F. ) ;
#966 = CARTESIAN_POINT ( 'NONE',  ( 28.85000000000000497, 60.00000000000000711, 3.079986699855593078E-15 ) ) ;
#967 = LINE ( 'NONE', #346, #1812 ) ;
#968 = EDGE_LOOP ( 'NONE', ( #130, #987, #1162, #1102 ) ) ;
#969 = ORIENTED_EDGE ( 'NONE', *, *, #1027, .T. ) ;
#970 = FACE_OUTER_BOUND ( 'NONE', #561, .T. ) ;
#971 = CARTESIAN_POINT ( 'NONE',  ( 44.00000000000000711, 0.000000000000000000, 5.000000000000007994 ) ) ;
#972 = ORIENTED_EDGE ( 'NONE', *, *, #626, .T. ) ;
#973 = ADVANCED_FACE ( 'NONE', ( #364 ), #736, .F. ) ;
#974 = DIRECTION ( 'NONE',  ( 0.000000000000000000, 1.000000000000000000, 1.734723475976807094E-16 ) ) ;
#975 = ORIENTED_EDGE ( 'NONE', *, *, #209, .T. ) ;
#976 = DIRECTION ( 'NONE',  ( 0.000000000000000000, 1.000000000000000000, 0.000000000000000000 ) ) ;
#977 = ADVANCED_FACE ( 'NONE', ( #230 ), #1288, .T. ) ;
#978 = DIRECTION ( 'NONE',  ( 1.000000000000000000, 0.000000000000000000, 0.000000000000000000 ) ) ;
#979 = VERTEX_POINT ( 'NONE', #971 ) ;
#980 = VERTEX_POINT ( 'NONE', #669 ) ;
#981 = DIRECTION ( 'NONE',  ( -0.000000000000000000, -0.000000000000000000, 1.000000000000000000 ) ) ;
#982 = AXIS2_PLACEMENT_3D ( 'NONE', #1403, #826, #847 ) ;
#983 = CARTESIAN_POINT ( 'NONE',  ( 49.00000000000001421, 55.00000000000000711, 5.000000000000007105 ) ) ;
#984 = VECTOR ( 'NONE', #1092, 1000.000000000000000 ) ;
#985 = DIRECTION ( 'NONE',  ( -0.000000000000000000, 1.000000000000000000, -0.000000000000000000 ) ) ;
#986 = DIRECTION ( 'NONE',  ( -0.000000000000000000, -0.000000000000000000, 1.000000000000000000 ) ) ;
#987 = ORIENTED_EDGE ( 'NONE', *, *, #1029, .F. ) ;
#988 = CARTESIAN_POINT ( 'NONE',  ( 44.00000000000000711, -9.999999999999994671, 5.000000000000007994 ) ) ;
#989 =( NAMED_UNIT ( * ) SI_UNIT ( $, .STERADIAN. ) SOLID_ANGLE_UNIT ( ) );
#990 = ORIENTED_EDGE ( 'NONE', *, *, #650, .F. ) ;
#991 = VERTEX_POINT ( 'NONE', #519 ) ;
#992 = FACE_OUTER_BOUND ( 'NONE', #1685, .T. ) ;
#993 = DIRECTION ( 'NONE',  ( -1.000000000000000000, 0.000000000000000000, 0.000000000000000000 ) ) ;
#994 = LINE ( 'NONE', #555, #1484 ) ;
#995 = CARTESIAN_POINT ( 'NONE',  ( 54.00000000000000711, -9.999999999999994671, 7.225416114969384785E-15 ) ) ;
#996 = ORIENTED_EDGE ( 'NONE', *, *, #1854, .T. ) ;
#997 = CARTESIAN_POINT ( 'NONE',  ( 60.00000000000000711, 4.999999999999997335, 39.99999999999999289 ) ) ;
#998 = VERTEX_POINT ( 'NONE', #1897 ) ;
#999 = VERTEX_POINT ( 'NONE', #1726 ) ;
#1000 = EDGE_CURVE ( 'NONE', #483, #719, #1579, .T. ) ;
#1001 = DIRECTION ( 'NONE',  ( -0.000000000000000000, 1.000000000000000000, -0.000000000000000000 ) ) ;
#1002 = ADVANCED_FACE ( 'NONE', ( #67 ), #849, .T. ) ;
#1003 = DIRECTION ( 'NONE',  ( 0.6560590289905214867, 0.000000000000000000, 0.7547095802227596906 ) ) ;
#1004 = EDGE_CURVE ( 'NONE', #1022, #564, #1911, .T. ) ;
#1005 = LINE ( 'NONE', #522, #1822 ) ;
#1006 = VERTEX_POINT ( 'NONE', #111 ) ;
#1007 = PLANE ( 'NONE',  #1868 ) ;
#1008 = CARTESIAN_POINT ( 'NONE',  ( 54.00000000000000711, -9.999999999999994671, 5.000000000000007105 ) ) ;
#1009 = ORIENTED_EDGE ( 'NONE', *, *, #1623, .T. ) ;
#1010 = LINE ( 'NONE', #387, #1950 ) ;
#1011 = ORIENTED_EDGE ( 'NONE', *, *, #1700, .F. ) ;
#1012 = DIRECTION ( 'NONE',  ( 1.000000000000000000, 0.000000000000000000, 0.000000000000000000 ) ) ;
#1013 = AXIS2_PLACEMENT_3D ( 'NONE', #1327, #440, #1042 ) ;
#1014 = AXIS2_PLACEMENT_3D ( 'NONE', #1017, #1455, #1775 ) ;
#1015 =( GEOMETRIC_REPRESENTATION_CONTEXT ( 3 ) GLOBAL_UNCERTAINTY_ASSIGNED_CONTEXT ( ( #201 ) ) GLOBAL_UNIT_ASSIGNED_CONTEXT ( ( #502, #1445, #989 ) ) REPRESENTATION_CONTEXT ( 'NONE', 'WORKASPACE' ) );
#1016 = ORIENTED_EDGE ( 'NONE', *, *, #1410, .F. ) ;
#1017 = CARTESIAN_POINT ( 'NONE',  ( 5.000000000000000000, 50.00000000000000000, 35.00000000000000000 ) ) ;
#1018 = DIRECTION ( 'NONE',  ( 0.000000000000000000, -1.000000000000000000, 0.000000000000000000 ) ) ;
#1019 = ORIENTED_EDGE ( 'NONE', *, *, #1707, .T. ) ;
#1020 = DIRECTION ( 'NONE',  ( 0.000000000000000000, 0.000000000000000000, 1.000000000000000000 ) ) ;
#1021 = CIRCLE ( 'NONE', #165, 6.150000000000001243 ) ;
#1022 = VERTEX_POINT ( 'NONE', #1791 ) ;
#1023 = DIRECTION ( 'NONE',  ( 0.000000000000000000, 0.000000000000000000, 1.000000000000000000 ) ) ;
#1024 = VECTOR ( 'NONE', #1149, 1000.000000000000000 ) ;
#1025 = VECTOR ( 'NONE', #1146, 1000.000000000000000 ) ;
#1026 = ORIENTED_EDGE ( 'NONE', *, *, #1121, .F. ) ;
#1027 = EDGE_CURVE ( 'NONE', #912, #1640, #744, .T. ) ;
#1028 = CARTESIAN_POINT ( 'NONE',  ( 65.00000000000000000, 50.00000000000000000, 35.00000000000000000 ) ) ;
#1029 = EDGE_CURVE ( 'NONE', #1692, #733, #1624, .T. ) ;
#1030 = CARTESIAN_POINT ( 'NONE',  ( 5.000000000000000000, 50.00000000000000000, 36.69999999999999574 ) ) ;
#1031 = ORIENTED_EDGE ( 'NONE', *, *, #1439, .F. ) ;
#1032 = FACE_BOUND ( 'NONE', #183, .T. ) ;
#1033 = ORIENTED_EDGE ( 'NONE', *, *, #596, .F. ) ;
#1034 = CARTESIAN_POINT ( 'NONE',  ( 0.000000000000000000, 45.00000000000000711, 40.00000000000000000 ) ) ;
#1035 = EDGE_CURVE ( 'NONE', #1276, #1103, #1460, .T. ) ;
#1036 = CYLINDRICAL_SURFACE ( 'NONE', #1355, 1.699999999999996625 ) ;
#1037 = CARTESIAN_POINT ( 'NONE',  ( 44.00000000000000711, 50.00000000000000000, 9.000000000000003553 ) ) ;
#1038 = ORIENTED_EDGE ( 'NONE', *, *, #1408, .T. ) ;
#1039 = EDGE_CURVE ( 'NONE', #82, #1699, #880, .T. ) ;
#1040 = CARTESIAN_POINT ( 'NONE',  ( -3.035766082959411232E-15, 50.00000000000000000, 5.000000000000011546 ) ) ;
#1041 = CARTESIAN_POINT ( 'NONE',  ( 10.00000000000000000, 4.999999999999997335, 39.99999999999999289 ) ) ;
#1042 = DIRECTION ( 'NONE',  ( 0.000000000000000000, 0.000000000000000000, 1.000000000000000000 ) ) ;
#1043 = AXIS2_PLACEMENT_3D ( 'NONE', #1365, #4, #1510 ) ;
#1044 = CIRCLE ( 'NONE', #1491, 1.700000000000000178 ) ;
#1045 = LINE ( 'NONE', #1654, #50 ) ;
#1046 = DIRECTION ( 'NONE',  ( 0.000000000000000000, 0.000000000000000000, -1.000000000000000000 ) ) ;
#1047 = ORIENTED_EDGE ( 'NONE', *, *, #1588, .T. ) ;
#1048 = DIRECTION ( 'NONE',  ( -1.000000000000000000, 0.000000000000000000, 8.673617379884034239E-17 ) ) ;
#1049 = DIRECTION ( 'NONE',  ( 0.000000000000000000, 1.000000000000000000, 0.000000000000000000 ) ) ;
#1050 = ADVANCED_FACE ( 'NONE', ( #603 ), #587, .T. ) ;
#1051 = DIRECTION ( 'NONE',  ( 1.000000000000000000, 0.000000000000000000, 0.000000000000000000 ) ) ;
#1052 = VECTOR ( 'NONE', #115, 1000.000000000000000 ) ;
#1053 = VECTOR ( 'NONE', #400, 1000.000000000000000 ) ;
#1054 = PLANE ( 'NONE',  #1454 ) ;
#1055 = CARTESIAN_POINT ( 'NONE',  ( 70.00000000000000000, 0.000000000000000000, 0.000000000000000000 ) ) ;
#1056 = VERTEX_POINT ( 'NONE', #1472 ) ;
#1057 = CARTESIAN_POINT ( 'NONE',  ( 65.00000000000000000, 50.00000000000000000, 33.30000000000001137 ) ) ;
#1058 = ADVANCED_FACE ( 'NONE', ( #889 ), #100, .T. ) ;
#1059 = LINE ( 'NONE', #1798, #574 ) ;
#1060 = LINE ( 'NONE', #478, #127 ) ;
#1061 = EDGE_CURVE ( 'NONE', #1543, #1103, #1520, .T. ) ;
#1062 = ADVANCED_FACE ( 'NONE', ( #1635 ), #1641, .T. ) ;
#1063 = CARTESIAN_POINT ( 'NONE',  ( 44.00000000000000711, 60.00000000000000711, 9.000000000000003553 ) ) ;
#1064 = CARTESIAN_POINT ( 'NONE',  ( 21.00000000000000000, -5.000000000000004441, 4.971240789819478145 ) ) ;
#1065 = VERTEX_POINT ( 'NONE', #1309 ) ;
#1066 = FACE_OUTER_BOUND ( 'NONE', #392, .T. ) ;
#1067 = CARTESIAN_POINT ( 'NONE',  ( 70.00000000000000000, 5.000000000000000000, 29.99999999999999289 ) ) ;
#1068 = ORIENTED_EDGE ( 'NONE', *, *, #274, .F. ) ;
#1069 = DIRECTION ( 'NONE',  ( 0.000000000000000000, 1.000000000000000000, 0.000000000000000000 ) ) ;
#1070 = CIRCLE ( 'NONE', #1580, 1.699999999999993072 ) ;
#1071 = CARTESIAN_POINT ( 'NONE',  ( 5.000000000000000000, 49.97124078981948969, 35.00000000000000000 ) ) ;
#1072 = VECTOR ( 'NONE', #1426, 1000.000000000000000 ) ;
#1073 = DIRECTION ( 'NONE',  ( 0.6560590289904696393, 0.000000000000000000, 0.7547095802228047656 ) ) ;
#1074 = ORIENTED_EDGE ( 'NONE', *, *, #1000, .F. ) ;
#1075 = VECTOR ( 'NONE', #448, 1000.000000000000000 ) ;
#1076 = LINE ( 'NONE', #1057, #222 ) ;
#1077 = ORIENTED_EDGE ( 'NONE', *, *, #1004, .T. ) ;
#1078 = DIRECTION ( 'NONE',  ( -1.000000000000000000, 0.000000000000000000, 0.000000000000000000 ) ) ;
#1079 = DIRECTION ( 'NONE',  ( -0.000000000000000000, -0.000000000000000000, 1.000000000000000000 ) ) ;
#1080 = ORIENTED_EDGE ( 'NONE', *, *, #532, .T. ) ;
#1081 = EDGE_CURVE ( 'NONE', #82, #1638, #667, .T. ) ;
#1082 = LINE ( 'NONE', #484, #479 ) ;
#1083 = ADVANCED_FACE ( 'NONE', ( #1318 ), #249, .F. ) ;
#1084 = DIRECTION ( 'NONE',  ( -0.000000000000000000, 0.000000000000000000, 1.000000000000000000 ) ) ;
#1085 = AXIS2_PLACEMENT_3D ( 'NONE', #1273, #841, #862 ) ;
#1086 = ORIENTED_EDGE ( 'NONE', *, *, #1827, .T. ) ;
#1087 = ORIENTED_EDGE ( 'NONE', *, *, #1537, .F. ) ;
#1088 = CARTESIAN_POINT ( 'NONE',  ( 49.00000000000001421, 55.00000000000000711, 5.000000000000007105 ) ) ;
#1089 = EDGE_CURVE ( 'NONE', #1122, #980, #1482, .T. ) ;
#1090 = LINE ( 'NONE', #14, #34 ) ;
#1091 = ORIENTED_EDGE ( 'NONE', *, *, #1375, .T. ) ;
#1092 = DIRECTION ( 'NONE',  ( -0.000000000000000000, -0.000000000000000000, 1.000000000000000000 ) ) ;
#1093 = CARTESIAN_POINT ( 'NONE',  ( 0.000000000000000000, 50.00000000000000000, 40.00000000000000000 ) ) ;
#1094 = EDGE_LOOP ( 'NONE', ( #939, #1424, #657, #1928 ) ) ;
#1095 = EDGE_LOOP ( 'NONE', ( #1011, #628, #103, #1856 ) ) ;
#1096 = PLANE ( 'NONE',  #128 ) ;
#1097 = VECTOR ( 'NONE', #1512, 1000.000000000000000 ) ;
#1098 = LINE ( 'NONE', #35, #1308 ) ;
#1099 = EDGE_LOOP ( 'NONE', ( #731, #1167, #1783, #1342 ) ) ;
#1100 = CIRCLE ( 'NONE', #477, 1.725000000000004308 ) ;
#1101 =( NAMED_UNIT ( * ) PLANE_ANGLE_UNIT ( ) SI_UNIT ( $, .RADIAN. ) );
#1102 = ORIENTED_EDGE ( 'NONE', *, *, #777, .T. ) ;
#1103 = VERTEX_POINT ( 'NONE', #434 ) ;
#1104 = AXIS2_PLACEMENT_3D ( 'NONE', #559, #1303, #1904 ) ;
#1105 = DIRECTION ( 'NONE',  ( 0.000000000000000000, 0.000000000000000000, 1.000000000000000000 ) ) ;
#1106 = VECTOR ( 'NONE', #172, 1000.000000000000000 ) ;
#1107 = VECTOR ( 'NONE', #1003, 1000.000000000000000 ) ;
#1108 = EDGE_CURVE ( 'NONE', #18, #627, #1499, .T. ) ;
#1109 = DIRECTION ( 'NONE',  ( -0.000000000000000000, -0.000000000000000000, 1.000000000000000000 ) ) ;
#1110 = EDGE_LOOP ( 'NONE', ( #1885, #1486, #822, #1626 ) ) ;
#1111 = LINE ( 'NONE', #557, #1501 ) ;
#1112 = ORIENTED_EDGE ( 'NONE', *, *, #532, .F. ) ;
#1113 = CARTESIAN_POINT ( 'NONE',  ( 65.00000000000000000, 50.00000000000000000, 36.69999999999999574 ) ) ;
#1114 = CARTESIAN_POINT ( 'NONE',  ( 49.00000000000001421, 55.00000000000000711, 4.971240789819478145 ) ) ;
#1115 = ORIENTED_EDGE ( 'NONE', *, *, #1770, .F. ) ;
#1116 = ORIENTED_EDGE ( 'NONE', *, *, #326, .T. ) ;
#1117 = AXIS2_PLACEMENT_3D ( 'NONE', #632, #199, #1234 ) ;
#1118 = LINE ( 'NONE', #218, #1742 ) ;
#1119 = EDGE_CURVE ( 'NONE', #600, #765, #1233, .T. ) ;
#1120 = DIRECTION ( 'NONE',  ( -0.000000000000000000, -0.000000000000000000, 1.000000000000000000 ) ) ;
#1121 = EDGE_CURVE ( 'NONE', #1914, #414, #595, .T. ) ;
#1122 = VERTEX_POINT ( 'NONE', #121 ) ;
#1123 = ADVANCED_FACE ( 'NONE', ( #1799 ), #1648, .F. ) ;
#1124 = CARTESIAN_POINT ( 'NONE',  ( 22.72500000000000142, 55.00000000000000711, 5.000000000000007105 ) ) ;
#1125 = ORIENTED_EDGE ( 'NONE', *, *, #1670, .T. ) ;
#1126 =( NAMED_UNIT ( * ) SI_UNIT ( $, .STERADIAN. ) SOLID_ANGLE_UNIT ( ) );
#1127 = FACE_OUTER_BOUND ( 'NONE', #1134, .T. ) ;
#1128 = ORIENTED_EDGE ( 'NONE', *, *, #295, .F. ) ;
#1129 = ORIENTED_EDGE ( 'NONE', *, *, #141, .T. ) ;
#1130 = CARTESIAN_POINT ( 'NONE',  ( 70.00000000000000000, 4.999999999999997335, 39.99999999999999289 ) ) ;
#1131 = DIRECTION ( 'NONE',  ( 1.000000000000000000, -0.000000000000000000, -8.673617379884034239E-17 ) ) ;
#1132 = DIRECTION ( 'NONE',  ( 1.000000000000000000, -0.000000000000000000, -0.000000000000000000 ) ) ;
#1133 = FACE_OUTER_BOUND ( 'NONE', #1900, .T. ) ;
#1134 = EDGE_LOOP ( 'NONE', ( #493, #1735, #652, #712 ) ) ;
#1135 = AXIS2_PLACEMENT_3D ( 'NONE', #1639, #885, #1806 ) ;
#1136 = FACE_OUTER_BOUND ( 'NONE', #1277, .T. ) ;
#1137 = ORIENTED_EDGE ( 'NONE', *, *, #64, .T. ) ;
#1138 = ORIENTED_EDGE ( 'NONE', *, *, #1108, .F. ) ;
#1139 = AXIS2_PLACEMENT_3D ( 'NONE', #408, #132, #1012 ) ;
#1140 = CARTESIAN_POINT ( 'NONE',  ( 65.00000000000000000, 0.000000000000000000, 35.00000000000000000 ) ) ;
#1141 = VECTOR ( 'NONE', #933, 1000.000000000000000 ) ;
#1142 = FACE_OUTER_BOUND ( 'NONE', #955, .T. ) ;
#1143 = CIRCLE ( 'NONE', #1747, 1.725000000000000755 ) ;
#1144 = FACE_OUTER_BOUND ( 'NONE', #365, .T. ) ;
#1145 = EDGE_CURVE ( 'NONE', #335, #552, #140, .T. ) ;
#1146 = DIRECTION ( 'NONE',  ( 0.000000000000000000, 1.000000000000000000, 0.000000000000000000 ) ) ;
#1147 = ORIENTED_EDGE ( 'NONE', *, *, #326, .F. ) ;
#1148 = DIRECTION ( 'NONE',  ( 1.000000000000000000, 0.000000000000000000, 0.000000000000000000 ) ) ;
#1149 = DIRECTION ( 'NONE',  ( -0.000000000000000000, 0.000000000000000000, 1.000000000000000000 ) ) ;
#1150 = EDGE_CURVE ( 'NONE', #1543, #980, #908, .T. ) ;
#1151 = VERTEX_POINT ( 'NONE', #324 ) ;
#1152 = EDGE_CURVE ( 'NONE', #846, #1413, #1229, .T. ) ;
#1153 = LINE ( 'NONE', #1113, #316 ) ;
#1154 = AXIS2_PLACEMENT_3D ( 'NONE', #1637, #1803, #1476 ) ;
#1155 = DIRECTION ( 'NONE',  ( -0.000000000000000000, -0.000000000000000000, 1.000000000000000000 ) ) ;
#1156 = LINE ( 'NONE', #207, #734 ) ;
#1157 = CARTESIAN_POINT ( 'NONE',  ( 16.00000000000000000, -9.999999999999994671, 7.225416114969384785E-15 ) ) ;
#1158 = ORIENTED_EDGE ( 'NONE', *, *, #422, .F. ) ;
#1159 = LINE ( 'NONE', #687, #1590 ) ;
#1160 = SHAPE_DEFINITION_REPRESENTATION ( #843, #55 ) ;
#1161 = EDGE_LOOP ( 'NONE', ( #1016, #1208, #1077, #1907 ) ) ;
#1162 = ORIENTED_EDGE ( 'NONE', *, *, #383, .T. ) ;
#1163 = DIRECTION ( 'NONE',  ( 0.000000000000000000, 0.000000000000000000, 1.000000000000000000 ) ) ;
#1164 = ORIENTED_EDGE ( 'NONE', *, *, #393, .F. ) ;
#1165 = DIRECTION ( 'NONE',  ( 0.000000000000000000, 1.000000000000000000, -0.000000000000000000 ) ) ;
#1166 = DIRECTION ( 'NONE',  ( 0.000000000000000000, 0.000000000000000000, 1.000000000000000000 ) ) ;
#1167 = ORIENTED_EDGE ( 'NONE', *, *, #562, .T. ) ;
#1168 = CARTESIAN_POINT ( 'NONE',  ( 50.72500000000002274, 55.00000000000000711, 5.000000000000007105 ) ) ;
#1169 = AXIS2_PLACEMENT_3D ( 'NONE', #1828, #1516, #1817 ) ;
#1170 = ORIENTED_EDGE ( 'NONE', *, *, #655, .F. ) ;
#1171 = ORIENTED_EDGE ( 'NONE', *, *, #1731, .F. ) ;
#1172 = CARTESIAN_POINT ( 'NONE',  ( 16.00000000000000000, 50.00000000000000000, 5.000000000000007105 ) ) ;
#1173 = EDGE_LOOP ( 'NONE', ( #1407, #1724, #1878, #283 ) ) ;
#1174 = DIRECTION ( 'NONE',  ( 0.000000000000000000, 0.000000000000000000, 1.000000000000000000 ) ) ;
#1175 = VECTOR ( 'NONE', #1725, 1000.000000000000000 ) ;
#1176 = EDGE_CURVE ( 'NONE', #39, #1836, #607, .T. ) ;
#1177 =( GEOMETRIC_REPRESENTATION_CONTEXT ( 3 ) GLOBAL_UNCERTAINTY_ASSIGNED_CONTEXT ( ( #1553 ) ) GLOBAL_UNIT_ASSIGNED_CONTEXT ( ( #1236, #1101, #1126 ) ) REPRESENTATION_CONTEXT ( 'NONE', 'WORKASPACE' ) );
#1178 = VECTOR ( 'NONE', #138, 1000.000000000000000 ) ;
#1179 = EDGE_LOOP ( 'NONE', ( #990, #1955, #1525, #1933 ) ) ;
#1180 = CARTESIAN_POINT ( 'NONE',  ( 22.69999999999999929, 55.00000000000000711, 5.000000000000005329 ) ) ;
#1181 = LINE ( 'NONE', #429, #293 ) ;
#1182 = ORIENTED_EDGE ( 'NONE', *, *, #681, .F. ) ;
#1183 = CARTESIAN_POINT ( 'NONE',  ( 16.00000000000000000, 0.000000000000000000, 40.00000000000000000 ) ) ;
#1184 = ORIENTED_EDGE ( 'NONE', *, *, #422, .T. ) ;
#1185 = ADVANCED_FACE ( 'NONE', ( #1241 ), #1584, .F. ) ;
#1186 = DIRECTION ( 'NONE',  ( -1.000000000000000000, 0.000000000000000000, 0.000000000000000000 ) ) ;
#1187 = VECTOR ( 'NONE', #1505, 1000.000000000000000 ) ;
#1188 = VECTOR ( 'NONE', #685, 1000.000000000000000 ) ;
#1189 = DIRECTION ( 'NONE',  ( 8.673617379884034239E-17, -0.000000000000000000, 1.000000000000000000 ) ) ;
#1190 = CYLINDRICAL_SURFACE ( 'NONE', #715, 1.699999999999996625 ) ;
#1191 = ORIENTED_EDGE ( 'NONE', *, *, #1347, .F. ) ;
#1192 = LINE ( 'NONE', #1496, #1075 ) ;
#1193 = CARTESIAN_POINT ( 'NONE',  ( 5.000000000000000000, 49.97124078981948969, 35.00000000000000000 ) ) ;
#1194 = DIRECTION ( 'NONE',  ( -0.000000000000000000, 1.000000000000000000, -0.000000000000000000 ) ) ;
#1195 = CARTESIAN_POINT ( 'NONE',  ( 54.00000000000000711, -9.999999999999994671, 5.000000000000007105 ) ) ;
#1196 = LINE ( 'NONE', #730, #682 ) ;
#1197 = VERTEX_POINT ( 'NONE', #298 ) ;
#1198 = EDGE_CURVE ( 'NONE', #929, #1837, #375, .T. ) ;
#1199 = CARTESIAN_POINT ( 'NONE',  ( 60.00000000000000711, 5.000000000000000000, 29.99999999999999289 ) ) ;
#1200 = LINE ( 'NONE', #925, #856 ) ;
#1201 = AXIS2_PLACEMENT_3D ( 'NONE', #146, #898, #1336 ) ;
#1202 = CARTESIAN_POINT ( 'NONE',  ( 35.00000000000000000, -10.00099999999998879, 6.150000000000003908 ) ) ;
#1203 = VECTOR ( 'NONE', #1858, 1000.000000000000000 ) ;
#1204 = VECTOR ( 'NONE', #1598, 1000.000000000000000 ) ;
#1205 = EDGE_CURVE ( 'NONE', #609, #1197, #770, .T. ) ;
#1206 = CARTESIAN_POINT ( 'NONE',  ( 60.00000000000000711, 4.999999999999997335, 39.99999999999999289 ) ) ;
#1207 = DIRECTION ( 'NONE',  ( -1.000000000000000000, -0.000000000000000000, -0.000000000000000000 ) ) ;
#1208 = ORIENTED_EDGE ( 'NONE', *, *, #861, .F. ) ;
#1209 = PLANE ( 'NONE',  #481 ) ;
#1210 = EDGE_CURVE ( 'NONE', #1065, #125, #941, .T. ) ;
#1211 = DIRECTION ( 'NONE',  ( 1.000000000000000000, 0.000000000000000000, 0.000000000000000000 ) ) ;
#1212 = EDGE_CURVE ( 'NONE', #1699, #743, #1374, .T. ) ;
#1213 = CARTESIAN_POINT ( 'NONE',  ( 65.00000000000000000, 0.000000000000000000, 36.69999999999999574 ) ) ;
#1214 = CIRCLE ( 'NONE', #1689, 1.699999999999993072 ) ;
#1215 = AXIS2_PLACEMENT_3D ( 'NONE', #740, #1333, #456 ) ;
#1216 = VECTOR ( 'NONE', #1461, 1000.000000000000000 ) ;
#1217 = CARTESIAN_POINT ( 'NONE',  ( 44.00000000000000711, -9.999999999999994671, 9.000000000000003553 ) ) ;
#1218 = FACE_OUTER_BOUND ( 'NONE', #1266, .T. ) ;
#1219 = ORIENTED_EDGE ( 'NONE', *, *, #117, .F. ) ;
#1220 = CARTESIAN_POINT ( 'NONE',  ( 49.00000000000001421, -5.000000000000004441, 5.000000000000007105 ) ) ;
#1221 = CARTESIAN_POINT ( 'NONE',  ( 16.00000000000000000, -9.999999999999994671, 7.225416114969384785E-15 ) ) ;
#1222 = ORIENTED_EDGE ( 'NONE', *, *, #341, .T. ) ;
#1223 = LINE ( 'NONE', #629, #1420 ) ;
#1224 = LINE ( 'NONE', #927, #761 ) ;
#1225 = CARTESIAN_POINT ( 'NONE',  ( 22.72500000000000142, 55.00000000000000711, 5.000000000000007105 ) ) ;
#1226 = VERTEX_POINT ( 'NONE', #1394 ) ;
#1227 = CARTESIAN_POINT ( 'NONE',  ( 21.00000000000000000, -5.000000000000004441, 5.000000000000007105 ) ) ;
#1228 = EDGE_LOOP ( 'NONE', ( #1568, #1429, #1656, #1544, #204, #1334, #495, #1182 ) ) ;
#1229 = LINE ( 'NONE', #1356, #1357 ) ;
#1230 = VECTOR ( 'NONE', #1280, 1000.000000000000000 ) ;
#1231 = EDGE_CURVE ( 'NONE', #743, #1372, #1709, .T. ) ;
#1232 = EDGE_CURVE ( 'NONE', #1197, #1860, #1223, .T. ) ;
#1233 = CIRCLE ( 'NONE', #1386, 1.699999999999993072 ) ;
#1234 = DIRECTION ( 'NONE',  ( 0.000000000000000000, 0.000000000000000000, -1.000000000000000000 ) ) ;
#1235 = ORIENTED_EDGE ( 'NONE', *, *, #1561, .T. ) ;
#1236 =( LENGTH_UNIT ( ) NAMED_UNIT ( * ) SI_UNIT ( .MILLI., .METRE. ) );
#1237 = DIRECTION ( 'NONE',  ( 0.000000000000000000, 0.000000000000000000, 1.000000000000000000 ) ) ;
#1238 = VECTOR ( 'NONE', #1084, 1000.000000000000000 ) ;
#1239 = ORIENTED_EDGE ( 'NONE', *, *, #393, .T. ) ;
#1240 = EDGE_LOOP ( 'NONE', ( #164, #1776 ) ) ;
#1241 = FACE_OUTER_BOUND ( 'NONE', #74, .T. ) ;
#1242 = EDGE_CURVE ( 'NONE', #846, #1753, #781, .T. ) ;
#1243 = CYLINDRICAL_SURFACE ( 'NONE', #1690, 1.699999999999993072 ) ;
#1244 = ORIENTED_EDGE ( 'NONE', *, *, #1500, .T. ) ;
#1245 = VECTOR ( 'NONE', #334, 1000.000000000000000 ) ;
#1246 = DIRECTION ( 'NONE',  ( -0.000000000000000000, -0.000000000000000000, 1.000000000000000000 ) ) ;
#1247 = DIRECTION ( 'NONE',  ( 1.000000000000000000, 0.000000000000000000, -0.000000000000000000 ) ) ;
#1248 = VERTEX_POINT ( 'NONE', #1829 ) ;
#1249 = ORIENTED_EDGE ( 'NONE', *, *, #864, .F. ) ;
#1250 = DIRECTION ( 'NONE',  ( 8.034405899053108444E-17, 0.7547095802225126659, -0.6560590289908057038 ) ) ;
#1251 = CARTESIAN_POINT ( 'NONE',  ( 5.000000000000000000, 4.999999999999998224, 33.30000000000001137 ) ) ;
#1252 = ORIENTED_EDGE ( 'NONE', *, *, #1373, .F. ) ;
#1253 = CARTESIAN_POINT ( 'NONE',  ( 47.30000000000001847, 55.00000000000000711, 5.000000000000005329 ) ) ;
#1254 = DIRECTION ( 'NONE',  ( -0.000000000000000000, 1.000000000000000000, -0.000000000000000000 ) ) ;
#1255 = ORIENTED_EDGE ( 'NONE', *, *, #650, .T. ) ;
#1256 = EDGE_CURVE ( 'NONE', #1056, #1640, #54, .T. ) ;
#1257 = ORIENTED_EDGE ( 'NONE', *, *, #453, .F. ) ;
#1258 = LINE ( 'NONE', #1715, #1175 ) ;
#1259 = FACE_OUTER_BOUND ( 'NONE', #869, .T. ) ;
#1260 = CARTESIAN_POINT ( 'NONE',  ( 21.00000000000000000, -5.000000000000004441, -4.336808689942017736E-15 ) ) ;
#1261 = ORIENTED_EDGE ( 'NONE', *, *, #598, .T. ) ;
#1262 = EDGE_CURVE ( 'NONE', #1638, #303, #613, .T. ) ;
#1263 = CIRCLE ( 'NONE', #982, 1.699999999999993072 ) ;
#1264 = DIRECTION ( 'NONE',  ( 1.000000000000000000, 0.000000000000000000, 0.000000000000000000 ) ) ;
#1265 = VERTEX_POINT ( 'NONE', #1213 ) ;
#1266 = EDGE_LOOP ( 'NONE', ( #1381, #53, #1571, #794 ) ) ;
#1267 = AXIS2_PLACEMENT_3D ( 'NONE', #1227, #1667, #11 ) ;
#1268 = EDGE_CURVE ( 'NONE', #1151, #414, #32, .T. ) ;
#1269 = CARTESIAN_POINT ( 'NONE',  ( 65.00000000000000000, 0.000000000000000000, 35.00000000000000000 ) ) ;
#1270 = EDGE_CURVE ( 'NONE', #62, #335, #1060, .T. ) ;
#1271 = CARTESIAN_POINT ( 'NONE',  ( 21.00000000000000000, -5.000000000000004441, 5.000000000000007105 ) ) ;
#1272 = ORIENTED_EDGE ( 'NONE', *, *, #1004, .F. ) ;
#1273 = CARTESIAN_POINT ( 'NONE',  ( 0.000000000000000000, 0.000000000000000000, 40.00000000000000000 ) ) ;
#1274 = ORIENTED_EDGE ( 'NONE', *, *, #1678, .F. ) ;
#1275 = FACE_OUTER_BOUND ( 'NONE', #310, .T. ) ;
#1276 = VERTEX_POINT ( 'NONE', #315 ) ;
#1277 = EDGE_LOOP ( 'NONE', ( #367, #370, #347, #1323 ) ) ;
#1278 = CARTESIAN_POINT ( 'NONE',  ( 0.000000000000000000, 0.000000000000000000, 0.000000000000000000 ) ) ;
#1279 = CARTESIAN_POINT ( 'NONE',  ( 5.000000000000000000, 4.999999999999997335, 35.00000000000000000 ) ) ;
#1280 = DIRECTION ( 'NONE',  ( -0.000000000000000000, -0.000000000000000000, -1.000000000000000000 ) ) ;
#1281 = FACE_OUTER_BOUND ( 'NONE', #31, .T. ) ;
#1282 = ORIENTED_EDGE ( 'NONE', *, *, #577, .T. ) ;
#1283 = DIRECTION ( 'NONE',  ( 1.000000000000000000, 0.000000000000000000, 0.000000000000000000 ) ) ;
#1284 = EDGE_LOOP ( 'NONE', ( #1435, #539 ) ) ;
#1285 = VERTEX_POINT ( 'NONE', #926 ) ;
#1286 = CARTESIAN_POINT ( 'NONE',  ( 44.00000000000000711, 0.000000000000000000, 40.00000000000000000 ) ) ;
#1287 = DIRECTION ( 'NONE',  ( -0.000000000000000000, -0.000000000000000000, 1.000000000000000000 ) ) ;
#1288 = PLANE ( 'NONE',  #524 ) ;
#1289 = EDGE_CURVE ( 'NONE', #1248, #12, #1688, .T. ) ;
#1290 = CARTESIAN_POINT ( 'NONE',  ( 10.00000000000000000, 45.00000000000000000, 30.00000000000000000 ) ) ;
#1291 = ORIENTED_EDGE ( 'NONE', *, *, #1970, .F. ) ;
#1292 = EDGE_CURVE ( 'NONE', #227, #418, #89, .T. ) ;
#1293 = DIRECTION ( 'NONE',  ( -0.000000000000000000, -0.000000000000000000, 1.000000000000000000 ) ) ;
#1294 = ORIENTED_EDGE ( 'NONE', *, *, #1262, .F. ) ;
#1295 = ORIENTED_EDGE ( 'NONE', *, *, #320, .F. ) ;
#1296 = AXIS2_PLACEMENT_3D ( 'NONE', #1923, #727, #565 ) ;
#1297 = CYLINDRICAL_SURFACE ( 'NONE', #447, 1.699999999999993072 ) ;
#1298 = CONICAL_SURFACE ( 'NONE', #1521, 1.725000000000004308, 0.7155849933180703504 ) ;
#1299 = CARTESIAN_POINT ( 'NONE',  ( 65.00000000000000000, 50.00000000000000000, 35.00000000000000000 ) ) ;
#1300 = CARTESIAN_POINT ( 'NONE',  ( 50.70000000000001705, 55.00000000000000711, 4.971240789819478145 ) ) ;
#1301 = CARTESIAN_POINT ( 'NONE',  ( 60.00000000000000711, 45.00000000000000000, 30.00000000000000000 ) ) ;
#1302 = VERTEX_POINT ( 'NONE', #639 ) ;
#1303 = DIRECTION ( 'NONE',  ( -1.000000000000000000, 0.000000000000000000, 0.000000000000000000 ) ) ;
#1304 = ORIENTED_EDGE ( 'NONE', *, *, #895, .F. ) ;
#1305 = EDGE_LOOP ( 'NONE', ( #437, #1600 ) ) ;
#1306 = FACE_OUTER_BOUND ( 'NONE', #876, .T. ) ;
#1307 = ORIENTED_EDGE ( 'NONE', *, *, #1210, .F. ) ;
#1308 = VECTOR ( 'NONE', #464, 1000.000000000000000 ) ;
#1309 = CARTESIAN_POINT ( 'NONE',  ( 54.00000000000000711, 0.000000000000000000, 7.225416114969384785E-15 ) ) ;
#1310 = FACE_OUTER_BOUND ( 'NONE', #1973, .T. ) ;
#1311 = ORIENTED_EDGE ( 'NONE', *, *, #1380, .T. ) ;
#1312 = CARTESIAN_POINT ( 'NONE',  ( 54.00000000000000711, -9.999999999999994671, 5.000000000000007105 ) ) ;
#1313 = DIRECTION ( 'NONE',  ( 0.000000000000000000, 6.938893903907227392E-16, 1.000000000000000000 ) ) ;
#1314 = ORIENTED_EDGE ( 'NONE', *, *, #1441, .T. ) ;
#1315 = EDGE_CURVE ( 'NONE', #1837, #1734, #795, .T. ) ;
#1316 = DIRECTION ( 'NONE',  ( -0.000000000000000000, -0.000000000000000000, 1.000000000000000000 ) ) ;
#1317 = ORIENTED_EDGE ( 'NONE', *, *, #1920, .T. ) ;
#1318 = FACE_OUTER_BOUND ( 'NONE', #1228, .T. ) ;
#1319 = ORIENTED_EDGE ( 'NONE', *, *, #1231, .F. ) ;
#1320 = DIRECTION ( 'NONE',  ( -0.000000000000000000, -1.000000000000000000, -1.734723475976806848E-16 ) ) ;
#1321 = CIRCLE ( 'NONE', #788, 1.699999999999996625 ) ;
#1322 = DIRECTION ( 'NONE',  ( 1.000000000000000000, 0.000000000000000000, 0.000000000000000000 ) ) ;
#1323 = ORIENTED_EDGE ( 'NONE', *, *, #1670, .F. ) ;
#1324 = EDGE_CURVE ( 'NONE', #627, #1843, #1118, .T. ) ;
#1325 = DIRECTION ( 'NONE',  ( 0.000000000000000000, 0.000000000000000000, 1.000000000000000000 ) ) ;
#1326 = ORIENTED_EDGE ( 'NONE', *, *, #288, .F. ) ;
#1327 = CARTESIAN_POINT ( 'NONE',  ( 5.000000000000000000, 50.00000000000000000, 35.00000000000000000 ) ) ;
#1328 = VECTOR ( 'NONE', #699, 1000.000000000000000 ) ;
#1329 = EDGE_CURVE ( 'NONE', #1622, #276, #75, .T. ) ;
#1330 = VECTOR ( 'NONE', #1048, 1000.000000000000000 ) ;
#1331 = AXIS2_PLACEMENT_3D ( 'NONE', #466, #1675, #311 ) ;
#1332 = LINE ( 'NONE', #1971, #441 ) ;
#1333 = DIRECTION ( 'NONE',  ( -0.000000000000000000, 1.000000000000000000, -0.000000000000000000 ) ) ;
#1334 = ORIENTED_EDGE ( 'NONE', *, *, #916, .T. ) ;
#1335 = CARTESIAN_POINT ( 'NONE',  ( -3.035766082959411232E-15, 0.000000000000000000, 5.000000000000011546 ) ) ;
#1336 = DIRECTION ( 'NONE',  ( 0.000000000000000000, 0.000000000000000000, 1.000000000000000000 ) ) ;
#1337 = DIRECTION ( 'NONE',  ( 0.000000000000000000, 0.000000000000000000, -1.000000000000000000 ) ) ;
#1338 = AXIS2_PLACEMENT_3D ( 'NONE', #302, #445, #1322 ) ;
#1339 = AXIS2_PLACEMENT_3D ( 'NONE', #118, #1001, #857 ) ;
#1340 = CARTESIAN_POINT ( 'NONE',  ( 65.00000000000000000, 50.00000000000000000, 35.00000000000000000 ) ) ;
#1341 = PLANE ( 'NONE',  #1154 ) ;
#1342 = ORIENTED_EDGE ( 'NONE', *, *, #64, .F. ) ;
#1343 = LINE ( 'NONE', #1335, #1749 ) ;
#1344 = FACE_BOUND ( 'NONE', #1419, .T. ) ;
#1345 = DIRECTION ( 'NONE',  ( 1.000000000000000000, 0.000000000000000000, 0.000000000000000000 ) ) ;
#1346 = EDGE_CURVE ( 'NONE', #193, #1786, #1263, .T. ) ;
#1347 = EDGE_CURVE ( 'NONE', #1607, #646, #21, .T. ) ;
#1348 = DIRECTION ( 'NONE',  ( 1.000000000000000000, 0.000000000000000000, 0.000000000000000000 ) ) ;
#1349 = EDGE_CURVE ( 'NONE', #999, #1197, #1886, .T. ) ;
#1350 = FACE_OUTER_BOUND ( 'NONE', #452, .T. ) ;
#1351 = ORIENTED_EDGE ( 'NONE', *, *, #864, .T. ) ;
#1352 = CARTESIAN_POINT ( 'NONE',  ( 0.000000000000000000, 0.000000000000000000, 40.00000000000000000 ) ) ;
#1353 = CARTESIAN_POINT ( 'NONE',  ( 5.000000000000000000, 50.00000000000000000, 36.72500000000000853 ) ) ;
#1354 = ORIENTED_EDGE ( 'NONE', *, *, #320, .T. ) ;
#1355 = AXIS2_PLACEMENT_3D ( 'NONE', #463, #1642, #1664 ) ;
#1356 = CARTESIAN_POINT ( 'NONE',  ( 60.00000000000000711, 4.999999999999997335, 39.99999999999999289 ) ) ;
#1357 = VECTOR ( 'NONE', #159, 1000.000000000000000 ) ;
#1358 = EDGE_CURVE ( 'NONE', #686, #1741, #1592, .T. ) ;
#1359 = CIRCLE ( 'NONE', #509, 1.725000000000000755 ) ;
#1360 = DIRECTION ( 'NONE',  ( 0.000000000000000000, 0.000000000000000000, -1.000000000000000000 ) ) ;
#1361 = FACE_OUTER_BOUND ( 'NONE', #44, .T. ) ;
#1362 = EDGE_LOOP ( 'NONE', ( #474, #1610, #710, #1291 ) ) ;
#1363 = FACE_OUTER_BOUND ( 'NONE', #1377, .T. ) ;
#1364 = DIRECTION ( 'NONE',  ( -0.000000000000000000, -0.000000000000000000, 1.000000000000000000 ) ) ;
#1365 = CARTESIAN_POINT ( 'NONE',  ( 21.00000000000000000, -5.000000000000004441, 5.000000000000007105 ) ) ;
#1366 = VECTOR ( 'NONE', #1572, 1000.000000000000000 ) ;
#1367 = CARTESIAN_POINT ( 'NONE',  ( 54.00000000000000711, -9.999999999999994671, 7.225416114969384785E-15 ) ) ;
#1368 = CARTESIAN_POINT ( 'NONE',  ( 60.00000000000000711, 45.00000000000000711, 40.00000000000000000 ) ) ;
#1369 = ORIENTED_EDGE ( 'NONE', *, *, #1268, .T. ) ;
#1370 = DIRECTION ( 'NONE',  ( -0.000000000000000000, -0.000000000000000000, 1.000000000000000000 ) ) ;
#1371 = EDGE_LOOP ( 'NONE', ( #965, #97, #1317, #1573 ) ) ;
#1372 = VERTEX_POINT ( 'NONE', #340 ) ;
#1373 = EDGE_CURVE ( 'NONE', #1265, #1581, #1458, .T. ) ;
#1374 = LINE ( 'NONE', #1821, #1839 ) ;
#1375 = EDGE_CURVE ( 'NONE', #678, #208, #1100, .T. ) ;
#1376 = DIRECTION ( 'NONE',  ( 0.000000000000000000, 0.000000000000000000, -1.000000000000000000 ) ) ;
#1377 = EDGE_LOOP ( 'NONE', ( #1026, #17, #1417, #810 ) ) ;
#1378 = AXIS2_PLACEMENT_3D ( 'NONE', #1889, #985, #815 ) ;
#1379 = DIRECTION ( 'NONE',  ( -0.000000000000000000, -0.000000000000000000, 1.000000000000000000 ) ) ;
#1380 = EDGE_CURVE ( 'NONE', #1581, #1265, #507, .T. ) ;
#1381 = ORIENTED_EDGE ( 'NONE', *, *, #120, .F. ) ;
#1382 = ORIENTED_EDGE ( 'NONE', *, *, #86, .F. ) ;
#1383 = DIRECTION ( 'NONE',  ( -0.000000000000000000, -0.000000000000000000, 1.000000000000000000 ) ) ;
#1384 = VECTOR ( 'NONE', #151, 1000.000000000000000 ) ;
#1385 = EDGE_CURVE ( 'NONE', #998, #733, #1258, .T. ) ;
#1386 = AXIS2_PLACEMENT_3D ( 'NONE', #1782, #289, #269 ) ;
#1387 = DIRECTION ( 'NONE',  ( 0.000000000000000000, 0.000000000000000000, -1.000000000000000000 ) ) ;
#1388 = ORIENTED_EDGE ( 'NONE', *, *, #1027, .F. ) ;
#1389 = VECTOR ( 'NONE', #1861, 1000.000000000000000 ) ;
#1390 = DIRECTION ( 'NONE',  ( 0.000000000000000000, 0.000000000000000000, 1.000000000000000000 ) ) ;
#1391 = CIRCLE ( 'NONE', #896, 1.699999999999993072 ) ;
#1392 = ORIENTED_EDGE ( 'NONE', *, *, #1649, .F. ) ;
#1393 = ORIENTED_EDGE ( 'NONE', *, *, #1876, .F. ) ;
#1394 = CARTESIAN_POINT ( 'NONE',  ( 26.00000000000000355, -9.999999999999994671, 9.000000000000003553 ) ) ;
#1395 = ADVANCED_FACE ( 'NONE', ( #970, #666, #1414 ), #1578, .T. ) ;
#1396 = FACE_BOUND ( 'NONE', #647, .T. ) ;
#1397 = EDGE_LOOP ( 'NONE', ( #246, #759, #1147, #1615 ) ) ;
#1398 = AXIS2_PLACEMENT_3D ( 'NONE', #1301, #102, #974 ) ;
#1399 = SURFACE_SIDE_STYLE ('',( #202 ) ) ;
#1400 = CARTESIAN_POINT ( 'NONE',  ( 26.00000000000000355, -9.999999999999994671, 9.000000000000003553 ) ) ;
#1401 = EDGE_LOOP ( 'NONE', ( #361, #579, #1261, #63 ) ) ;
#1402 = ORIENTED_EDGE ( 'NONE', *, *, #1289, .T. ) ;
#1403 = CARTESIAN_POINT ( 'NONE',  ( 65.00000000000000000, 4.999999999999997335, 35.00000000000000000 ) ) ;
#1404 = DIRECTION ( 'NONE',  ( 0.000000000000000000, 1.000000000000000000, 0.000000000000000000 ) ) ;
#1405 = EDGE_CURVE ( 'NONE', #319, #18, #960, .T. ) ;
#1406 = LINE ( 'NONE', #672, #1366 ) ;
#1407 = ORIENTED_EDGE ( 'NONE', *, *, #1547, .F. ) ;
#1408 = EDGE_CURVE ( 'NONE', #232, #912, #837, .T. ) ;
#1409 = CARTESIAN_POINT ( 'NONE',  ( 70.00000000000000000, 50.00000000000000000, 0.000000000000000000 ) ) ;
#1410 = EDGE_CURVE ( 'NONE', #719, #979, #372, .T. ) ;
#1411 = CARTESIAN_POINT ( 'NONE',  ( 54.00000000000000711, 60.00000000000000711, 7.225416114969384785E-15 ) ) ;
#1412 = ORIENTED_EDGE ( 'NONE', *, *, #1081, .T. ) ;
#1413 = VERTEX_POINT ( 'NONE', #1130 ) ;
#1414 = FACE_BOUND ( 'NONE', #292, .T. ) ;
#1415 = CARTESIAN_POINT ( 'NONE',  ( 10.00000000000000000, 45.00000000000000000, 30.00000000000000000 ) ) ;
#1416 = CIRCLE ( 'NONE', #122, 1.725000000000004308 ) ;
#1417 = ORIENTED_EDGE ( 'NONE', *, *, #3, .T. ) ;
#1418 = FACE_BOUND ( 'NONE', #1481, .T. ) ;
#1419 = EDGE_LOOP ( 'NONE', ( #371, #112 ) ) ;
#1420 = VECTOR ( 'NONE', #306, 1000.000000000000000 ) ;
#1421 = CARTESIAN_POINT ( 'NONE',  ( 41.15000000000000568, -10.00099999999998879, 1.573671136904350243E-15 ) ) ;
#1422 = LINE ( 'NONE', #514, #584 ) ;
#1423 = FACE_OUTER_BOUND ( 'NONE', #1713, .T. ) ;
#1424 = ORIENTED_EDGE ( 'NONE', *, *, #1349, .F. ) ;
#1425 = MECHANICAL_DESIGN_GEOMETRIC_PRESENTATION_REPRESENTATION (  '', ( #738 ), #1177 ) ;
#1426 = DIRECTION ( 'NONE',  ( 0.000000000000000000, 1.000000000000000000, 0.000000000000000000 ) ) ;
#1427 = VECTOR ( 'NONE', #1254, 1000.000000000000000 ) ;
#1428 = DIRECTION ( 'NONE',  ( 0.000000000000000000, 0.000000000000000000, 1.000000000000000000 ) ) ;
#1429 = ORIENTED_EDGE ( 'NONE', *, *, #1232, .F. ) ;
#1430 = CARTESIAN_POINT ( 'NONE',  ( 10.00000000000000000, 0.000000000000000000, 0.000000000000000000 ) ) ;
#1431 = EDGE_LOOP ( 'NONE', ( #1392, #266, #583, #1925 ) ) ;
#1432 = CONICAL_SURFACE ( 'NONE', #674, 1.725000000000000755, 0.7155849933176252620 ) ;
#1433 = CYLINDRICAL_SURFACE ( 'NONE', #23, 1.699999999999993072 ) ;
#1434 = ORIENTED_EDGE ( 'NONE', *, *, #117, .T. ) ;
#1435 = ORIENTED_EDGE ( 'NONE', *, *, #1849, .F. ) ;
#1436 = CIRCLE ( 'NONE', #1338, 1.700000000000000178 ) ;
#1437 = CARTESIAN_POINT ( 'NONE',  ( 5.000000000000000000, 45.00000000000000000, 35.00000000000000000 ) ) ;
#1438 = LINE ( 'NONE', #229, #1721 ) ;
#1439 = EDGE_CURVE ( 'NONE', #1443, #1741, #923, .T. ) ;
#1440 = DIRECTION ( 'NONE',  ( -0.000000000000000000, -0.000000000000000000, 1.000000000000000000 ) ) ;
#1441 = EDGE_CURVE ( 'NONE', #1517, #991, #541, .T. ) ;
#1442 = DIRECTION ( 'NONE',  ( -1.000000000000000000, 0.000000000000000000, 0.000000000000000000 ) ) ;
#1443 = VERTEX_POINT ( 'NONE', #386 ) ;
#1444 = DIRECTION ( 'NONE',  ( 1.000000000000000000, 0.000000000000000000, 0.000000000000000000 ) ) ;
#1445 =( NAMED_UNIT ( * ) PLANE_ANGLE_UNIT ( ) SI_UNIT ( $, .RADIAN. ) );
#1446 = ORIENTED_EDGE ( 'NONE', *, *, #630, .F. ) ;
#1447 = ORIENTED_EDGE ( 'NONE', *, *, #1728, .F. ) ;
#1448 = DIRECTION ( 'NONE',  ( 1.000000000000000000, 0.000000000000000000, 0.000000000000000000 ) ) ;
#1449 = ADVANCED_FACE ( 'NONE', ( #992 ), #1096, .T. ) ;
#1450 = CARTESIAN_POINT ( 'NONE',  ( 49.00000000000001421, 55.00000000000000711, 5.000000000000005329 ) ) ;
#1451 = CARTESIAN_POINT ( 'NONE',  ( 44.00000000000000711, -9.999999999999994671, 5.000000000000007994 ) ) ;
#1452 = CYLINDRICAL_SURFACE ( 'NONE', #771, 6.150000000000001243 ) ;
#1453 = ORIENTED_EDGE ( 'NONE', *, *, #270, .F. ) ;
#1454 = AXIS2_PLACEMENT_3D ( 'NONE', #1195, #1189, #1832 ) ;
#1455 = DIRECTION ( 'NONE',  ( -0.000000000000000000, 1.000000000000000000, -0.000000000000000000 ) ) ;
#1456 = LINE ( 'NONE', #1893, #1787 ) ;
#1457 = ORIENTED_EDGE ( 'NONE', *, *, #1623, .F. ) ;
#1458 = CIRCLE ( 'NONE', #860, 1.699999999999993072 ) ;
#1459 = DIRECTION ( 'NONE',  ( 1.000000000000000000, 0.000000000000000000, 0.000000000000000000 ) ) ;
#1460 = LINE ( 'NONE', #1202, #221 ) ;
#1461 = DIRECTION ( 'NONE',  ( -1.000000000000000000, 0.000000000000000000, -8.673617379884034239E-17 ) ) ;
#1462 = EDGE_LOOP ( 'NONE', ( #1596, #30 ) ) ;
#1463 = EDGE_CURVE ( 'NONE', #232, #107, #1044, .T. ) ;
#1464 = CARTESIAN_POINT ( 'NONE',  ( 26.00000000000000355, -9.999999999999994671, 9.000000000000003553 ) ) ;
#1465 = APPLICATION_PROTOCOL_DEFINITION ( 'draft international standard', 'automotive_design', 1998, #9 ) ;
#1466 = ORIENTED_EDGE ( 'NONE', *, *, #953, .T. ) ;
#1467 = ORIENTED_EDGE ( 'NONE', *, *, #174, .F. ) ;
#1468 = AXIS2_PLACEMENT_3D ( 'NONE', #43, #1684, #327 ) ;
#1469 = LINE ( 'NONE', #109, #870 ) ;
#1470 = ORIENTED_EDGE ( 'NONE', *, *, #1346, .T. ) ;
#1471 = VECTOR ( 'NONE', #1073, 1000.000000000000000 ) ;
#1472 = CARTESIAN_POINT ( 'NONE',  ( 47.27500000000001279, 55.00000000000000711, 5.000000000000007105 ) ) ;
#1473 = ADVANCED_FACE ( 'NONE', ( #83 ), #1297, .F. ) ;
#1474 = VERTEX_POINT ( 'NONE', #397 ) ;
#1475 = DIRECTION ( 'NONE',  ( -0.000000000000000000, -0.000000000000000000, 1.000000000000000000 ) ) ;
#1476 = DIRECTION ( 'NONE',  ( 1.000000000000000000, 0.000000000000000000, 8.673617379884034239E-17 ) ) ;
#1477 = EDGE_CURVE ( 'NONE', #487, #929, #1153, .T. ) ;
#1478 = VERTEX_POINT ( 'NONE', #329 ) ;
#1479 = EDGE_CURVE ( 'NONE', #107, #184, #834, .T. ) ;
#1480 = CARTESIAN_POINT ( 'NONE',  ( 49.00000000000001421, 55.00000000000000711, 5.000000000000007105 ) ) ;
#1481 = EDGE_LOOP ( 'NONE', ( #633, #1763 ) ) ;
#1482 = LINE ( 'NONE', #423, #444 ) ;
#1483 = FACE_OUTER_BOUND ( 'NONE', #677, .T. ) ;
#1484 = VECTOR ( 'NONE', #1761, 1000.000000000000000 ) ;
#1485 = FACE_BOUND ( 'NONE', #323, .T. ) ;
#1486 = ORIENTED_EDGE ( 'NONE', *, *, #1502, .F. ) ;
#1487 = DIRECTION ( 'NONE',  ( 0.000000000000000000, 1.000000000000000000, -6.938893903907227392E-16 ) ) ;
#1488 = ORIENTED_EDGE ( 'NONE', *, *, #1479, .F. ) ;
#1489 = DIRECTION ( 'NONE',  ( 0.000000000000000000, 6.938893903907227392E-16, 1.000000000000000000 ) ) ;
#1490 = AXIS2_PLACEMENT_3D ( 'NONE', #1942, #1345, #1337 ) ;
#1491 = AXIS2_PLACEMENT_3D ( 'NONE', #807, #517, #1448 ) ;
#1492 = CIRCLE ( 'NONE', #1331, 1.699999999999996625 ) ;
#1493 = CARTESIAN_POINT ( 'NONE',  ( 5.000000000000000000, 0.000000000000000000, 36.69999999999999574 ) ) ;
#1494 = DIRECTION ( 'NONE',  ( 0.000000000000000000, -1.000000000000000000, 0.000000000000000000 ) ) ;
#1495 = ORIENTED_EDGE ( 'NONE', *, *, #1358, .F. ) ;
#1496 = CARTESIAN_POINT ( 'NONE',  ( 0.000000000000000000, 0.000000000000000000, 40.00000000000000000 ) ) ;
#1497 = EDGE_CURVE ( 'NONE', #1720, #12, #1844, .T. ) ;
#1498 = PLANE ( 'NONE',  #1135 ) ;
#1499 = LINE ( 'NONE', #1650, #578 ) ;
#1500 = EDGE_CURVE ( 'NONE', #733, #1914, #491, .T. ) ;
#1501 = VECTOR ( 'NONE', #1879, 1000.000000000000000 ) ;
#1502 = EDGE_CURVE ( 'NONE', #1753, #609, #675, .T. ) ;
#1503 = MANIFOLD_SOLID_BREP ( 'M3 ‚·‚«‚ÜŒŠ2', #900 ) ;
#1504 = LINE ( 'NONE', #1959, #336 ) ;
#1505 = DIRECTION ( 'NONE',  ( 0.000000000000000000, 0.000000000000000000, -1.000000000000000000 ) ) ;
#1506 = EDGE_LOOP ( 'NONE', ( #785, #1031, #173, #384 ) ) ;
#1507 = LINE ( 'NONE', #1816, #1178 ) ;
#1508 = DIRECTION ( 'NONE',  ( -0.000000000000000000, 1.000000000000000000, -0.000000000000000000 ) ) ;
#1509 = ORIENTED_EDGE ( 'NONE', *, *, #1970, .T. ) ;
#1510 = DIRECTION ( 'NONE',  ( 1.000000000000000000, 0.000000000000000000, 0.000000000000000000 ) ) ;
#1511 = APPLICATION_CONTEXT ( 'automotive_design' ) ;
#1512 = DIRECTION ( 'NONE',  ( 0.000000000000000000, 1.000000000000000000, 0.000000000000000000 ) ) ;
#1513 = CARTESIAN_POINT ( 'NONE',  ( 35.00000000000000000, -9.999999999999994671, 2.326828918379971365E-15 ) ) ;
#1514 = ORIENTED_EDGE ( 'NONE', *, *, #833, .T. ) ;
#1515 = FACE_BOUND ( 'NONE', #378, .T. ) ;
#1516 = DIRECTION ( 'NONE',  ( -0.000000000000000000, -0.000000000000000000, 1.000000000000000000 ) ) ;
#1517 = VERTEX_POINT ( 'NONE', #1409 ) ;
#1518 = VECTOR ( 'NONE', #754, 1000.000000000000000 ) ;
#1519 = DIRECTION ( 'NONE',  ( -0.000000000000000000, -0.000000000000000000, 1.000000000000000000 ) ) ;
#1520 = CIRCLE ( 'NONE', #412, 6.150000000000001243 ) ;
#1521 = AXIS2_PLACEMENT_3D ( 'NONE', #1028, #1892, #729 ) ;
#1522 = AXIS2_PLACEMENT_3D ( 'NONE', #46, #29, #1237 ) ;
#1523 = DIRECTION ( 'NONE',  ( -0.6560590289905214867, 8.034405899049627595E-17, 0.7547095802227596906 ) ) ;
#1524 = FACE_OUTER_BOUND ( 'NONE', #1179, .T. ) ;
#1525 = ORIENTED_EDGE ( 'NONE', *, *, #895, .T. ) ;
#1526 = EDGE_CURVE ( 'NONE', #208, #678, #1680, .T. ) ;
#1527 = CARTESIAN_POINT ( 'NONE',  ( 65.00000000000000000, 49.97124078981948969, 33.30000000000001137 ) ) ;
#1528 = LINE ( 'NONE', #1939, #1546 ) ;
#1529 = CARTESIAN_POINT ( 'NONE',  ( 0.000000000000000000, 0.000000000000000000, 40.00000000000000000 ) ) ;
#1530 = AXIS2_PLACEMENT_3D ( 'NONE', #1533, #1376, #1550 ) ;
#1531 = EDGE_CURVE ( 'NONE', #1741, #1443, #1549, .T. ) ;
#1532 = CARTESIAN_POINT ( 'NONE',  ( 49.00000000000001421, -5.000000000000004441, -4.336808689942017736E-15 ) ) ;
#1533 = CARTESIAN_POINT ( 'NONE',  ( 0.000000000000000000, 0.000000000000000000, 40.00000000000000000 ) ) ;
#1534 = ORIENTED_EDGE ( 'NONE', *, *, #1262, .T. ) ;
#1535 = DIRECTION ( 'NONE',  ( -0.000000000000000000, -0.000000000000000000, 1.000000000000000000 ) ) ;
#1536 = EDGE_LOOP ( 'NONE', ( #836, #119, #446, #790 ) ) ;
#1537 = EDGE_CURVE ( 'NONE', #1815, #414, #213, .T. ) ;
#1538 = CARTESIAN_POINT ( 'NONE',  ( 0.000000000000000000, 0.000000000000000000, 0.000000000000000000 ) ) ;
#1539 = FACE_OUTER_BOUND ( 'NONE', #883, .T. ) ;
#1540 = ORIENTED_EDGE ( 'NONE', *, *, #1346, .F. ) ;
#1541 = CARTESIAN_POINT ( 'NONE',  ( 0.000000000000000000, 0.000000000000000000, 40.00000000000000000 ) ) ;
#1542 = FACE_OUTER_BOUND ( 'NONE', #950, .T. ) ;
#1543 = VERTEX_POINT ( 'NONE', #966 ) ;
#1544 = ORIENTED_EDGE ( 'NONE', *, *, #1559, .F. ) ;
#1545 = CARTESIAN_POINT ( 'NONE',  ( 19.30000000000000426, -5.000000000000004441, 5.000000000000005329 ) ) ;
#1546 = VECTOR ( 'NONE', #612, 1000.000000000000000 ) ;
#1547 = EDGE_CURVE ( 'NONE', #168, #1836, #644, .T. ) ;
#1548 = AXIS2_PLACEMENT_3D ( 'NONE', #1612, #1023, #871 ) ;
#1549 = CIRCLE ( 'NONE', #703, 1.700000000000000178 ) ;
#1550 = DIRECTION ( 'NONE',  ( -1.000000000000000000, 0.000000000000000000, -0.000000000000000000 ) ) ;
#1551 = ORIENTED_EDGE ( 'NONE', *, *, #1854, .F. ) ;
#1552 = CIRCLE ( 'NONE', #1811, 1.700000000000000178 ) ;
#1553 = UNCERTAINTY_MEASURE_WITH_UNIT (LENGTH_MEASURE( 1.000000000000000082E-05 ), #1236, 'distance_accuracy_value', 'NONE');
#1554 = DIRECTION ( 'NONE',  ( 1.000000000000000000, 0.000000000000000000, 0.000000000000000000 ) ) ;
#1555 = DIRECTION ( 'NONE',  ( -0.000000000000000000, -0.000000000000000000, -1.000000000000000000 ) ) ;
#1556 = VERTEX_POINT ( 'NONE', #1565 ) ;
#1557 = EDGE_LOOP ( 'NONE', ( #1115, #1184, #932, #741 ) ) ;
#1558 = DIRECTION ( 'NONE',  ( -1.000000000000000000, 0.000000000000000000, -0.000000000000000000 ) ) ;
#1559 = EDGE_CURVE ( 'NONE', #1413, #609, #1082, .T. ) ;
#1560 = EDGE_CURVE ( 'NONE', #765, #600, #640, .T. ) ;
#1561 = EDGE_CURVE ( 'NONE', #110, #1666, #225, .T. ) ;
#1562 = DIRECTION ( 'NONE',  ( 0.000000000000000000, 0.000000000000000000, 1.000000000000000000 ) ) ;
#1563 = ORIENTED_EDGE ( 'NONE', *, *, #916, .F. ) ;
#1564 = VECTOR ( 'NONE', #482, 1000.000000000000000 ) ;
#1565 = CARTESIAN_POINT ( 'NONE',  ( 28.85000000000000497, -9.999999999999994671, 3.079986699855593078E-15 ) ) ;
#1566 = CARTESIAN_POINT ( 'NONE',  ( 5.000000000000000000, 49.97124078981948969, 36.69999999999998863 ) ) ;
#1567 = ORIENTED_EDGE ( 'NONE', *, *, #182, .F. ) ;
#1568 = ORIENTED_EDGE ( 'NONE', *, *, #626, .F. ) ;
#1569 = CARTESIAN_POINT ( 'NONE',  ( 16.00000000000000000, -9.999999999999994671, 7.225416114969384785E-15 ) ) ;
#1570 = DIRECTION ( 'NONE',  ( 1.000000000000000000, 0.000000000000000000, 0.000000000000000000 ) ) ;
#1571 = ORIENTED_EDGE ( 'NONE', *, *, #453, .T. ) ;
#1572 = DIRECTION ( 'NONE',  ( 0.000000000000000000, 1.000000000000000000, 0.000000000000000000 ) ) ;
#1573 = ORIENTED_EDGE ( 'NONE', *, *, #92, .T. ) ;
#1574 = DIRECTION ( 'NONE',  ( 0.000000000000000000, 2.602085213965210149E-16, -1.000000000000000000 ) ) ;
#1575 = DIRECTION ( 'NONE',  ( 0.000000000000000000, -2.602085213965210149E-16, 1.000000000000000000 ) ) ;
#1576 = DIRECTION ( 'NONE',  ( 1.000000000000000000, 0.000000000000000000, 0.000000000000000000 ) ) ;
#1577 = ORIENTED_EDGE ( 'NONE', *, *, #1794, .F. ) ;
#1578 = PLANE ( 'NONE',  #314 ) ;
#1579 = LINE ( 'NONE', #829, #280 ) ;
#1580 = AXIS2_PLACEMENT_3D ( 'NONE', #683, #42, #1428 ) ;
#1581 = VERTEX_POINT ( 'NONE', #1853 ) ;
#1582 = DIRECTION ( 'NONE',  ( 1.000000000000000000, 0.000000000000000000, 0.000000000000000000 ) ) ;
#1583 = ORIENTED_EDGE ( 'NONE', *, *, #1625, .T. ) ;
#1584 = CONICAL_SURFACE ( 'NONE', #1898, 1.725000000000004308, 0.7155849933180703504 ) ;
#1585 = DIRECTION ( 'NONE',  ( -0.000000000000000000, -0.000000000000000000, -1.000000000000000000 ) ) ;
#1586 = DIRECTION ( 'NONE',  ( -0.6560590289904696393, 8.034405899048992808E-17, 0.7547095802228047656 ) ) ;
#1587 = PLANE ( 'NONE',  #1718 ) ;
#1588 = EDGE_CURVE ( 'NONE', #1302, #1413, #947, .T. ) ;
#1589 = ORIENTED_EDGE ( 'NONE', *, *, #356, .T. ) ;
#1590 = VECTOR ( 'NONE', #381, 1000.000000000000000 ) ;
#1591 = ADVANCED_FACE ( 'NONE', ( #1732 ), #1433, .F. ) ;
#1592 = LINE ( 'NONE', #1706, #1203 ) ;
#1593 = CARTESIAN_POINT ( 'NONE',  ( 54.00000000000000711, 50.00000000000000000, 5.000000000000007105 ) ) ;
#1594 = CARTESIAN_POINT ( 'NONE',  ( 16.00000000000000000, -9.999999999999994671, 7.225416114969384785E-15 ) ) ;
#1595 = PLANE ( 'NONE',  #1085 ) ;
#1596 = ORIENTED_EDGE ( 'NONE', *, *, #92, .F. ) ;
#1597 = EDGE_CURVE ( 'NONE', #401, #1006, #1143, .T. ) ;
#1598 = DIRECTION ( 'NONE',  ( 0.000000000000000000, 1.000000000000000000, 0.000000000000000000 ) ) ;
#1599 = PLANE ( 'NONE',  #263 ) ;
#1600 = ORIENTED_EDGE ( 'NONE', *, *, #1649, .T. ) ;
#1601 = VECTOR ( 'NONE', #748, 1000.000000000000114 ) ;
#1602 = AXIS2_PLACEMENT_3D ( 'NONE', #868, #993, #1163 ) ;
#1603 = CARTESIAN_POINT ( 'NONE',  ( 54.00000000000000711, -9.999999999999994671, 7.225416114969384785E-15 ) ) ;
#1604 = DIRECTION ( 'NONE',  ( 0.000000000000000000, 0.000000000000000000, -1.000000000000000000 ) ) ;
#1605 = DIRECTION ( 'NONE',  ( 1.000000000000000000, 0.000000000000000000, 0.000000000000000000 ) ) ;
#1606 = DIRECTION ( 'NONE',  ( 0.000000000000000000, 0.000000000000000000, -1.000000000000000000 ) ) ;
#1607 = VERTEX_POINT ( 'NONE', #402 ) ;
#1608 = FACE_OUTER_BOUND ( 'NONE', #592, .T. ) ;
#1609 = ORIENTED_EDGE ( 'NONE', *, *, #1963, .F. ) ;
#1610 = ORIENTED_EDGE ( 'NONE', *, *, #858, .T. ) ;
#1611 = CARTESIAN_POINT ( 'NONE',  ( 26.00000000000000355, -9.999999999999994671, 5.000000000000007994 ) ) ;
#1612 = CARTESIAN_POINT ( 'NONE',  ( 26.00000000000000355, -9.999999999999994671, 9.000000000000003553 ) ) ;
#1613 = ADVANCED_FACE ( 'NONE', ( #1743, #874 ), #1007, .F. ) ;
#1614 = LINE ( 'NONE', #964, #648 ) ;
#1615 = ORIENTED_EDGE ( 'NONE', *, *, #1625, .F. ) ;
#1616 = VECTOR ( 'NONE', #622, 1000.000000000000000 ) ;
#1617 = FACE_OUTER_BOUND ( 'NONE', #1371, .T. ) ;
#1618 = DIRECTION ( 'NONE',  ( 1.000000000000000000, 0.000000000000000000, -8.673617379884034239E-17 ) ) ;
#1619 = ORIENTED_EDGE ( 'NONE', *, *, #1497, .F. ) ;
#1620 = VECTOR ( 'NONE', #277, 1000.000000000000000 ) ;
#1621 = CARTESIAN_POINT ( 'NONE',  ( 65.00000000000000000, 4.999999999999997335, 35.00000000000000000 ) ) ;
#1622 = VERTEX_POINT ( 'NONE', #1312 ) ;
#1623 = EDGE_CURVE ( 'NONE', #1815, #1285, #881, .T. ) ;
#1624 = LINE ( 'NONE', #899, #1620 ) ;
#1625 = EDGE_CURVE ( 'NONE', #573, #1478, #1628, .T. ) ;
#1626 = ORIENTED_EDGE ( 'NONE', *, *, #1152, .T. ) ;
#1627 = ADVANCED_FACE ( 'NONE', ( #1483 ), #264, .T. ) ;
#1628 = LINE ( 'NONE', #245, #284 ) ;
#1629 = CARTESIAN_POINT ( 'NONE',  ( 47.30000000000001847, -5.000000000000004441, -4.336808689942017736E-15 ) ) ;
#1630 = ORIENTED_EDGE ( 'NONE', *, *, #833, .F. ) ;
#1631 = CIRCLE ( 'NONE', #1215, 1.725000000000004308 ) ;
#1632 = CARTESIAN_POINT ( 'NONE',  ( 26.00000000000000355, 60.00000000000000711, 9.000000000000003553 ) ) ;
#1633 = ORIENTED_EDGE ( 'NONE', *, *, #242, .T. ) ;
#1634 = CONICAL_SURFACE ( 'NONE', #840, 1.725000000000004308, 0.7155849933176938737 ) ;
#1635 = FACE_OUTER_BOUND ( 'NONE', #854, .T. ) ;
#1636 = LINE ( 'NONE', #1784, #1938 ) ;
#1637 = CARTESIAN_POINT ( 'NONE',  ( 16.00000000000000000, -9.999999999999994671, 5.000000000000007105 ) ) ;
#1638 = VERTEX_POINT ( 'NONE', #1915 ) ;
#1639 = CARTESIAN_POINT ( 'NONE',  ( 0.000000000000000000, 0.000000000000000000, 0.000000000000000000 ) ) ;
#1640 = VERTEX_POINT ( 'NONE', #1168 ) ;
#1641 = PLANE ( 'NONE',  #1490 ) ;
#1642 = DIRECTION ( 'NONE',  ( -0.000000000000000000, -0.000000000000000000, 1.000000000000000000 ) ) ;
#1643 = DIRECTION ( 'NONE',  ( 1.000000000000000000, 0.000000000000000000, 0.000000000000000000 ) ) ;
#1644 = ORIENTED_EDGE ( 'NONE', *, *, #1373, .T. ) ;
#1645 = CARTESIAN_POINT ( 'NONE',  ( 65.00000000000000000, 4.999999999999998224, 33.30000000000001137 ) ) ;
#1646 = EDGE_CURVE ( 'NONE', #567, #39, #1159, .T. ) ;
#1647 = DIRECTION ( 'NONE',  ( 0.000000000000000000, -1.000000000000000000, -1.734723475976806848E-16 ) ) ;
#1648 = CONICAL_SURFACE ( 'NONE', #1013, 1.725000000000004308, 0.7155849933181046563 ) ;
#1649 = EDGE_CURVE ( 'NONE', #107, #232, #891, .T. ) ;
#1650 = CARTESIAN_POINT ( 'NONE',  ( 16.00000000000000000, -9.999999999999994671, 5.000000000000007105 ) ) ;
#1651 = VECTOR ( 'NONE', #1320, 1000.000000000000000 ) ;
#1652 = VECTOR ( 'NONE', #1555, 1000.000000000000000 ) ;
#1653 = AXIS2_PLACEMENT_3D ( 'NONE', #1114, #1855, #676 ) ;
#1654 = CARTESIAN_POINT ( 'NONE',  ( 47.27500000000001279, 55.00000000000000711, 5.000000000000007105 ) ) ;
#1655 = CARTESIAN_POINT ( 'NONE',  ( 49.00000000000001421, -5.000000000000004441, 5.000000000000005329 ) ) ;
#1656 = ORIENTED_EDGE ( 'NONE', *, *, #1205, .F. ) ;
#1657 = ADVANCED_FACE ( 'NONE', ( #1136 ), #550, .F. ) ;
#1658 = LINE ( 'NONE', #1040, #1330 ) ;
#1659 = DIRECTION ( 'NONE',  ( 0.000000000000000000, 0.000000000000000000, 1.000000000000000000 ) ) ;
#1660 = CIRCLE ( 'NONE', #930, 6.150000000000001243 ) ;
#1661 = CARTESIAN_POINT ( 'NONE',  ( 0.000000000000000000, 0.000000000000000000, 0.000000000000000000 ) ) ;
#1662 = ADVANCED_FACE ( 'NONE', ( #1617 ), #1298, .F. ) ;
#1663 = CONICAL_SURFACE ( 'NONE', #806, 1.725000000000004308, 0.7155849933176938737 ) ;
#1664 = DIRECTION ( 'NONE',  ( 1.000000000000000000, 0.000000000000000000, 0.000000000000000000 ) ) ;
#1665 = LINE ( 'NONE', #608, #1601 ) ;
#1666 = VERTEX_POINT ( 'NONE', #568 ) ;
#1667 = DIRECTION ( 'NONE',  ( -0.000000000000000000, -0.000000000000000000, 1.000000000000000000 ) ) ;
#1668 = LINE ( 'NONE', #1221, #307 ) ;
#1669 = CARTESIAN_POINT ( 'NONE',  ( 16.00000000000000000, 60.00000000000000711, 7.225416114969384785E-15 ) ) ;
#1670 = EDGE_CURVE ( 'NONE', #344, #1443, #255, .T. ) ;
#1671 = FACE_BOUND ( 'NONE', #430, .T. ) ;
#1672 = CARTESIAN_POINT ( 'NONE',  ( 65.00000000000000000, 50.00000000000000000, 35.00000000000000000 ) ) ;
#1673 = ORIENTED_EDGE ( 'NONE', *, *, #1081, .F. ) ;
#1674 = VECTOR ( 'NONE', #77, 1000.000000000000000 ) ;
#1675 = DIRECTION ( 'NONE',  ( -0.000000000000000000, -0.000000000000000000, 1.000000000000000000 ) ) ;
#1676 = CARTESIAN_POINT ( 'NONE',  ( 5.000000000000000000, 4.999999999999996447, 36.69999999999999574 ) ) ;
#1677 = DIRECTION ( 'NONE',  ( -0.000000000000000000, -0.000000000000000000, 1.000000000000000000 ) ) ;
#1678 = EDGE_CURVE ( 'NONE', #1226, #1022, #853, .T. ) ;
#1679 = VECTOR ( 'NONE', #175, 1000.000000000000000 ) ;
#1680 = CIRCLE ( 'NONE', #546, 1.725000000000004308 ) ;
#1681 = EDGE_CURVE ( 'NONE', #564, #979, #696, .T. ) ;
#1682 = DIRECTION ( 'NONE',  ( -0.000000000000000000, -0.000000000000000000, 1.000000000000000000 ) ) ;
#1683 = EDGE_CURVE ( 'NONE', #552, #855, #1636, .T. ) ;
#1684 = DIRECTION ( 'NONE',  ( 0.000000000000000000, -1.000000000000000000, 6.938893903907227392E-16 ) ) ;
#1685 = EDGE_LOOP ( 'NONE', ( #1551, #1222, #355, #1158 ) ) ;
#1686 = DIRECTION ( 'NONE',  ( 0.000000000000000000, -6.938893903907227392E-16, -1.000000000000000000 ) ) ;
#1687 = ORIENTED_EDGE ( 'NONE', *, *, #707, .F. ) ;
#1688 = LINE ( 'NONE', #1538, #1679 ) ;
#1689 = AXIS2_PLACEMENT_3D ( 'NONE', #1279, #1737, #758 ) ;
#1690 = AXIS2_PLACEMENT_3D ( 'NONE', #1672, #944, #177 ) ;
#1691 = CARTESIAN_POINT ( 'NONE',  ( 47.30000000000001847, 55.00000000000000711, 4.971240789819478145 ) ) ;
#1692 = VERTEX_POINT ( 'NONE', #234 ) ;
#1693 = CARTESIAN_POINT ( 'NONE',  ( 5.000000000000000000, 0.000000000000000000, 35.00000000000000000 ) ) ;
#1694 = CARTESIAN_POINT ( 'NONE',  ( 10.00000000000000000, 4.999999999999997335, 39.99999999999999289 ) ) ;
#1695 = ORIENTED_EDGE ( 'NONE', *, *, #887, .F. ) ;
#1696 = ORIENTED_EDGE ( 'NONE', *, *, #1061, .F. ) ;
#1697 = DIRECTION ( 'NONE',  ( 0.000000000000000000, 0.000000000000000000, 1.000000000000000000 ) ) ;
#1698 = FACE_OUTER_BOUND ( 'NONE', #1796, .T. ) ;
#1699 = VERTEX_POINT ( 'NONE', #80 ) ;
#1700 = EDGE_CURVE ( 'NONE', #303, #1372, #844, .T. ) ;
#1701 = FILL_AREA_STYLE ('',( #45 ) ) ;
#1702 = DIRECTION ( 'NONE',  ( 1.000000000000000000, 0.000000000000000000, 0.000000000000000000 ) ) ;
#1703 = ORIENTED_EDGE ( 'NONE', *, *, #1463, .F. ) ;
#1704 = EDGE_LOOP ( 'NONE', ( #27, #1714, #945, #1388 ) ) ;
#1705 = ADVANCED_FACE ( 'NONE', ( #1608 ), #1926, .F. ) ;
#1706 = CARTESIAN_POINT ( 'NONE',  ( 19.30000000000000426, 55.00000000000000711, 5.000000000000005329 ) ) ;
#1707 = EDGE_CURVE ( 'NONE', #538, #1226, #155, .T. ) ;
#1708 = CIRCLE ( 'NONE', #540, 1.699999999999986189 ) ;
#1709 = CIRCLE ( 'NONE', #1043, 1.725000000000000755 ) ;
#1710 = CARTESIAN_POINT ( 'NONE',  ( 50.70000000000001705, 55.00000000000000711, -4.336808689942017736E-15 ) ) ;
#1711 = ORIENTED_EDGE ( 'NONE', *, *, #1061, .T. ) ;
#1712 = DIRECTION ( 'NONE',  ( 0.000000000000000000, 0.000000000000000000, 1.000000000000000000 ) ) ;
#1713 = EDGE_LOOP ( 'NONE', ( #1314, #996, #894, #1851, #15, #1354, #1589, #217, #728, #1609, #1630, #515 ) ) ;
#1714 = ORIENTED_EDGE ( 'NONE', *, *, #823, .T. ) ;
#1715 = CARTESIAN_POINT ( 'NONE',  ( 0.000000000000000000, 4.999999999999997335, 39.99999999999999289 ) ) ;
#1716 = CARTESIAN_POINT ( 'NONE',  ( 26.00000000000000355, -9.999999999999994671, 5.000000000000007994 ) ) ;
#1717 = ORIENTED_EDGE ( 'NONE', *, *, #1035, .F. ) ;
#1718 = AXIS2_PLACEMENT_3D ( 'NONE', #1008, #835, #1618 ) ;
#1719 = DIRECTION ( 'NONE',  ( -0.000000000000000000, -0.000000000000000000, 1.000000000000000000 ) ) ;
#1720 = VERTEX_POINT ( 'NONE', #1835 ) ;
#1721 = VECTOR ( 'NONE', #1888, 1000.000000000000000 ) ;
#1722 = CARTESIAN_POINT ( 'NONE',  ( 0.000000000000000000, 45.00000000000000000, 30.00000000000000000 ) ) ;
#1723 = VERTEX_POINT ( 'NONE', #304 ) ;
#1724 = ORIENTED_EDGE ( 'NONE', *, *, #940, .F. ) ;
#1725 = DIRECTION ( 'NONE',  ( 0.000000000000000000, 2.602085213965210149E-16, -1.000000000000000000 ) ) ;
#1726 = CARTESIAN_POINT ( 'NONE',  ( 60.00000000000000711, 45.00000000000000000, 30.00000000000000000 ) ) ;
#1727 = ORIENTED_EDGE ( 'NONE', *, *, #691, .F. ) ;
#1728 = EDGE_CURVE ( 'NONE', #998, #1720, #1192, .T. ) ;
#1729 = LINE ( 'NONE', #357, #431 ) ;
#1730 = ORIENTED_EDGE ( 'NONE', *, *, #1678, .T. ) ;
#1731 = EDGE_CURVE ( 'NONE', #1556, #319, #1974, .T. ) ;
#1732 = FACE_OUTER_BOUND ( 'NONE', #1789, .T. ) ;
#1733 = LINE ( 'NONE', #337, #1427 ) ;
#1734 = VERTEX_POINT ( 'NONE', #768 ) ;
#1735 = ORIENTED_EDGE ( 'NONE', *, *, #1035, .T. ) ;
#1736 = DIRECTION ( 'NONE',  ( 0.000000000000000000, 0.000000000000000000, -1.000000000000000000 ) ) ;
#1737 = DIRECTION ( 'NONE',  ( -0.000000000000000000, 1.000000000000000000, 2.602085213965210149E-16 ) ) ;
#1738 = LINE ( 'NONE', #388, #1674 ) ;
#1739 = EDGE_CURVE ( 'NONE', #1006, #401, #1359, .T. ) ;
#1740 = DIRECTION ( 'NONE',  ( 1.000000000000000000, 0.000000000000000000, 8.673617379884034239E-17 ) ) ;
#1741 = VERTEX_POINT ( 'NONE', #475 ) ;
#1742 = VECTOR ( 'NONE', #1864, 1000.000000000000000 ) ;
#1743 = FACE_BOUND ( 'NONE', #1940, .T. ) ;
#1744 = CARTESIAN_POINT ( 'NONE',  ( 0.000000000000000000, 0.000000000000000000, 0.000000000000000000 ) ) ;
#1745 = EDGE_LOOP ( 'NONE', ( #1834, #47, #1351, #358 ) ) ;
#1746 = EDGE_LOOP ( 'NONE', ( #476, #642, #1962, #1326, #256, #1862, #338, #521 ) ) ;
#1747 = AXIS2_PLACEMENT_3D ( 'NONE', #708, #1293, #1934 ) ;
#1748 = DIRECTION ( 'NONE',  ( -1.000000000000000000, -0.000000000000000000, -0.000000000000000000 ) ) ;
#1749 = VECTOR ( 'NONE', #750, 1000.000000000000000 ) ;
#1750 = CARTESIAN_POINT ( 'NONE',  ( 26.00000000000000355, 0.000000000000000000, 9.000000000000003553 ) ) ;
#1751 = DIRECTION ( 'NONE',  ( 0.000000000000000000, 0.000000000000000000, 1.000000000000000000 ) ) ;
#1752 = CARTESIAN_POINT ( 'NONE',  ( 60.00000000000000711, 45.00000000000000711, 40.00000000000000000 ) ) ;
#1753 = VERTEX_POINT ( 'NONE', #1199 ) ;
#1754 = CARTESIAN_POINT ( 'NONE',  ( 10.00000000000000000, 45.00000000000000711, 40.00000000000000000 ) ) ;
#1755 = ORIENTED_EDGE ( 'NONE', *, *, #1759, .F. ) ;
#1756 = ORIENTED_EDGE ( 'NONE', *, *, #1232, .T. ) ;
#1757 = VECTOR ( 'NONE', #170, 1000.000000000000000 ) ;
#1758 = DIRECTION ( 'NONE',  ( -0.000000000000000000, 1.000000000000000000, -0.000000000000000000 ) ) ;
#1759 = EDGE_CURVE ( 'NONE', #1372, #743, #160, .T. ) ;
#1760 = FACE_OUTER_BOUND ( 'NONE', #171, .T. ) ;
#1761 = DIRECTION ( 'NONE',  ( -0.000000000000000000, 1.000000000000000000, 1.734723475976807094E-16 ) ) ;
#1762 = PLANE ( 'NONE',  #233 ) ;
#1763 = ORIENTED_EDGE ( 'NONE', *, *, #1119, .T. ) ;
#1764 = CARTESIAN_POINT ( 'NONE',  ( 49.00000000000001421, 55.00000000000000711, -4.336808689942017736E-15 ) ) ;
#1765 = DIRECTION ( 'NONE',  ( 0.000000000000000000, 0.000000000000000000, -1.000000000000000000 ) ) ;
#1766 = ORIENTED_EDGE ( 'NONE', *, *, #1108, .T. ) ;
#1767 = EDGE_CURVE ( 'NONE', #1723, #1837, #1076, .T. ) ;
#1768 = DIRECTION ( 'NONE',  ( 8.034405899053423988E-17, 0.7547095802224901284, -0.6560590289908314610 ) ) ;
#1769 = ORIENTED_EDGE ( 'NONE', *, *, #152, .T. ) ;
#1770 = EDGE_CURVE ( 'NONE', #457, #73, #1658, .T. ) ;
#1771 = CARTESIAN_POINT ( 'NONE',  ( 44.00000000000000711, -9.999999999999994671, 5.000000000000007994 ) ) ;
#1772 = ADVANCED_FACE ( 'NONE', ( #438, #1066 ), #1209, .T. ) ;
#1773 = CARTESIAN_POINT ( 'NONE',  ( 5.000000000000000000, 50.00000000000000000, 35.00000000000000000 ) ) ;
#1774 = ORIENTED_EDGE ( 'NONE', *, *, #1739, .F. ) ;
#1775 = DIRECTION ( 'NONE',  ( 0.000000000000000000, 0.000000000000000000, 1.000000000000000000 ) ) ;
#1776 = ORIENTED_EDGE ( 'NONE', *, *, #1526, .F. ) ;
#1777 = ORIENTED_EDGE ( 'NONE', *, *, #505, .F. ) ;
#1778 = COLOUR_RGB ( '',0.7921568627450980005, 0.8196078431372548767, 0.9333333333333333481 ) ;
#1779 = CYLINDRICAL_SURFACE ( 'NONE', #1881, 1.699999999999993072 ) ;
#1780 = ORIENTED_EDGE ( 'NONE', *, *, #825, .F. ) ;
#1781 = AXIS2_PLACEMENT_3D ( 'NONE', #369, #784, #978 ) ;
#1782 = CARTESIAN_POINT ( 'NONE',  ( 5.000000000000000000, 0.000000000000000000, 35.00000000000000000 ) ) ;
#1783 = ORIENTED_EDGE ( 'NONE', *, *, #1526, .T. ) ;
#1784 = CARTESIAN_POINT ( 'NONE',  ( 26.00000000000000355, 60.00000000000000711, 9.000000000000003553 ) ) ;
#1785 = DIRECTION ( 'NONE',  ( 0.000000000000000000, 0.000000000000000000, 1.000000000000000000 ) ) ;
#1786 = VERTEX_POINT ( 'NONE', #1645 ) ;
#1787 = VECTOR ( 'NONE', #1313, 1000.000000000000000 ) ;
#1788 = DIRECTION ( 'NONE',  ( 0.000000000000000000, -0.000000000000000000, 1.000000000000000000 ) ) ;
#1789 = EDGE_LOOP ( 'NONE', ( #205, #1906, #1282, #1777 ) ) ;
#1790 = AXIS2_PLACEMENT_3D ( 'NONE', #718, #1719, #1582 ) ;
#1791 = CARTESIAN_POINT ( 'NONE',  ( 44.00000000000000711, -9.999999999999994671, 9.000000000000003553 ) ) ;
#1792 = ADVANCED_FACE ( 'NONE', ( #1515, #1363 ), #776, .T. ) ;
#1793 = CARTESIAN_POINT ( 'NONE',  ( 28.85000000000000497, -10.00099999999998879, 3.079986699855593078E-15 ) ) ;
#1794 = EDGE_CURVE ( 'NONE', #600, #273, #1507, .T. ) ;
#1795 = DIRECTION ( 'NONE',  ( -0.000000000000000000, 1.000000000000000000, -0.000000000000000000 ) ) ;
#1796 = EDGE_LOOP ( 'NONE', ( #1756, #40, #1164, #1846 ) ) ;
#1797 = DIRECTION ( 'NONE',  ( -0.000000000000000000, 1.000000000000000000, -0.000000000000000000 ) ) ;
#1798 = CARTESIAN_POINT ( 'NONE',  ( 65.00000000000000000, 50.00000000000000000, 33.30000000000001137 ) ) ;
#1799 = FACE_OUTER_BOUND ( 'NONE', #8, .T. ) ;
#1800 = EDGE_CURVE ( 'NONE', #979, #276, #1343, .T. ) ;
#1801 = CARTESIAN_POINT ( 'NONE',  ( 10.00000000000000000, 45.00000000000000000, 30.00000000000000000 ) ) ;
#1802 = AXIS2_PLACEMENT_3D ( 'NONE', #305, #1487, #751 ) ;
#1803 = DIRECTION ( 'NONE',  ( -8.673617379884034239E-17, 0.000000000000000000, 1.000000000000000000 ) ) ;
#1804 = ORIENTED_EDGE ( 'NONE', *, *, #262, .F. ) ;
#1805 = DIRECTION ( 'NONE',  ( 0.000000000000000000, 0.000000000000000000, 1.000000000000000000 ) ) ;
#1806 = DIRECTION ( 'NONE',  ( -1.000000000000000000, 0.000000000000000000, -0.000000000000000000 ) ) ;
#1807 = ORIENTED_EDGE ( 'NONE', *, *, #1876, .T. ) ;
#1808 = VECTOR ( 'NONE', #468, 1000.000000000000000 ) ;
#1809 = CARTESIAN_POINT ( 'NONE',  ( 22.69999999999999929, -5.000000000000004441, 5.000000000000005329 ) ) ;
#1810 = VECTOR ( 'NONE', #60, 1000.000000000000000 ) ;
#1811 = AXIS2_PLACEMENT_3D ( 'NONE', #1532, #1440, #693 ) ;
#1812 = VECTOR ( 'NONE', #1586, 1000.000000000000000 ) ;
#1813 = FACE_OUTER_BOUND ( 'NONE', #904, .T. ) ;
#1814 = CARTESIAN_POINT ( 'NONE',  ( 21.00000000000000000, -5.000000000000004441, 5.000000000000005329 ) ) ;
#1815 = VERTEX_POINT ( 'NONE', #294 ) ;
#1816 = CARTESIAN_POINT ( 'NONE',  ( 5.000000000000000000, 50.00000000000000000, 33.30000000000001137 ) ) ;
#1817 = DIRECTION ( 'NONE',  ( 1.000000000000000000, 0.000000000000000000, 0.000000000000000000 ) ) ;
#1818 = ORIENTED_EDGE ( 'NONE', *, *, #1827, .F. ) ;
#1819 = ADVANCED_FACE ( 'NONE', ( #617 ), #322, .F. ) ;
#1820 = AXIS2_PLACEMENT_3D ( 'NONE', #782, #189, #641 ) ;
#1821 = CARTESIAN_POINT ( 'NONE',  ( 22.72500000000000142, -5.000000000000004441, 5.000000000000007105 ) ) ;
#1822 = VECTOR ( 'NONE', #851, 1000.000000000000000 ) ;
#1823 = LINE ( 'NONE', #1793, #471 ) ;
#1824 = LINE ( 'NONE', #291, #1187 ) ;
#1825 = ORIENTED_EDGE ( 'NONE', *, *, #707, .T. ) ;
#1826 = DIRECTION ( 'NONE',  ( 1.000000000000000000, 0.000000000000000000, 0.000000000000000000 ) ) ;
#1827 = EDGE_CURVE ( 'NONE', #1720, #1302, #757, .T. ) ;
#1828 = CARTESIAN_POINT ( 'NONE',  ( 49.00000000000001421, -5.000000000000004441, 5.000000000000007105 ) ) ;
#1829 = CARTESIAN_POINT ( 'NONE',  ( 0.000000000000000000, 50.00000000000000000, 0.000000000000000000 ) ) ;
#1830 = ADVANCED_FACE ( 'NONE', ( #1964 ), #1941, .F. ) ;
#1831 = EDGE_CURVE ( 'NONE', #686, #344, #1492, .T. ) ;
#1832 = DIRECTION ( 'NONE',  ( 1.000000000000000000, 0.000000000000000000, -8.673617379884034239E-17 ) ) ;
#1833 = FACE_OUTER_BOUND ( 'NONE', #1873, .T. ) ;
#1834 = ORIENTED_EDGE ( 'NONE', *, *, #152, .F. ) ;
#1835 = CARTESIAN_POINT ( 'NONE',  ( 0.000000000000000000, 0.000000000000000000, 40.00000000000000000 ) ) ;
#1836 = VERTEX_POINT ( 'NONE', #924 ) ;
#1837 = VERTEX_POINT ( 'NONE', #1527 ) ;
#1838 = DIRECTION ( 'NONE',  ( -0.000000000000000000, 1.000000000000000000, -0.000000000000000000 ) ) ;
#1839 = VECTOR ( 'NONE', #169, 1000.000000000000000 ) ;
#1840 = VECTOR ( 'NONE', #179, 1000.000000000000000 ) ;
#1841 = AXIS2_PLACEMENT_3D ( 'NONE', #1872, #330, #1702 ) ;
#1842 = CARTESIAN_POINT ( 'NONE',  ( 0.000000000000000000, 0.000000000000000000, 0.000000000000000000 ) ) ;
#1843 = VERTEX_POINT ( 'NONE', #166 ) ;
#1844 = LINE ( 'NONE', #1541, #668 ) ;
#1845 = CARTESIAN_POINT ( 'NONE',  ( 54.00000000000000711, 50.00000000000000000, 40.00000000000000000 ) ) ;
#1846 = ORIENTED_EDGE ( 'NONE', *, *, #1349, .T. ) ;
#1847 = VERTEX_POINT ( 'NONE', #1566 ) ;
#1848 = CARTESIAN_POINT ( 'NONE',  ( 65.00000000000000000, 49.97124078981948969, 35.00000000000000000 ) ) ;
#1849 = EDGE_CURVE ( 'NONE', #689, #273, #1391, .T. ) ;
#1850 = DIRECTION ( 'NONE',  ( 1.000000000000000000, 0.000000000000000000, 0.000000000000000000 ) ) ;
#1851 = ORIENTED_EDGE ( 'NONE', *, *, #1, .T. ) ;
#1852 = ADVANCED_FACE ( 'NONE', ( #1127 ), #811, .F. ) ;
#1853 = CARTESIAN_POINT ( 'NONE',  ( 65.00000000000000000, 0.000000000000000000, 33.30000000000001137 ) ) ;
#1854 = EDGE_CURVE ( 'NONE', #991, #457, #215, .T. ) ;
#1855 = DIRECTION ( 'NONE',  ( -0.000000000000000000, -0.000000000000000000, 1.000000000000000000 ) ) ;
#1856 = ORIENTED_EDGE ( 'NONE', *, *, #1231, .T. ) ;
#1857 = ORIENTED_EDGE ( 'NONE', *, *, #1707, .F. ) ;
#1858 = DIRECTION ( 'NONE',  ( -0.000000000000000000, -0.000000000000000000, 1.000000000000000000 ) ) ;
#1859 = PLANE ( 'NONE',  #716 ) ;
#1860 = VERTEX_POINT ( 'NONE', #16 ) ;
#1861 = DIRECTION ( 'NONE',  ( -1.000000000000000000, -0.000000000000000000, -0.000000000000000000 ) ) ;
#1862 = ORIENTED_EDGE ( 'NONE', *, *, #571, .F. ) ;
#1863 = VERTEX_POINT ( 'NONE', #1411 ) ;
#1864 = DIRECTION ( 'NONE',  ( 1.000000000000000000, -0.000000000000000000, 8.673617379884034239E-17 ) ) ;
#1865 = DIRECTION ( 'NONE',  ( -0.000000000000000000, -0.000000000000000000, -1.000000000000000000 ) ) ;
#1866 = VERTEX_POINT ( 'NONE', #645 ) ;
#1867 = VECTOR ( 'NONE', #462, 1000.000000000000000 ) ;
#1868 = AXIS2_PLACEMENT_3D ( 'NONE', #997, #416, #865 ) ;
#1869 = FACE_OUTER_BOUND ( 'NONE', #426, .T. ) ;
#1870 = ORIENTED_EDGE ( 'NONE', *, *, #449, .T. ) ;
#1871 = DIRECTION ( 'NONE',  ( -0.000000000000000000, 1.000000000000000000, -0.000000000000000000 ) ) ;
#1872 = CARTESIAN_POINT ( 'NONE',  ( 49.00000000000001421, 55.00000000000000711, 5.000000000000005329 ) ) ;
#1873 = EDGE_LOOP ( 'NONE', ( #220, #261, #1086, #1047, #36, #1727, #157, #972, #1514, #1369, #1087, #1009 ) ) ;
#1874 = VERTEX_POINT ( 'NONE', #485 ) ;
#1875 = DIRECTION ( 'NONE',  ( 0.000000000000000000, 1.000000000000000000, 0.000000000000000000 ) ) ;
#1876 = EDGE_CURVE ( 'NONE', #1265, #193, #1733, .T. ) ;
#1877 = DIRECTION ( 'NONE',  ( 0.000000000000000000, -1.734723475976807094E-16, 1.000000000000000000 ) ) ;
#1878 = ORIENTED_EDGE ( 'NONE', *, *, #1646, .T. ) ;
#1879 = DIRECTION ( 'NONE',  ( -1.000000000000000000, -0.000000000000000000, -0.000000000000000000 ) ) ;
#1880 = ORIENTED_EDGE ( 'NONE', *, *, #1944, .T. ) ;
#1881 = AXIS2_PLACEMENT_3D ( 'NONE', #1299, #725, #1020 ) ;
#1882 = DIRECTION ( 'NONE',  ( 0.000000000000000000, 1.000000000000000000, 0.000000000000000000 ) ) ;
#1883 = PLANE ( 'NONE',  #952 ) ;
#1884 = ORIENTED_EDGE ( 'NONE', *, *, #1944, .F. ) ;
#1885 = ORIENTED_EDGE ( 'NONE', *, *, #1559, .T. ) ;
#1886 = LINE ( 'NONE', #658, #251 ) ;
#1887 = EDGE_CURVE ( 'NONE', #1741, #1006, #967, .T. ) ;
#1888 = DIRECTION ( 'NONE',  ( 1.000000000000000000, 0.000000000000000000, 8.673617379884034239E-17 ) ) ;
#1889 = CARTESIAN_POINT ( 'NONE',  ( 5.000000000000000000, 50.00000000000000000, 35.00000000000000000 ) ) ;
#1890 = DIRECTION ( 'NONE',  ( -0.000000000000000000, 1.000000000000000000, -0.000000000000000000 ) ) ;
#1891 = ORIENTED_EDGE ( 'NONE', *, *, #887, .T. ) ;
#1892 = DIRECTION ( 'NONE',  ( -0.000000000000000000, 1.000000000000000000, -0.000000000000000000 ) ) ;
#1893 = CARTESIAN_POINT ( 'NONE',  ( 10.00000000000000000, 45.00000000000000711, 40.00000000000000000 ) ) ;
#1894 = EDGE_LOOP ( 'NONE', ( #958, #778, #818, #1382 ) ) ;
#1895 = DIRECTION ( 'NONE',  ( 0.000000000000000000, 0.000000000000000000, -1.000000000000000000 ) ) ;
#1896 = DIRECTION ( 'NONE',  ( -0.000000000000000000, -1.000000000000000000, -2.602085213965210149E-16 ) ) ;
#1897 = CARTESIAN_POINT ( 'NONE',  ( 0.000000000000000000, 4.999999999999997335, 39.99999999999999289 ) ) ;
#1898 = AXIS2_PLACEMENT_3D ( 'NONE', #1968, #760, #1697 ) ;
#1899 = CARTESIAN_POINT ( 'NONE',  ( 35.00000000000000000, -10.00099999999998879, 2.326828918379971365E-15 ) ) ;
#1900 = EDGE_LOOP ( 'NONE', ( #1457, #339, #830, #1446 ) ) ;
#1901 = PRODUCT ( 'mocap_space', 'mocap_space', '', ( #95 ) ) ;
#1902 = ADVANCED_FACE ( 'NONE', ( #1275 ), #161, .F. ) ;
#1903 = AXIS2_PLACEMENT_3D ( 'NONE', #206, #981, #814 ) ;
#1904 = DIRECTION ( 'NONE',  ( 0.000000000000000000, 0.000000000000000000, 1.000000000000000000 ) ) ;
#1905 = APPLICATION_PROTOCOL_DEFINITION ( 'draft international standard', 'automotive_design', 1998, #1511 ) ;
#1906 = ORIENTED_EDGE ( 'NONE', *, *, #126, .T. ) ;
#1907 = ORIENTED_EDGE ( 'NONE', *, *, #1681, .T. ) ;
#1908 = AXIS2_PLACEMENT_3D ( 'NONE', #905, #1535, #145 ) ;
#1909 = CARTESIAN_POINT ( 'NONE',  ( 5.000000000000000000, 50.00000000000000000, 35.00000000000000000 ) ) ;
#1910 = DIRECTION ( 'NONE',  ( 1.000000000000000000, 0.000000000000000000, 0.000000000000000000 ) ) ;
#1911 = LINE ( 'NONE', #1771, #638 ) ;
#1912 = ADVANCED_FACE ( 'NONE', ( #821 ), #360, .F. ) ;
#1913 = CARTESIAN_POINT ( 'NONE',  ( 21.00000000000000000, -5.000000000000004441, 5.000000000000005329 ) ) ;
#1914 = VERTEX_POINT ( 'NONE', #1722 ) ;
#1915 = CARTESIAN_POINT ( 'NONE',  ( 19.30000000000000426, -5.000000000000004441, -4.336808689942017736E-15 ) ) ;
#1916 = CARTESIAN_POINT ( 'NONE',  ( 44.00000000000000711, -9.999999999999994671, 5.000000000000007994 ) ) ;
#1917 = ADVANCED_FACE ( 'NONE', ( #948, #1542 ), #937, .T. ) ;
#1918 = EDGE_LOOP ( 'NONE', ( #1488, #1703, #1038, #1880 ) ) ;
#1919 = CIRCLE ( 'NONE', #390, 1.699999999999996625 ) ;
#1920 = EDGE_CURVE ( 'NONE', #929, #498, #1422, .T. ) ;
#1921 = CARTESIAN_POINT ( 'NONE',  ( 65.00000000000000000, 45.00000000000000000, 36.69999999999999574 ) ) ;
#1922 = ORIENTED_EDGE ( 'NONE', *, *, #1380, .F. ) ;
#1923 = CARTESIAN_POINT ( 'NONE',  ( 16.00000000000000000, -9.999999999999994671, 7.225416114969384785E-15 ) ) ;
#1924 = CYLINDRICAL_SURFACE ( 'NONE', #520, 1.699999999999993072 ) ;
#1925 = ORIENTED_EDGE ( 'NONE', *, *, #1408, .F. ) ;
#1926 = CYLINDRICAL_SURFACE ( 'NONE', #1014, 1.699999999999993072 ) ;
#1927 = FACE_BOUND ( 'NONE', #1462, .T. ) ;
#1928 = ORIENTED_EDGE ( 'NONE', *, *, #1502, .T. ) ;
#1929 = DIRECTION ( 'NONE',  ( -1.000000000000000000, -0.000000000000000000, -0.000000000000000000 ) ) ;
#1930 = EDGE_LOOP ( 'NONE', ( #1644, #1311 ) ) ;
#1931 = CARTESIAN_POINT ( 'NONE',  ( 70.00000000000000000, 0.000000000000000000, 40.00000000000000000 ) ) ;
#1932 = VECTOR ( 'NONE', #472, 1000.000000000000000 ) ;
#1933 = ORIENTED_EDGE ( 'NONE', *, *, #1477, .F. ) ;
#1934 = DIRECTION ( 'NONE',  ( 1.000000000000000000, 0.000000000000000000, 0.000000000000000000 ) ) ;
#1935 = DIRECTION ( 'NONE',  ( 0.000000000000000000, -0.000000000000000000, -1.000000000000000000 ) ) ;
#1936 = ORIENTED_EDGE ( 'NONE', *, *, #1029, .T. ) ;
#1937 = VECTOR ( 'NONE', #363, 1000.000000000000000 ) ;
#1938 = VECTOR ( 'NONE', #1148, 1000.000000000000000 ) ;
#1939 = CARTESIAN_POINT ( 'NONE',  ( 26.00000000000000355, -9.999999999999994671, 9.000000000000003553 ) ) ;
#1940 = EDGE_LOOP ( 'NONE', ( #1470, #775 ) ) ;
#1941 = CONICAL_SURFACE ( 'NONE', #131, 1.725000000000004308, 0.7155849933176938737 ) ;
#1942 = CARTESIAN_POINT ( 'NONE',  ( 60.00000000000000711, 0.000000000000000000, 0.000000000000000000 ) ) ;
#1943 = ADVANCED_FACE ( 'NONE', ( #792 ), #1883, .T. ) ;
#1944 = EDGE_CURVE ( 'NONE', #912, #184, #671, .T. ) ;
#1945 = DIRECTION ( 'NONE',  ( 1.000000000000000000, 0.000000000000000000, 0.000000000000000000 ) ) ;
#1946 = CARTESIAN_POINT ( 'NONE',  ( 41.15000000000000568, -9.999999999999994671, 7.225416114969384785E-15 ) ) ;
#1947 = ORIENTED_EDGE ( 'NONE', *, *, #772, .T. ) ;
#1948 = DIRECTION ( 'NONE',  ( 1.000000000000000000, 0.000000000000000000, 0.000000000000000000 ) ) ;
#1949 = LINE ( 'NONE', #467, #888 ) ;
#1950 = VECTOR ( 'NONE', #838, 1000.000000000000000 ) ;
#1951 = ADVANCED_FACE ( 'NONE', ( #526 ), #549, .F. ) ;
#1952 = CARTESIAN_POINT ( 'NONE',  ( 35.00000000000000000, 60.00000000000000711, 2.326828918379971365E-15 ) ) ;
#1953 = CARTESIAN_POINT ( 'NONE',  ( 22.72500000000000142, -5.000000000000004441, 5.000000000000007105 ) ) ;
#1954 = CARTESIAN_POINT ( 'NONE',  ( 47.30000000000001847, 55.00000000000000711, -4.336808689942017736E-15 ) ) ;
#1955 = ORIENTED_EDGE ( 'NONE', *, *, #1767, .T. ) ;
#1956 = DIRECTION ( 'NONE',  ( -1.000000000000000000, -0.000000000000000000, -0.000000000000000000 ) ) ;
#1957 = DIRECTION ( 'NONE',  ( 0.000000000000000000, 2.602085213965210149E-16, -1.000000000000000000 ) ) ;
#1958 = DIRECTION ( 'NONE',  ( 0.000000000000000000, 1.000000000000000000, 0.000000000000000000 ) ) ;
#1959 = CARTESIAN_POINT ( 'NONE',  ( 0.000000000000000000, 50.00000000000000000, 40.00000000000000000 ) ) ;
#1960 = CONICAL_SURFACE ( 'NONE', #409, 1.725000000000000755, 0.7155849933176252620 ) ;
#1961 = DIRECTION ( 'NONE',  ( 1.000000000000000000, 0.000000000000000000, 0.000000000000000000 ) ) ;
#1962 = ORIENTED_EDGE ( 'NONE', *, *, #655, .T. ) ;
#1963 = EDGE_CURVE ( 'NONE', #1151, #1248, #492, .T. ) ;
#1964 = FACE_OUTER_BOUND ( 'NONE', #1401, .T. ) ;
#1965 = LINE ( 'NONE', #769, #180 ) ;
#1966 = EDGE_LOOP ( 'NONE', ( #1319, #1755 ) ) ;
#1967 = VECTOR ( 'NONE', #1489, 1000.000000000000000 ) ;
#1968 = CARTESIAN_POINT ( 'NONE',  ( 65.00000000000000000, 50.00000000000000000, 35.00000000000000000 ) ) ;
#1969 = VECTOR ( 'NONE', #1956, 1000.000000000000000 ) ;
#1970 = EDGE_CURVE ( 'NONE', #62, #855, #192, .T. ) ;
#1971 = CARTESIAN_POINT ( 'NONE',  ( 44.00000000000000711, 60.00000000000000711, 5.000000000000007994 ) ) ;
#1972 = DIRECTION ( 'NONE',  ( -0.000000000000000000, -0.000000000000000000, 1.000000000000000000 ) ) ;
#1973 = EDGE_LOOP ( 'NONE', ( #178, #705, #959, #486 ) ) ;
#1974 = LINE ( 'NONE', #611, #1969 ) ;
ENDSEC;
END-ISO-10303-21;
