ISO-10303-21;
HEADER;
FILE_DESCRIPTION (( 'STEP AP214' ),
    '1' );
FILE_NAME ('proto_tyoe_thruster_holder.STEP',
    '2026-09-07T14:48:48',
    ( '' ),
    ( '' ),
    'SwSTEP 2.0',
    'SolidWorks 2024',
    '' );
FILE_SCHEMA (( 'AUTOMOTIVE_DESIGN' ));
ENDSEC;

DATA;
#1 = DIRECTION ( 'NONE',  ( -1.000000000000000000, 0.000000000000000000, 0.000000000000000000 ) ) ;
#2 = CARTESIAN_POINT ( 'NONE',  ( -34.11702422895577058, 34.11702422895540820, 30.15547398275024094 ) ) ;
#3 = ORIENTED_EDGE ( 'NONE', *, *, #211, .F. ) ;
#4 = ORIENTED_EDGE ( 'NONE', *, *, #905, .F. ) ;
#5 = ORIENTED_EDGE ( 'NONE', *, *, #1678, .T. ) ;
#6 = DIRECTION ( 'NONE',  ( -0.5996253511966933569, 0.5996253511966856964, 0.5299989400031791531 ) ) ;
#7 = CARTESIAN_POINT ( 'NONE',  ( 0.1993266640075918583, -23.34732914950420835, -46.16860583040399035 ) ) ;
#8 = EDGE_CURVE ( 'NONE', #740, #1160, #1015, .T. ) ;
#9 = APPLICATION_CONTEXT ( 'automotive_design' ) ;
#10 = ADVANCED_FACE ( 'NONE', ( #1738 ), #48, .T. ) ;
#11 = DIRECTION ( 'NONE',  ( -0.5996253511966933569, 0.5996253511966858074, 0.5299989400031791531 ) ) ;
#12 = EDGE_LOOP ( 'NONE', ( #907, #296, #1383, #389, #1328, #888, #818, #420 ) ) ;
#13 = EDGE_CURVE ( 'NONE', #26, #880, #314, .T. ) ;
#14 = EDGE_LOOP ( 'NONE', ( #690, #1536, #865, #985 ) ) ;
#15 = ORIENTED_EDGE ( 'NONE', *, *, #329, .F. ) ;
#16 = CARTESIAN_POINT ( 'NONE',  ( -0.9673995249502020943, -22.18060296054639835, -46.16860583040399035 ) ) ;
#17 = ADVANCED_FACE ( 'NONE', ( #593, #582, #476 ), #1443, .F. ) ;
#18 = EDGE_CURVE ( 'NONE', #1350, #676, #203, .T. ) ;
#19 = LINE ( 'NONE', #991, #1660 ) ;
#20 = CARTESIAN_POINT ( 'NONE',  ( -22.18060296054657243, -0.9673995249498829052, -46.16860583040384114 ) ) ;
#21 = VECTOR ( 'NONE', #220, 1000.000000000000000 ) ;
#22 = VECTOR ( 'NONE', #536, 1000.000000000000000 ) ;
#23 = FACE_OUTER_BOUND ( 'NONE', #173, .T. ) ;
#24 = DIRECTION ( 'NONE',  ( -1.224646799147354933E-16, 1.000000000000000000, -0.000000000000000000 ) ) ;
#25 = CIRCLE ( 'NONE', #1050, 1.649999999999995914 ) ;
#26 = VERTEX_POINT ( 'NONE', #909 ) ;
#27 = ORIENTED_EDGE ( 'NONE', *, *, #1720, .T. ) ;
#28 = CARTESIAN_POINT ( 'NONE',  ( 36.59342314241634853, 50.73555876614682347, 8.552022895931331803 ) ) ;
#29 = FACE_OUTER_BOUND ( 'NONE', #1572, .T. ) ;
#30 = AXIS2_PLACEMENT_3D ( 'NONE', #487, #669, #1769 ) ;
#31 = FACE_OUTER_BOUND ( 'NONE', #14, .T. ) ;
#32 = CIRCLE ( 'NONE', #696, 1.649999999999998579 ) ;
#33 = CARTESIAN_POINT ( 'NONE',  ( -41.15674353805875541, 55.29887916178917351, 2.000000000000000000 ) ) ;
#34 = CARTESIAN_POINT ( 'NONE',  ( 64.08342590007012518, -0.001000000000008806345, 5.000000000000000000 ) ) ;
#35 = ORIENTED_EDGE ( 'NONE', *, *, #1758, .F. ) ;
#36 = VERTEX_POINT ( 'NONE', #793 ) ;
#37 = EDGE_LOOP ( 'NONE', ( #1634, #1553, #955, #1272 ) ) ;
#38 = DIRECTION ( 'NONE',  ( 1.000000000000000000, -1.224646799147354933E-16, 0.000000000000000000 ) ) ;
#39 = EDGE_CURVE ( 'NONE', #334, #1229, #1133, .T. ) ;
#40 = CARTESIAN_POINT ( 'NONE',  ( 63.56919767604843230, 35.28492642858601158, 3.059997880006366522 ) ) ;
#41 = DIRECTION ( 'NONE',  ( -0.7071067811865464625, -0.7071067811865486830, -6.245004513516507118E-15 ) ) ;
#42 = EDGE_CURVE ( 'NONE', #557, #36, #404, .T. ) ;
#43 = DIRECTION ( 'NONE',  ( -0.7071067811865503483, 0.7071067811865446862, 0.000000000000000000 ) ) ;
#44 = DIRECTION ( 'NONE',  ( 0.3747658444979292680, 0.3747658444979320436, -0.8479983040050880216 ) ) ;
#45 = ORIENTED_EDGE ( 'NONE', *, *, #1057, .T. ) ;
#46 = ORIENTED_EDGE ( 'NONE', *, *, #533, .T. ) ;
#47 = EDGE_LOOP ( 'NONE', ( #866, #568, #4, #55 ) ) ;
#48 = PLANE ( 'NONE',  #1198 ) ;
#49 = DIRECTION ( 'NONE',  ( 0.5996253511966933569, 0.5996253511966850303, 0.5299989400031799303 ) ) ;
#50 = DIRECTION ( 'NONE',  ( 0.000000000000000000, 0.9146591207600460738, 0.4042260417272237061 ) ) ;
#51 = DIRECTION ( 'NONE',  ( -0.7071067811865427988, 0.7071067811865523467, 0.000000000000000000 ) ) ;
#52 = FACE_OUTER_BOUND ( 'NONE', #1042, .T. ) ;
#53 = EDGE_CURVE ( 'NONE', #276, #855, #1433, .T. ) ;
#54 = ORIENTED_EDGE ( 'NONE', *, *, #1378, .F. ) ;
#55 = ORIENTED_EDGE ( 'NONE', *, *, #542, .T. ) ;
#56 = ORIENTED_EDGE ( 'NONE', *, *, #1269, .T. ) ;
#57 = CARTESIAN_POINT ( 'NONE',  ( 57.14999999999999858, 0.000000000000000000, 0.000000000000000000 ) ) ;
#58 = DIRECTION ( 'NONE',  ( 0.7071067811865446862, 0.7071067811865503483, -0.000000000000000000 ) ) ;
#59 = VECTOR ( 'NONE', #135, 1000.000000000000227 ) ;
#60 = VECTOR ( 'NONE', #359, 1000.000000000000000 ) ;
#61 = CARTESIAN_POINT ( 'NONE',  ( 57.80662657801270399, 29.52235533055028327, 8.552022895931237656 ) ) ;
#62 = CIRCLE ( 'NONE', #239, 1.649999999999998579 ) ;
#63 = EDGE_CURVE ( 'NONE', #1806, #26, #1485, .T. ) ;
#64 = DIRECTION ( 'NONE',  ( 0.7071067811865431318, 0.7071067811865519026, -0.000000000000000000 ) ) ;
#65 = ORIENTED_EDGE ( 'NONE', *, *, #1181, .T. ) ;
#66 = EDGE_LOOP ( 'NONE', ( #1402, #132, #131, #1677 ) ) ;
#67 = CARTESIAN_POINT ( 'NONE',  ( -58.54342329935645495, 37.33021986375943868, 6.432027135918449545 ) ) ;
#68 = FACE_BOUND ( 'NONE', #1124, .T. ) ;
#69 = LINE ( 'NONE', #1017, #262 ) ;
#70 = LINE ( 'NONE', #633, #1282 ) ;
#71 = ADVANCED_BREP_SHAPE_REPRESENTATION ( 'proto_tyoe_thruster_holder', ( #102, #1521 ), #790 ) ;
#72 = ORIENTED_EDGE ( 'NONE', *, *, #1800, .T. ) ;
#73 = ORIENTED_EDGE ( 'NONE', *, *, #8, .F. ) ;
#74 = CARTESIAN_POINT ( 'NONE',  ( -9.371597165576416089, 110.9304028344229494, 0.000000000000000000 ) ) ;
#75 = CARTESIAN_POINT ( 'NONE',  ( -56.49812986418298522, 42.35599424045151551, 3.059997880006353643 ) ) ;
#76 = DIRECTION ( 'NONE',  ( 0.7071067811865431318, 0.7071067811865519026, 0.000000000000000000 ) ) ;
#77 = DIRECTION ( 'NONE',  ( -0.5996253511966933569, 0.5996253511966856964, 0.5299989400031791531 ) ) ;
#78 = CARTESIAN_POINT ( 'NONE',  ( -65.73342590007013087, -0.001000000000024620951, 5.000000000000134115 ) ) ;
#79 = ORIENTED_EDGE ( 'NONE', *, *, #1178, .T. ) ;
#80 = PLANE ( 'NONE',  #1814 ) ;
#81 = DIRECTION ( 'NONE',  ( -0.7071067811865442421, 0.7071067811865509034, 0.000000000000000000 ) ) ;
#82 = DIRECTION ( 'NONE',  ( -0.7071067811865526798, 0.7071067811865423547, 0.000000000000000000 ) ) ;
#83 = DIRECTION ( 'NONE',  ( -0.7071067811865431318, 0.7071067811865520136, -2.710505431213761701E-17 ) ) ;
#84 = CARTESIAN_POINT ( 'NONE',  ( 49.01163588145672634, 34.86950025772532058, -32.50000000000000000 ) ) ;
#85 = DIRECTION ( 'NONE',  ( -0.000000000000000000, -0.000000000000000000, -1.000000000000000000 ) ) ;
#86 = EDGE_CURVE ( 'NONE', #209, #1182, #1760, .T. ) ;
#87 = AXIS2_PLACEMENT_3D ( 'NONE', #1652, #241, #942 ) ;
#88 = AXIS2_PLACEMENT_3D ( 'NONE', #1061, #1486, #226 ) ;
#89 = VECTOR ( 'NONE', #1427, 1000.000000000000227 ) ;
#90 = ORIENTED_EDGE ( 'NONE', *, *, #288, .T. ) ;
#91 = DIRECTION ( 'NONE',  ( -1.000000000000000000, 0.000000000000000000, 0.000000000000000000 ) ) ;
#92 = LINE ( 'NONE', #1203, #937 ) ;
#93 = ORIENTED_EDGE ( 'NONE', *, *, #1778, .T. ) ;
#94 = CARTESIAN_POINT ( 'NONE',  ( 0.000000000000000000, 0.000000000000000000, 20.00000000000000000 ) ) ;
#95 = ADVANCED_FACE ( 'NONE', ( #224 ), #509, .T. ) ;
#96 = CARTESIAN_POINT ( 'NONE',  ( 62.43342590007013371, -0.001000000000009008440, 5.000000000000000000 ) ) ;
#97 = EDGE_CURVE ( 'NONE', #1777, #880, #1472, .T. ) ;
#98 = ADVANCED_FACE ( 'NONE', ( #1766 ), #492, .T. ) ;
#99 = ORIENTED_EDGE ( 'NONE', *, *, #432, .T. ) ;
#100 = FACE_OUTER_BOUND ( 'NONE', #1602, .T. ) ;
#101 = CARTESIAN_POINT ( 'NONE',  ( 57.80662657801270399, 29.52235533055028327, 8.552022895931237656 ) ) ;
#102 = MANIFOLD_SOLID_BREP ( '∂Øƒ - âüÇµèoÇµ5', #694 ) ;
#103 = CYLINDRICAL_SURFACE ( 'NONE', #954, 57.14999999999999858 ) ;
#104 = FACE_OUTER_BOUND ( 'NONE', #970, .T. ) ;
#105 = VERTEX_POINT ( 'NONE', #1620 ) ;
#106 = CARTESIAN_POINT ( 'NONE',  ( -41.15674353805875541, 55.29887916178917351, 2.000000000000000000 ) ) ;
#107 = FACE_OUTER_BOUND ( 'NONE', #1815, .T. ) ;
#108 = CARTESIAN_POINT ( 'NONE',  ( -42.57095710043185477, 56.71309272416226577, 2.000000000000000000 ) ) ;
#109 = DIRECTION ( 'NONE',  ( -1.224646799147354933E-16, 1.000000000000000000, -0.000000000000000000 ) ) ;
#110 = AXIS2_PLACEMENT_3D ( 'NONE', #1122, #1548, #1670 ) ;
#111 = ADVANCED_FACE ( 'NONE', ( #1066, #242, #1627 ), #1780, .F. ) ;
#112 = VECTOR ( 'NONE', #1063, 1000.000000000000000 ) ;
#113 = DIRECTION ( 'NONE',  ( -0.5996253511966933569, 0.5996253511966856964, 0.5299989400031791531 ) ) ;
#114 = AXIS2_PLACEMENT_3D ( 'NONE', #1423, #1463, #1276 ) ;
#115 = CARTESIAN_POINT ( 'NONE',  ( -62.43342590007013371, -0.001000000000024216761, 5.000000000000134115 ) ) ;
#116 = CARTESIAN_POINT ( 'NONE',  ( 11.92318865007542605, 108.3788113499240069, 2.000000000000000000 ) ) ;
#117 = ORIENTED_EDGE ( 'NONE', *, *, #1146, .F. ) ;
#118 = DIRECTION ( 'NONE',  ( 1.000000000000000000, 0.000000000000000000, 0.000000000000000000 ) ) ;
#119 = ORIENTED_EDGE ( 'NONE', *, *, #773, .T. ) ;
#120 = CARTESIAN_POINT ( 'NONE',  ( -61.55428502299205462, 33.27001377552961259, 0.07203985588026756703 ) ) ;
#121 = FACE_OUTER_BOUND ( 'NONE', #613, .T. ) ;
#122 = ORIENTED_EDGE ( 'NONE', *, *, #1775, .F. ) ;
#123 = ORIENTED_EDGE ( 'NONE', *, *, #1311, .T. ) ;
#124 = VERTEX_POINT ( 'NONE', #384 ) ;
#125 = LINE ( 'NONE', #1547, #939 ) ;
#126 = DIRECTION ( 'NONE',  ( 0.3747658444979283798, -0.3747658444979325432, 0.8479983040050882437 ) ) ;
#127 = EDGE_CURVE ( 'NONE', #1694, #428, #321, .T. ) ;
#128 = EDGE_CURVE ( 'NONE', #625, #1059, #1696, .T. ) ;
#129 = DIRECTION ( 'NONE',  ( 0.7071067811865431318, -0.7071067811865520136, 0.000000000000000000 ) ) ;
#130 = DIRECTION ( 'NONE',  ( 1.000000000000000000, 0.000000000000000000, 0.000000000000000000 ) ) ;
#131 = ORIENTED_EDGE ( 'NONE', *, *, #1419, .T. ) ;
#132 = ORIENTED_EDGE ( 'NONE', *, *, #1563, .T. ) ;
#133 = ORIENTED_EDGE ( 'NONE', *, *, #742, .F. ) ;
#134 = FACE_OUTER_BOUND ( 'NONE', #1005, .T. ) ;
#135 = DIRECTION ( 'NONE',  ( 0.5996253511966931349, 0.5996253511966854743, 0.5299989400031793751 ) ) ;
#136 = VECTOR ( 'NONE', #126, 1000.000000000000000 ) ;
#137 = CIRCLE ( 'NONE', #238, 1.650000000000005684 ) ;
#138 = DIRECTION ( 'NONE',  ( -1.000000000000000000, -1.224347623758489770E-16, 0.000000000000000000 ) ) ;
#139 = DIRECTION ( 'NONE',  ( 0.7071067811865510144, -0.7071067811865441310, 0.000000000000000000 ) ) ;
#140 = DIRECTION ( 'NONE',  ( -0.7071067811865434649, 0.7071067811865517916, 0.000000000000000000 ) ) ;
#141 = EDGE_LOOP ( 'NONE', ( #550, #530, #915, #163, #426, #1170, #831, #5 ) ) ;
#142 = VERTEX_POINT ( 'NONE', #1081 ) ;
#143 = ORIENTED_EDGE ( 'NONE', *, *, #1325, .F. ) ;
#144 = AXIS2_PLACEMENT_3D ( 'NONE', #1628, #205, #1481 ) ;
#145 = ORIENTED_EDGE ( 'NONE', *, *, #308, .F. ) ;
#146 = CARTESIAN_POINT ( 'NONE',  ( 36.59342314241636984, 50.73555876614684479, 8.552022895931328250 ) ) ;
#147 = AXIS2_PLACEMENT_3D ( 'NONE', #950, #1243, #666 ) ;
#148 = EDGE_CURVE ( 'NONE', #759, #334, #674, .T. ) ;
#149 = CIRCLE ( 'NONE', #671, 57.14999999999999858 ) ;
#150 = EDGE_CURVE ( 'NONE', #295, #1296, #949, .T. ) ;
#151 = EDGE_CURVE ( 'NONE', #1089, #184, #522, .T. ) ;
#152 = FACE_BOUND ( 'NONE', #1442, .T. ) ;
#153 = ORIENTED_EDGE ( 'NONE', *, *, #1208, .F. ) ;
#154 = ORIENTED_EDGE ( 'NONE', *, *, #282, .T. ) ;
#155 = ORIENTED_EDGE ( 'NONE', *, *, #679, .T. ) ;
#156 = ORIENTED_EDGE ( 'NONE', *, *, #1797, .F. ) ;
#157 = DIRECTION ( 'NONE',  ( -1.000000000000000000, 0.000000000000000000, 0.000000000000000000 ) ) ;
#158 = CARTESIAN_POINT ( 'NONE',  ( 60.20512798279947475, 31.92085673533702561, 10.67201865594395649 ) ) ;
#159 = DIRECTION ( 'NONE',  ( -0.5996253511966933569, 0.5996253511966858074, 0.5299989400031791531 ) ) ;
#160 = DIRECTION ( 'NONE',  ( 0.7071067811865503483, -0.7071067811865446862, 0.000000000000000000 ) ) ;
#161 = CYLINDRICAL_SURFACE ( 'NONE', #964, 1.649999999999998579 ) ;
#162 = EDGE_LOOP ( 'NONE', ( #45, #474, #1724, #832 ) ) ;
#163 = ORIENTED_EDGE ( 'NONE', *, *, #745, .T. ) ;
#164 = ORIENTED_EDGE ( 'NONE', *, *, #1778, .F. ) ;
#165 = EDGE_LOOP ( 'NONE', ( #1676, #399, #1088, #1290 ) ) ;
#166 = DIRECTION ( 'NONE',  ( -1.000000000000000000, 0.000000000000000000, 0.000000000000000000 ) ) ;
#167 = CARTESIAN_POINT ( 'NONE',  ( 0.000000000000000000, 0.000000000000000000, 20.00000000000000000 ) ) ;
#168 = EDGE_CURVE ( 'NONE', #1238, #255, #257, .T. ) ;
#169 = CARTESIAN_POINT ( 'NONE',  ( 57.80662657801270399, 29.52235533055028327, 8.552022895931237656 ) ) ;
#170 = DIRECTION ( 'NONE',  ( 0.7071067811865431318, 0.7071067811865519026, 0.000000000000000000 ) ) ;
#171 = AXIS2_PLACEMENT_3D ( 'NONE', #605, #1162, #631 ) ;
#172 = ORIENTED_EDGE ( 'NONE', *, *, #1070, .F. ) ;
#173 = EDGE_LOOP ( 'NONE', ( #878, #1107, #448, #1516, #457, #154, #1098, #1298, #1512, #323, #1747, #466 ) ) ;
#174 = EDGE_LOOP ( 'NONE', ( #1199, #701, #1305, #465 ) ) ;
#175 = VERTEX_POINT ( 'NONE', #883 ) ;
#176 = CARTESIAN_POINT ( 'NONE',  ( -34.86950025772584638, 49.01163588145632133, 0.000000000000000000 ) ) ;
#177 = ADVANCED_FACE ( 'NONE', ( #1292, #1559, #734 ), #316, .F. ) ;
#178 = CIRCLE ( 'NONE', #1730, 1.649999999999998579 ) ;
#179 = DIRECTION ( 'NONE',  ( -0.5996253511966933569, 0.5996253511966858074, 0.5299989400031791531 ) ) ;
#180 = AXIS2_PLACEMENT_3D ( 'NONE', #639, #1194, #1755 ) ;
#181 = AXIS2_PLACEMENT_3D ( 'NONE', #116, #1525, #281 ) ;
#182 = CARTESIAN_POINT ( 'NONE',  ( -65.73342590007010244, -1.051217251481749637E-15, 15.00000000000012612 ) ) ;
#183 = CARTESIAN_POINT ( 'NONE',  ( -63.95278642777882538, 35.66851518031635493, 2.192035615892984346 ) ) ;
#184 = VERTEX_POINT ( 'NONE', #595 ) ;
#185 = VERTEX_POINT ( 'NONE', #765 ) ;
#186 = VERTEX_POINT ( 'NONE', #1579 ) ;
#187 = LINE ( 'NONE', #733, #240 ) ;
#188 = EDGE_CURVE ( 'NONE', #1450, #1647, #1223, .T. ) ;
#189 = CARTESIAN_POINT ( 'NONE',  ( -54.48321721112658622, 40.34108158739509520, 0.07203985588033001708 ) ) ;
#190 = DIRECTION ( 'NONE',  ( 0.5996253511966931349, 0.5996253511966855854, 0.5299989400031794862 ) ) ;
#191 = DIRECTION ( 'NONE',  ( -0.3747658444979312664, 0.3747658444979289349, -0.8479983040050885768 ) ) ;
#192 = ORIENTED_EDGE ( 'NONE', *, *, #533, .F. ) ;
#193 = ORIENTED_EDGE ( 'NONE', *, *, #42, .F. ) ;
#194 = ORIENTED_EDGE ( 'NONE', *, *, #148, .T. ) ;
#195 = LINE ( 'NONE', #1131, #208 ) ;
#196 = FACE_OUTER_BOUND ( 'NONE', #763, .T. ) ;
#197 = CARTESIAN_POINT ( 'NONE',  ( -54.48321721112658622, 40.34108158739509520, 0.07203985588033001708 ) ) ;
#198 = LINE ( 'NONE', #1317, #1624 ) ;
#199 =( LENGTH_UNIT ( ) NAMED_UNIT ( * ) SI_UNIT ( .MILLI., .METRE. ) );
#200 = ORIENTED_EDGE ( 'NONE', *, *, #1800, .F. ) ;
#201 = ORIENTED_EDGE ( 'NONE', *, *, #1419, .F. ) ;
#202 = VERTEX_POINT ( 'NONE', #754 ) ;
#203 = LINE ( 'NONE', #1494, #60 ) ;
#204 = DIRECTION ( 'NONE',  ( 0.5996253511966931349, 0.5996253511966855854, 0.5299989400031794862 ) ) ;
#205 = DIRECTION ( 'NONE',  ( 0.5996253511966928018, -0.5996253511966862515, -0.5299989400031792641 ) ) ;
#206 = VECTOR ( 'NONE', #1069, 1000.000000000000000 ) ;
#207 = CARTESIAN_POINT ( 'NONE',  ( -61.55428502299205462, 33.27001377552961259, 0.07203985588026756703 ) ) ;
#208 = VECTOR ( 'NONE', #477, 1000.000000000000227 ) ;
#209 = VERTEX_POINT ( 'NONE', #443 ) ;
#210 = AXIS2_PLACEMENT_3D ( 'NONE', #342, #743, #858 ) ;
#211 = EDGE_CURVE ( 'NONE', #1674, #1150, #1153, .T. ) ;
#212 = VECTOR ( 'NONE', #24, 1000.000000000000000 ) ;
#213 = LINE ( 'NONE', #1293, #1218 ) ;
#214 = EDGE_LOOP ( 'NONE', ( #483, #1264, #1440, #987 ) ) ;
#215 = ORIENTED_EDGE ( 'NONE', *, *, #441, .T. ) ;
#216 = CARTESIAN_POINT ( 'NONE',  ( 68.15000000000000568, 4.000000000000008882, 0.000000000000000000 ) ) ;
#217 = DIRECTION ( 'NONE',  ( -1.000000000000000000, -1.224347623758489770E-16, 0.000000000000000000 ) ) ;
#218 = CARTESIAN_POINT ( 'NONE',  ( -34.11702422895578479, 34.11702422895535847, 30.15547398275025515 ) ) ;
#219 = EDGE_CURVE ( 'NONE', #1297, #1089, #1717, .T. ) ;
#220 = DIRECTION ( 'NONE',  ( 1.224646799147355179E-16, -1.000000000000000000, 0.000000000000000000 ) ) ;
#221 = CARTESIAN_POINT ( 'NONE',  ( -40.34108158739569205, 54.48321721112612437, 0.07203985588040071053 ) ) ;
#222 = DIRECTION ( 'NONE',  ( 0.000000000000000000, 0.000000000000000000, 1.000000000000000000 ) ) ;
#223 = ORIENTED_EDGE ( 'NONE', *, *, #851, .T. ) ;
#224 = FACE_OUTER_BOUND ( 'NONE', #1596, .T. ) ;
#225 = DIRECTION ( 'NONE',  ( 0.7071067811865440200, 0.7071067811865510144, 2.412349833780246971E-15 ) ) ;
#226 = DIRECTION ( 'NONE',  ( -0.7071067811865520136, -0.7071067811865431318, 0.000000000000000000 ) ) ;
#227 = CYLINDRICAL_SURFACE ( 'NONE', #642, 1.649999999999997913 ) ;
#228 = PLANE ( 'NONE',  #30 ) ;
#229 = EDGE_CURVE ( 'NONE', #957, #398, #459, .T. ) ;
#230 = VERTEX_POINT ( 'NONE', #61 ) ;
#231 = LINE ( 'NONE', #1372, #992 ) ;
#232 = DIRECTION ( 'NONE',  ( -0.000000000000000000, -0.000000000000000000, -1.000000000000000000 ) ) ;
#233 = CARTESIAN_POINT ( 'NONE',  ( -65.73342590007013087, 3.999999999999992450, 5.000000000000134115 ) ) ;
#234 = CARTESIAN_POINT ( 'NONE',  ( -43.70833502255776892, 57.85047064628817282, -7.708987114333344602E-14 ) ) ;
#235 = AXIS2_PLACEMENT_3D ( 'NONE', #279, #715, #571 ) ;
#236 = DIRECTION ( 'NONE',  ( 1.224646799147354933E-16, -1.000000000000000000, -0.000000000000000000 ) ) ;
#237 = ADVANCED_FACE ( 'NONE', ( #31 ), #1177, .T. ) ;
#238 = AXIS2_PLACEMENT_3D ( 'NONE', #1699, #1279, #587 ) ;
#239 = AXIS2_PLACEMENT_3D ( 'NONE', #1592, #1467, #489 ) ;
#240 = VECTOR ( 'NONE', #1266, 1000.000000000000114 ) ;
#241 = DIRECTION ( 'NONE',  ( 1.000000000000000000, 1.224646799147355179E-16, 0.000000000000000000 ) ) ;
#242 = FACE_BOUND ( 'NONE', #565, .T. ) ;
#243 = LINE ( 'NONE', #101, #580 ) ;
#244 = CARTESIAN_POINT ( 'NONE',  ( 36.16349367480221844, 59.71014948831376046, 6.432027135918700012 ) ) ;
#245 = DIRECTION ( 'NONE',  ( 1.000000000000000000, 1.224646799147354933E-16, 0.000000000000000000 ) ) ;
#246 = EDGE_CURVE ( 'NONE', #1587, #230, #69, .T. ) ;
#247 = EDGE_LOOP ( 'NONE', ( #986, #1256, #3, #1469 ) ) ;
#248 = LINE ( 'NONE', #1233, #1465 ) ;
#249 = DIRECTION ( 'NONE',  ( -0.5996253511966931349, -0.5996253511966856964, -0.5299989400031795972 ) ) ;
#250 = FACE_OUTER_BOUND ( 'NONE', #1127, .T. ) ;
#251 = PRODUCT_DEFINITION_CONTEXT ( 'detailed design', #366, 'design' ) ;
#252 = LINE ( 'NONE', #511, #206 ) ;
#253 = DIRECTION ( 'NONE',  ( -1.000000000000000000, -1.224646799147356412E-16, 0.000000000000000000 ) ) ;
#254 = EDGE_CURVE ( 'NONE', #1674, #185, #1445, .T. ) ;
#255 = VERTEX_POINT ( 'NONE', #207 ) ;
#256 = CARTESIAN_POINT ( 'NONE',  ( 54.48321721112654359, 40.34108158739510230, 0.07203985588041197929 ) ) ;
#257 = LINE ( 'NONE', #189, #291 ) ;
#258 = DIRECTION ( 'NONE',  ( -0.000000000000000000, 0.000000000000000000, -1.000000000000000000 ) ) ;
#259 = CARTESIAN_POINT ( 'NONE',  ( 29.52235533055092631, 57.80662657801234872, 8.552022895931328250 ) ) ;
#260 = CIRCLE ( 'NONE', #755, 1.649999999999998579 ) ;
#261 = EDGE_CURVE ( 'NONE', #202, #1588, #337, .T. ) ;
#262 = VECTOR ( 'NONE', #480, 1000.000000000000114 ) ;
#263 = AXIS2_PLACEMENT_3D ( 'NONE', #1639, #637, #1348 ) ;
#264 = ADVANCED_FACE ( 'NONE', ( #343 ), #999, .F. ) ;
#265 = VECTOR ( 'NONE', #109, 1000.000000000000000 ) ;
#266 = CARTESIAN_POINT ( 'NONE',  ( -62.36994697365508245, 34.08567572619259067, 2.000000000000000000 ) ) ;
#267 = CIRCLE ( 'NONE', #144, 1.649999999999995914 ) ;
#268 = FACE_OUTER_BOUND ( 'NONE', #738, .T. ) ;
#269 = EDGE_LOOP ( 'NONE', ( #846, #201 ) ) ;
#270 = ORIENTED_EDGE ( 'NONE', *, *, #916, .F. ) ;
#271 = ORIENTED_EDGE ( 'NONE', *, *, #288, .F. ) ;
#272 = DIRECTION ( 'NONE',  ( -1.000000000000000000, 0.000000000000000000, 0.000000000000000000 ) ) ;
#273 = LINE ( 'NONE', #1232, #667 ) ;
#274 = LINE ( 'NONE', #982, #1456 ) ;
#275 = FACE_OUTER_BOUND ( 'NONE', #703, .T. ) ;
#276 = VERTEX_POINT ( 'NONE', #1300 ) ;
#277 = ORIENTED_EDGE ( 'NONE', *, *, #882, .F. ) ;
#278 = CARTESIAN_POINT ( 'NONE',  ( 54.97819570561182445, 36.09844464793050633, 4.312031375905841735 ) ) ;
#279 = CARTESIAN_POINT ( 'NONE',  ( -34.93171845897332872, 56.14492189456923654, 4.312031375905855946 ) ) ;
#280 = DIRECTION ( 'NONE',  ( 0.000000000000000000, 0.000000000000000000, -1.000000000000000000 ) ) ;
#281 = DIRECTION ( 'NONE',  ( -0.7071067811865510144, 0.7071067811865441310, 0.000000000000000000 ) ) ;
#282 = EDGE_CURVE ( 'NONE', #957, #824, #931, .T. ) ;
#283 = ORIENTED_EDGE ( 'NONE', *, *, #53, .F. ) ;
#284 = ORIENTED_EDGE ( 'NONE', *, *, #211, .T. ) ;
#285 = VERTEX_POINT ( 'NONE', #1727 ) ;
#286 = CARTESIAN_POINT ( 'NONE',  ( -57.14999999999999858, 0.000000000000000000, 0.000000000000000000 ) ) ;
#287 = EDGE_CURVE ( 'NONE', #730, #1210, #1811, .T. ) ;
#288 = EDGE_CURVE ( 'NONE', #1295, #1169, #137, .T. ) ;
#289 = DIRECTION ( 'NONE',  ( -1.000000000000000000, 1.224646799147357645E-16, 0.000000000000000000 ) ) ;
#290 = CIRCLE ( 'NONE', #1312, 1.649999999999998579 ) ;
#291 = VECTOR ( 'NONE', #41, 999.9999999999998863 ) ;
#292 = CARTESIAN_POINT ( 'NONE',  ( -68.15000000000000568, -8.345967936189223381E-15, 19.99999999999999645 ) ) ;
#293 = DIRECTION ( 'NONE',  ( 0.7071067811865431318, -0.7071067811865519026, 0.000000000000000000 ) ) ;
#294 = VECTOR ( 'NONE', #648, 1000.000000000000114 ) ;
#295 = VERTEX_POINT ( 'NONE', #1591 ) ;
#296 = ORIENTED_EDGE ( 'NONE', *, *, #344, .T. ) ;
#297 = VECTOR ( 'NONE', #361, 1000.000000000000000 ) ;
#298 = DIRECTION ( 'NONE',  ( -0.3747658444979286019, -0.3747658444979320991, 0.8479983040050882437 ) ) ;
#299 = LINE ( 'NONE', #849, #927 ) ;
#300 = ADVANCED_FACE ( 'NONE', ( #1145 ), #1710, .F. ) ;
#301 = ORIENTED_EDGE ( 'NONE', *, *, #1265, .T. ) ;
#302 = ORIENTED_EDGE ( 'NONE', *, *, #610, .F. ) ;
#303 = ORIENTED_EDGE ( 'NONE', *, *, #766, .F. ) ;
#304 = EDGE_LOOP ( 'NONE', ( #1665, #1236 ) ) ;
#305 = CARTESIAN_POINT ( 'NONE',  ( 0.000000000000000000, 0.000000000000000000, 20.00000000000000000 ) ) ;
#306 = DIRECTION ( 'NONE',  ( 0.5996253511966932459, 0.5996253511966856964, 0.5299989400031795972 ) ) ;
#307 = DIRECTION ( 'NONE',  ( -0.7071067811865451302, 0.7071067811865500152, 4.857225732735055131E-15 ) ) ;
#308 = EDGE_CURVE ( 'NONE', #184, #1192, #1750, .T. ) ;
#309 = CARTESIAN_POINT ( 'NONE',  ( -68.15000000000000568, 3.999999999999991562, 0.000000000000000000 ) ) ;
#310 = CARTESIAN_POINT ( 'NONE',  ( 57.80662657801270399, 29.52235533055028327, 8.552022895931237656 ) ) ;
#311 = ORIENTED_EDGE ( 'NONE', *, *, #932, .T. ) ;
#312 = ORIENTED_EDGE ( 'NONE', *, *, #804, .F. ) ;
#313 = ORIENTED_EDGE ( 'NONE', *, *, #708, .F. ) ;
#314 = LINE ( 'NONE', #57, #519 ) ;
#315 = LINE ( 'NONE', #998, #911 ) ;
#316 = PLANE ( 'NONE',  #903 ) ;
#317 = VERTEX_POINT ( 'NONE', #375 ) ;
#318 = AXIS2_PLACEMENT_3D ( 'NONE', #554, #1802, #1363 ) ;
#319 = DIRECTION ( 'NONE',  ( 0.7071067811865431318, 0.7071067811865519026, 0.000000000000000000 ) ) ;
#320 = LINE ( 'NONE', #310, #1763 ) ;
#321 = CIRCLE ( 'NONE', #758, 2.000000000000002665 ) ;
#322 = ORIENTED_EDGE ( 'NONE', *, *, #630, .F. ) ;
#323 = ORIENTED_EDGE ( 'NONE', *, *, #329, .T. ) ;
#324 = ORIENTED_EDGE ( 'NONE', *, *, #515, .F. ) ;
#325 = AXIS2_PLACEMENT_3D ( 'NONE', #33, #589, #453 ) ;
#326 = FACE_OUTER_BOUND ( 'NONE', #1764, .T. ) ;
#327 = VECTOR ( 'NONE', #1228, 1000.000000000000227 ) ;
#328 = DIRECTION ( 'NONE',  ( 0.7071067811865426878, -0.7071067811865523467, 3.469446951953616161E-16 ) ) ;
#329 = EDGE_CURVE ( 'NONE', #1693, #1051, #1629, .T. ) ;
#330 = PRODUCT_DEFINITION_FORMATION_WITH_SPECIFIED_SOURCE ( 'ANY', '', #979, .NOT_KNOWN. ) ;
#331 = DIRECTION ( 'NONE',  ( -0.7071067811865510144, -0.7071067811865441310, 0.000000000000000000 ) ) ;
#332 = CARTESIAN_POINT ( 'NONE',  ( -40.34108158739569205, 54.48321721112611726, 0.07203985588039940602 ) ) ;
#333 = ORIENTED_EDGE ( 'NONE', *, *, #1762, .T. ) ;
#334 = VERTEX_POINT ( 'NONE', #486 ) ;
#335 = ORIENTED_EDGE ( 'NONE', *, *, #1502, .T. ) ;
#336 = CARTESIAN_POINT ( 'NONE',  ( 34.11702422895581321, 34.11702422895534426, 30.15547398275028002 ) ) ;
#337 = LINE ( 'NONE', #1453, #959 ) ;
#338 = ORIENTED_EDGE ( 'NONE', *, *, #13, .T. ) ;
#339 = CARTESIAN_POINT ( 'NONE',  ( -49.01163588145681871, 34.86950025772520689, 20.00000000000000000 ) ) ;
#340 = VERTEX_POINT ( 'NONE', #244 ) ;
#341 = EDGE_CURVE ( 'NONE', #1051, #1545, #1773, .T. ) ;
#342 = CARTESIAN_POINT ( 'NONE',  ( 64.08342590007012518, -0.001000000000008806345, 14.99999999999999467 ) ) ;
#343 = FACE_OUTER_BOUND ( 'NONE', #174, .T. ) ;
#344 = EDGE_CURVE ( 'NONE', #1385, #1574, #1607, .T. ) ;
#345 = DIRECTION ( 'NONE',  ( 0.7071067811865454633, 0.7071067811865495711, 4.857225732735063020E-15 ) ) ;
#346 = EDGE_CURVE ( 'NONE', #1150, #202, #252, .T. ) ;
#347 = ORIENTED_EDGE ( 'NONE', *, *, #1478, .T. ) ;
#348 = EDGE_LOOP ( 'NONE', ( #1041, #1035, #1441, #626 ) ) ;
#349 = ORIENTED_EDGE ( 'NONE', *, *, #1546, .F. ) ;
#350 = CARTESIAN_POINT ( 'NONE',  ( -37.33021986376009949, 58.54342329935596467, 6.432027135918561456 ) ) ;
#351 = CARTESIAN_POINT ( 'NONE',  ( 37.33021986376001422, 58.54342329935595046, 6.432027135918700012 ) ) ;
#352 = VECTOR ( 'NONE', #1270, 1000.000000000000000 ) ;
#353 = VECTOR ( 'NONE', #1373, 1000.000000000000000 ) ;
#354 = LINE ( 'NONE', #506, #1049 ) ;
#355 = DIRECTION ( 'NONE',  ( -0.000000000000000000, -0.000000000000000000, 1.000000000000000000 ) ) ;
#356 = CIRCLE ( 'NONE', #1466, 1.649999999999995914 ) ;
#357 = CIRCLE ( 'NONE', #1226, 60.14999999999999858 ) ;
#358 = ORIENTED_EDGE ( 'NONE', *, *, #854, .F. ) ;
#359 = DIRECTION ( 'NONE',  ( 0.7071067811865431318, -0.7071067811865519026, -0.000000000000000000 ) ) ;
#360 = CARTESIAN_POINT ( 'NONE',  ( 34.93171845897325056, 56.14492189456921523, 4.312031375905987396 ) ) ;
#361 = DIRECTION ( 'NONE',  ( 0.000000000000000000, 0.000000000000000000, 1.000000000000000000 ) ) ;
#362 = DIRECTION ( 'NONE',  ( 0.000000000000000000, 0.000000000000000000, 1.000000000000000000 ) ) ;
#363 = LINE ( 'NONE', #96, #265 ) ;
#364 = EDGE_CURVE ( 'NONE', #1692, #1253, #1351, .T. ) ;
#365 = ADVANCED_FACE ( 'NONE', ( #1768 ), #934, .T. ) ;
#366 = APPLICATION_CONTEXT ( 'automotive_design' ) ;
#367 = DIRECTION ( 'NONE',  ( 0.3747658444979325432, -0.3747658444979278802, 0.8479983040050884657 ) ) ;
#368 = CARTESIAN_POINT ( 'NONE',  ( 41.15674353805875541, 55.29887916178918061, 2.000000000000000000 ) ) ;
#369 = LINE ( 'NONE', #1067, #297 ) ;
#370 = CARTESIAN_POINT ( 'NONE',  ( 42.35599424045212658, 56.49812986418255178, 3.059997880006352311 ) ) ;
#371 = LINE ( 'NONE', #925, #1134 ) ;
#372 = CYLINDRICAL_SURFACE ( 'NONE', #762, 60.14999999999999858 ) ;
#373 = CARTESIAN_POINT ( 'NONE',  ( 0.000000000000000000, 0.000000000000000000, 20.00000000000000000 ) ) ;
#374 = CARTESIAN_POINT ( 'NONE',  ( 57.85047064628867020, 43.70833502255702996, 0.000000000000000000 ) ) ;
#375 = CARTESIAN_POINT ( 'NONE',  ( 56.71277029691458438, 42.57063467318312178, 2.042704988350547257 ) ) ;
#376 = CIRCLE ( 'NONE', #780, 1.649999999999995914 ) ;
#377 = CARTESIAN_POINT ( 'NONE',  ( -60.01685180014027310, 3.999999999999993339, 20.00000000000000000 ) ) ;
#378 = AXIS2_PLACEMENT_3D ( 'NONE', #1479, #1193, #1202 ) ;
#379 = EDGE_CURVE ( 'NONE', #1192, #824, #1195, .T. ) ;
#380 = AXIS2_PLACEMENT_3D ( 'NONE', #20, #204, #618 ) ;
#381 = CIRCLE ( 'NONE', #180, 2.000000000000002665 ) ;
#382 = AXIS2_PLACEMENT_3D ( 'NONE', #716, #1268, #1308 ) ;
#383 = CARTESIAN_POINT ( 'NONE',  ( 34.86950025772585349, 49.01163588145634975, 20.00000000000000000 ) ) ;
#384 = CARTESIAN_POINT ( 'NONE',  ( -33.76499227001554715, 57.31164808352705364, 4.312031375905863051 ) ) ;
#385 = DIRECTION ( 'NONE',  ( -1.224646799147354933E-16, 1.000000000000000000, -0.000000000000000000 ) ) ;
#386 = EDGE_CURVE ( 'NONE', #1295, #1675, #354, .T. ) ;
#387 = CARTESIAN_POINT ( 'NONE',  ( 34.86950025772585349, 49.01163588145634264, 0.000000000000000000 ) ) ;
#388 = CARTESIAN_POINT ( 'NONE',  ( 34.86950025772585349, 49.01163588145634264, 0.000000000000000000 ) ) ;
#389 = ORIENTED_EDGE ( 'NONE', *, *, #662, .T. ) ;
#390 = CARTESIAN_POINT ( 'NONE',  ( -36.59342314241637695, 50.73555876614682347, 8.552022895931285618 ) ) ;
#391 = CARTESIAN_POINT ( 'NONE',  ( -21.01387677158878020, -2.134125713907692123, -46.16860583040384114 ) ) ;
#392 = PRODUCT_RELATED_PRODUCT_CATEGORY ( 'part', '', ( #979 ) ) ;
#393 = CARTESIAN_POINT ( 'NONE',  ( -54.48321721112658622, 40.34108158739509520, 0.07203985588033001708 ) ) ;
#394 = EDGE_LOOP ( 'NONE', ( #1537, #484 ) ) ;
#395 = ADVANCED_FACE ( 'NONE', ( #1046 ), #103, .F. ) ;
#396 = FACE_BOUND ( 'NONE', #705, .T. ) ;
#397 = CARTESIAN_POINT ( 'NONE',  ( 33.27001377553025208, 61.55428502299162119, 0.07203985588045361266 ) ) ;
#398 = VERTEX_POINT ( 'NONE', #1756 ) ;
#399 = ORIENTED_EDGE ( 'NONE', *, *, #1762, .F. ) ;
#400 = VERTEX_POINT ( 'NONE', #654 ) ;
#401 = LINE ( 'NONE', #835, #840 ) ;
#402 = VECTOR ( 'NONE', #924, 1000.000000000000114 ) ;
#403 = DIRECTION ( 'NONE',  ( 0.7071067811865431318, -0.7071067811865519026, 0.000000000000000000 ) ) ;
#404 = CIRCLE ( 'NONE', #263, 1.649999999999998579 ) ;
#405 = VECTOR ( 'NONE', #473, 1000.000000000000000 ) ;
#406 = VECTOR ( 'NONE', #653, 1000.000000000000000 ) ;
#407 = PLANE ( 'NONE',  #1726 ) ;
#408 = CARTESIAN_POINT ( 'NONE',  ( -56.14492189456968418, 34.93171845897270344, 4.312031375905730712 ) ) ;
#409 = CARTESIAN_POINT ( 'NONE',  ( 11.92318865007542605, 108.3788113499240069, 2.000000000000000000 ) ) ;
#410 = ORIENTED_EDGE ( 'NONE', *, *, #1368, .T. ) ;
#411 = EDGE_LOOP ( 'NONE', ( #35, #1625 ) ) ;
#412 = EDGE_LOOP ( 'NONE', ( #713, #741, #1666, #1255 ) ) ;
#413 = DIRECTION ( 'NONE',  ( 0.3747658444979282688, -0.3747658444979319881, 0.8479983040050884657 ) ) ;
#414 = CARTESIAN_POINT ( 'NONE',  ( -36.16349367480230370, 59.71014948831377467, 6.432027135918554350 ) ) ;
#415 = EDGE_CURVE ( 'NONE', #1229, #1695, #1213, .T. ) ;
#416 = CARTESIAN_POINT ( 'NONE',  ( 50.73555876614725690, 36.59342314241578720, 8.552022895931287394 ) ) ;
#417 = ORIENTED_EDGE ( 'NONE', *, *, #816, .F. ) ;
#418 = ADVANCED_FACE ( 'NONE', ( #912 ), #227, .F. ) ;
#419 = ORIENTED_EDGE ( 'NONE', *, *, #745, .F. ) ;
#420 = ORIENTED_EDGE ( 'NONE', *, *, #1208, .T. ) ;
#421 = EDGE_LOOP ( 'NONE', ( #920, #15, #1565, #1183 ) ) ;
#422 = DIRECTION ( 'NONE',  ( 0.000000000000000000, -0.9146591207600467399, -0.4042260417272225403 ) ) ;
#423 = DIRECTION ( 'NONE',  ( -1.224646799147354933E-16, -1.000000000000000000, 0.000000000000000000 ) ) ;
#424 = DIRECTION ( 'NONE',  ( -0.7071067811865447972, -0.7071067811865503483, 0.000000000000000000 ) ) ;
#425 = LINE ( 'NONE', #815, #1171 ) ;
#426 = ORIENTED_EDGE ( 'NONE', *, *, #956, .T. ) ;
#427 = ORIENTED_EDGE ( 'NONE', *, *, #1221, .F. ) ;
#428 = VERTEX_POINT ( 'NONE', #108 ) ;
#429 = EDGE_LOOP ( 'NONE', ( #312, #1529 ) ) ;
#430 = DIRECTION ( 'NONE',  ( -0.5996253511966933569, 0.5996253511966856964, 0.5299989400031791531 ) ) ;
#431 = LINE ( 'NONE', #860, #136 ) ;
#432 = EDGE_CURVE ( 'NONE', #1588, #1287, #1482, .T. ) ;
#433 = VECTOR ( 'NONE', #981, 1000.000000000000000 ) ;
#434 = AXIS2_PLACEMENT_3D ( 'NONE', #1568, #306, #1039 ) ;
#435 = LINE ( 'NONE', #966, #352 ) ;
#436 = CARTESIAN_POINT ( 'NONE',  ( -4.898587196589420717E-16, 4.000000000000000000, 0.000000000000000000 ) ) ;
#437 = ORIENTED_EDGE ( 'NONE', *, *, #1645, .F. ) ;
#438 = ORIENTED_EDGE ( 'NONE', *, *, #1590, .T. ) ;
#439 = VERTEX_POINT ( 'NONE', #647 ) ;
#440 = AXIS2_PLACEMENT_3D ( 'NONE', #336, #49, #604 ) ;
#441 = EDGE_CURVE ( 'NONE', #340, #1394, #376, .T. ) ;
#442 = CARTESIAN_POINT ( 'NONE',  ( -35.49956686131829997, 63.78383810877967619, 2.042704988350555251 ) ) ;
#443 = CARTESIAN_POINT ( 'NONE',  ( 57.31164808352741602, 33.76499227001489345, 4.312031375905841735 ) ) ;
#444 = FACE_OUTER_BOUND ( 'NONE', #1528, .T. ) ;
#445 = FACE_OUTER_BOUND ( 'NONE', #1448, .T. ) ;
#446 = DIRECTION ( 'NONE',  ( -0.5996253511966933569, 0.5996253511966856964, 0.5299989400031791531 ) ) ;
#447 = ORIENTED_EDGE ( 'NONE', *, *, #679, .F. ) ;
#448 = ORIENTED_EDGE ( 'NONE', *, *, #1132, .T. ) ;
#449 = ORIENTED_EDGE ( 'NONE', *, *, #1504, .F. ) ;
#450 = DIRECTION ( 'NONE',  ( -0.7071067811865503483, 0.7071067811865446862, 0.000000000000000000 ) ) ;
#451 = CARTESIAN_POINT ( 'NONE',  ( -40.34108158739569205, 54.48321721112611726, 0.07203985588039940602 ) ) ;
#452 = EDGE_CURVE ( 'NONE', #1350, #1014, #1187, .T. ) ;
#453 = DIRECTION ( 'NONE',  ( -0.7071067811865510144, 0.7071067811865441310, 0.000000000000000000 ) ) ;
#454 = CARTESIAN_POINT ( 'NONE',  ( -62.43342590007010529, -6.470838077631223460E-16, 15.00000000000012612 ) ) ;
#455 = ORIENTED_EDGE ( 'NONE', *, *, #563, .T. ) ;
#456 = ORIENTED_EDGE ( 'NONE', *, *, #526, .T. ) ;
#457 = ORIENTED_EDGE ( 'NONE', *, *, #952, .F. ) ;
#458 = CARTESIAN_POINT ( 'NONE',  ( 35.49956686131832129, 63.78383810877966198, 2.042704988350604545 ) ) ;
#459 = LINE ( 'NONE', #1007, #544 ) ;
#460 = CIRCLE ( 'NONE', #807, 2.000000000000002665 ) ;
#461 = CARTESIAN_POINT ( 'NONE',  ( 68.15000000000000568, 8.345967936189223381E-15, 19.99999999999999645 ) ) ;
#462 = FACE_OUTER_BOUND ( 'NONE', #940, .T. ) ;
#463 = VECTOR ( 'NONE', #77, 1000.000000000000114 ) ;
#464 = EDGE_LOOP ( 'NONE', ( #143, #456, #1687, #817 ) ) ;
#465 = ORIENTED_EDGE ( 'NONE', *, *, #1117, .F. ) ;
#466 = ORIENTED_EDGE ( 'NONE', *, *, #1028, .T. ) ;
#467 = VECTOR ( 'NONE', #85, 1000.000000000000000 ) ;
#468 = DIRECTION ( 'NONE',  ( -0.5996253511966933569, 0.5996253511966858074, 0.5299989400031791531 ) ) ;
#469 = CIRCLE ( 'NONE', #1613, 1.999999999999997780 ) ;
#470 = DIRECTION ( 'NONE',  ( 0.000000000000000000, 0.000000000000000000, 1.000000000000000000 ) ) ;
#471 = AXIS2_PLACEMENT_3D ( 'NONE', #409, #1222, #1365 ) ;
#472 = EDGE_CURVE ( 'NONE', #255, #105, #941, .T. ) ;
#473 = DIRECTION ( 'NONE',  ( -0.3747658444979308223, 0.3747658444979301007, -0.8479983040050882437 ) ) ;
#474 = ORIENTED_EDGE ( 'NONE', *, *, #1775, .T. ) ;
#475 = ORIENTED_EDGE ( 'NONE', *, *, #1143, .T. ) ;
#476 = FACE_OUTER_BOUND ( 'NONE', #712, .T. ) ;
#477 = DIRECTION ( 'NONE',  ( 0.5996253511966931349, 0.5996253511966854743, 0.5299989400031793751 ) ) ;
#478 = CARTESIAN_POINT ( 'NONE',  ( -34.86950025772584638, 49.01163588145632133, -32.50000000000000000 ) ) ;
#479 = EDGE_CURVE ( 'NONE', #540, #1385, #248, .T. ) ;
#480 = DIRECTION ( 'NONE',  ( 0.7071067811865446862, -0.7071067811865503483, -4.857225732735057498E-15 ) ) ;
#481 = EDGE_CURVE ( 'NONE', #1169, #1295, #608, .T. ) ;
#482 = CARTESIAN_POINT ( 'NONE',  ( 65.73342590007013087, -1.051217251481749834E-15, 5.000000000000000000 ) ) ;
#483 = ORIENTED_EDGE ( 'NONE', *, *, #1188, .T. ) ;
#484 = ORIENTED_EDGE ( 'NONE', *, *, #1502, .F. ) ;
#485 = PLANE ( 'NONE',  #88 ) ;
#486 = CARTESIAN_POINT ( 'NONE',  ( 60.01685180014027310, 4.000000000000007105, 0.000000000000000000 ) ) ;
#487 = CARTESIAN_POINT ( 'NONE',  ( 57.85047064628859204, 43.70833502255710101, -32.50000000000000000 ) ) ;
#488 = ADVANCED_FACE ( 'NONE', ( #535, #1094 ), #407, .T. ) ;
#489 = DIRECTION ( 'NONE',  ( -1.000000000000000000, 0.000000000000000000, 0.000000000000000000 ) ) ;
#490 = VECTOR ( 'NONE', #280, 1000.000000000000000 ) ;
#491 = ORIENTED_EDGE ( 'NONE', *, *, #668, .T. ) ;
#492 = CYLINDRICAL_SURFACE ( 'NONE', #839, 60.14999999999999858 ) ;
#493 = DIRECTION ( 'NONE',  ( -0.7071067811865434649, -0.7071067811865517916, 0.000000000000000000 ) ) ;
#494 = CARTESIAN_POINT ( 'NONE',  ( -57.14999999999999858, 0.000000000000000000, 20.00000000000000000 ) ) ;
#495 = ADVANCED_FACE ( 'NONE', ( #1398 ), #547, .F. ) ;
#496 = CARTESIAN_POINT ( 'NONE',  ( 68.15000000000000568, 4.000000000000008882, 19.99999999999999645 ) ) ;
#497 = VECTOR ( 'NONE', #656, 1000.000000000000000 ) ;
#498 = CIRCLE ( 'NONE', #1080, 1.649999999999995914 ) ;
#499 = VECTOR ( 'NONE', #293, 1000.000000000000000 ) ;
#500 = ADVANCED_FACE ( 'NONE', ( #562 ), #1560, .F. ) ;
#501 = DIRECTION ( 'NONE',  ( 0.5996253511966931349, 0.5996253511966854743, 0.5299989400031793751 ) ) ;
#502 = SURFACE_SIDE_STYLE ('',( #1358 ) ) ;
#503 = FACE_OUTER_BOUND ( 'NONE', #825, .T. ) ;
#504 = DIRECTION ( 'NONE',  ( -0.3747658444979277692, 0.3747658444979325987, -0.8479983040050884657 ) ) ;
#505 = ORIENTED_EDGE ( 'NONE', *, *, #151, .F. ) ;
#506 = CARTESIAN_POINT ( 'NONE',  ( 65.73342590007013087, -0.001000000000008604249, 14.99999999999999467 ) ) ;
#507 = LINE ( 'NONE', #78, #1761 ) ;
#508 = EDGE_CURVE ( 'NONE', #317, #1237, #1397, .T. ) ;
#509 = PLANE ( 'NONE',  #1313 ) ;
#510 = CARTESIAN_POINT ( 'NONE',  ( 62.36994697365503271, 34.08567572619262620, 2.000000000000000000 ) ) ;
#511 = CARTESIAN_POINT ( 'NONE',  ( 40.34108158739568495, 54.48321721112610305, 0.07203985588045361266 ) ) ;
#512 = DIRECTION ( 'NONE',  ( -1.000000000000000000, 0.000000000000000000, 0.000000000000000000 ) ) ;
#513 = PRESENTATION_STYLE_ASSIGNMENT (( #1364 ) ) ;
#514 = DIRECTION ( 'NONE',  ( 1.224646799147355179E-16, -1.000000000000000000, 0.000000000000000000 ) ) ;
#515 = EDGE_CURVE ( 'NONE', #1693, #750, #1267, .T. ) ;
#516 = DIRECTION ( 'NONE',  ( -1.000000000000000000, 0.000000000000000000, 0.000000000000000000 ) ) ;
#517 = VECTOR ( 'NONE', #362, 1000.000000000000000 ) ;
#518 = CARTESIAN_POINT ( 'NONE',  ( 0.9066540619393561595, -22.11985749753562303, -46.11491391937749995 ) ) ;
#519 = VECTOR ( 'NONE', #38, 1000.000000000000000 ) ;
#520 = AXIS2_PLACEMENT_3D ( 'NONE', #972, #413, #422 ) ;
#521 = AXIS2_PLACEMENT_3D ( 'NONE', #801, #1390, #130 ) ;
#522 = LINE ( 'NONE', #390, #1278 ) ;
#523 = DIRECTION ( 'NONE',  ( -1.000000000000000000, 0.000000000000000000, 0.000000000000000000 ) ) ;
#524 = EDGE_CURVE ( 'NONE', #105, #1392, #838, .T. ) ;
#525 = CARTESIAN_POINT ( 'NONE',  ( 68.15000000000000568, 8.345967936189223381E-15, 19.99999999999999645 ) ) ;
#526 = EDGE_CURVE ( 'NONE', #749, #761, #260, .T. ) ;
#527 = CARTESIAN_POINT ( 'NONE',  ( -64.08342590007012518, -8.491505296224360899E-16, 5.000000000000134115 ) ) ;
#528 = LINE ( 'NONE', #391, #327 ) ;
#529 = EDGE_LOOP ( 'NONE', ( #1807, #1586, #1654, #627 ) ) ;
#530 = ORIENTED_EDGE ( 'NONE', *, *, #923, .T. ) ;
#531 = CARTESIAN_POINT ( 'NONE',  ( 56.71309272416271341, 42.57095710043123660, 2.000000000000000000 ) ) ;
#532 = DIRECTION ( 'NONE',  ( -1.224646799147354933E-16, 1.000000000000000000, 0.000000000000000000 ) ) ;
#533 = EDGE_CURVE ( 'NONE', #895, #558, #273, .T. ) ;
#534 = ORIENTED_EDGE ( 'NONE', *, *, #1241, .F. ) ;
#535 = FACE_BOUND ( 'NONE', #1459, .T. ) ;
#536 = DIRECTION ( 'NONE',  ( 1.000000000000000000, -1.224646799147354933E-16, 0.000000000000000000 ) ) ;
#537 = FACE_OUTER_BOUND ( 'NONE', #348, .T. ) ;
#538 = ORIENTED_EDGE ( 'NONE', *, *, #1451, .F. ) ;
#539 = EDGE_LOOP ( 'NONE', ( #311, #591, #1401, #192, #1403 ) ) ;
#540 = VERTEX_POINT ( 'NONE', #158 ) ;
#541 = LINE ( 'NONE', #819, #731 ) ;
#542 = EDGE_CURVE ( 'NONE', #1097, #142, #19, .T. ) ;
#543 = CARTESIAN_POINT ( 'NONE',  ( 64.08342590007012518, -8.491505296224360899E-16, 5.000000000000000000 ) ) ;
#544 = VECTOR ( 'NONE', #1741, 1000.000000000000227 ) ;
#545 = VECTOR ( 'NONE', #1037, 1000.000000000000000 ) ;
#546 = AXIS2_PLACEMENT_3D ( 'NONE', #826, #1530, #1386 ) ;
#547 = CYLINDRICAL_SURFACE ( 'NONE', #1631, 1.649999999999998579 ) ;
#548 = DIRECTION ( 'NONE',  ( -0.7071067811865454633, -0.7071067811865497932, -5.339695699491109337E-15 ) ) ;
#549 = CARTESIAN_POINT ( 'NONE',  ( 35.28492642858672923, 63.56919767604806992, 3.059997880006365634 ) ) ;
#550 = ORIENTED_EDGE ( 'NONE', *, *, #1396, .T. ) ;
#551 = ORIENTED_EDGE ( 'NONE', *, *, #848, .T. ) ;
#552 = ORIENTED_EDGE ( 'NONE', *, *, #526, .F. ) ;
#553 = CARTESIAN_POINT ( 'NONE',  ( 63.78383810878001015, 35.49956686131759653, 2.042704988350477535 ) ) ;
#554 = CARTESIAN_POINT ( 'NONE',  ( 64.08342590007012518, -8.491505296224360899E-16, 14.99999999999999467 ) ) ;
#555 = PLANE ( 'NONE',  #573 ) ;
#556 = DIRECTION ( 'NONE',  ( -1.224646799147354933E-16, 1.000000000000000000, -0.000000000000000000 ) ) ;
#557 = VERTEX_POINT ( 'NONE', #1249 ) ;
#558 = VERTEX_POINT ( 'NONE', #820 ) ;
#559 = ORIENTED_EDGE ( 'NONE', *, *, #481, .T. ) ;
#560 = ORIENTED_EDGE ( 'NONE', *, *, #1058, .F. ) ;
#561 = CARTESIAN_POINT ( 'NONE',  ( 0.000000000000000000, 0.000000000000000000, 0.000000000000000000 ) ) ;
#562 = FACE_OUTER_BOUND ( 'NONE', #579, .T. ) ;
#563 = EDGE_CURVE ( 'NONE', #1182, #1647, #1408, .T. ) ;
#564 = PLANE ( 'NONE',  #1438 ) ;
#565 = EDGE_LOOP ( 'NONE', ( #447, #870 ) ) ;
#566 = VERTEX_POINT ( 'NONE', #1000 ) ;
#567 = EDGE_LOOP ( 'NONE', ( #419, #751, #1369, #1329 ) ) ;
#568 = ORIENTED_EDGE ( 'NONE', *, *, #508, .T. ) ;
#569 = AXIS2_PLACEMENT_3D ( 'NONE', #1584, #190, #51 ) ;
#570 = DIRECTION ( 'NONE',  ( -1.224646799147354933E-16, 1.000000000000000000, -0.000000000000000000 ) ) ;
#571 = DIRECTION ( 'NONE',  ( 0.7071067811865434649, 0.7071067811865517916, 0.000000000000000000 ) ) ;
#572 = DIRECTION ( 'NONE',  ( -1.224646799147354933E-16, 1.000000000000000000, -0.000000000000000000 ) ) ;
#573 = AXIS2_PLACEMENT_3D ( 'NONE', #120, #1682, #1704 ) ;
#574 = AXIS2_PLACEMENT_3D ( 'NONE', #197, #891, #50 ) ;
#575 = PLANE ( 'NONE',  #989 ) ;
#576 = CARTESIAN_POINT ( 'NONE',  ( -23.34732914950436822, 0.1993266640079266461, -46.16860583040384114 ) ) ;
#577 = VECTOR ( 'NONE', #367, 1000.000000000000114 ) ;
#578 = ORIENTED_EDGE ( 'NONE', *, *, #287, .F. ) ;
#579 = EDGE_LOOP ( 'NONE', ( #1184, #90, #438, #1556 ) ) ;
#580 = VECTOR ( 'NONE', #1781, 1000.000000000000227 ) ;
#581 = EDGE_LOOP ( 'NONE', ( #845, #313 ) ) ;
#582 = FACE_BOUND ( 'NONE', #1737, .T. ) ;
#583 = LINE ( 'NONE', #1452, #1168 ) ;
#584 = EDGE_CURVE ( 'NONE', #255, #719, #431, .T. ) ;
#585 = EDGE_CURVE ( 'NONE', #1675, #1036, #1342, .T. ) ;
#586 = CIRCLE ( 'NONE', #1322, 1.649999999999995914 ) ;
#587 = DIRECTION ( 'NONE',  ( -1.000000000000000000, 1.224646799147352468E-16, 0.000000000000000000 ) ) ;
#588 = EDGE_CURVE ( 'NONE', #285, #1384, #1091, .T. ) ;
#589 = DIRECTION ( 'NONE',  ( 0.7071067811865447972, 0.7071067811865503483, -0.000000000000000000 ) ) ;
#590 = DIRECTION ( 'NONE',  ( -1.224646799147354933E-16, 1.000000000000000000, -0.000000000000000000 ) ) ;
#591 = ORIENTED_EDGE ( 'NONE', *, *, #926, .T. ) ;
#592 = ORIENTED_EDGE ( 'NONE', *, *, #687, .T. ) ;
#593 = FACE_BOUND ( 'NONE', #1118, .T. ) ;
#594 = DIRECTION ( 'NONE',  ( 0.000000000000000000, 0.000000000000000000, 1.000000000000000000 ) ) ;
#595 = CARTESIAN_POINT ( 'NONE',  ( -36.59342314241635563, 50.73555876614681637, 8.552022895931303381 ) ) ;
#596 = EDGE_CURVE ( 'NONE', #761, #749, #290, .T. ) ;
#597 = LINE ( 'NONE', #623, #405 ) ;
#598 = LINE ( 'NONE', #1156, #499 ) ;
#599 = CIRCLE ( 'NONE', #1801, 2.000000000000002665 ) ;
#600 = EDGE_LOOP ( 'NONE', ( #997, #194, #1191, #1421 ) ) ;
#601 = ORIENTED_EDGE ( 'NONE', *, *, #432, .F. ) ;
#602 = ORIENTED_EDGE ( 'NONE', *, *, #13, .F. ) ;
#603 = DIRECTION ( 'NONE',  ( -1.000000000000000000, 1.224646799147354933E-16, 0.000000000000000000 ) ) ;
#604 = DIRECTION ( 'NONE',  ( -0.7071067811865425767, 0.7071067811865524577, 0.000000000000000000 ) ) ;
#605 = CARTESIAN_POINT ( 'NONE',  ( 0.000000000000000000, 0.000000000000000000, 20.00000000000000000 ) ) ;
#606 = EDGE_CURVE ( 'NONE', #209, #1450, #688, .T. ) ;
#607 = ORIENTED_EDGE ( 'NONE', *, *, #635, .F. ) ;
#608 = CIRCLE ( 'NONE', #318, 1.650000000000005684 ) ;
#609 = CARTESIAN_POINT ( 'NONE',  ( -33.27001377553025208, 61.55428502299163540, 0.07203985588041675325 ) ) ;
#610 = EDGE_CURVE ( 'NONE', #1159, #317, #1784, .T. ) ;
#611 = LINE ( 'NONE', #183, #1380 ) ;
#612 =( GEOMETRIC_REPRESENTATION_CONTEXT ( 3 ) GLOBAL_UNCERTAINTY_ASSIGNED_CONTEXT ( ( #1641 ) ) GLOBAL_UNIT_ASSIGNED_CONTEXT ( ( #1216, #1770, #783 ) ) REPRESENTATION_CONTEXT ( 'NONE', 'WORKASPACE' ) );
#613 = EDGE_LOOP ( 'NONE', ( #358, #1422, #1595, #1667, #1245, #1158, #958, #1139 ) ) ;
#614 = ORIENTED_EDGE ( 'NONE', *, *, #229, .T. ) ;
#615 = ORIENTED_EDGE ( 'NONE', *, *, #219, .T. ) ;
#616 = AXIS2_PLACEMENT_3D ( 'NONE', #1609, #797, #512 ) ;
#617 = ORIENTED_EDGE ( 'NONE', *, *, #261, .T. ) ;
#618 = DIRECTION ( 'NONE',  ( -0.7071067811865427988, 0.7071067811865523467, 0.000000000000000000 ) ) ;
#619 = DIRECTION ( 'NONE',  ( 1.000000000000000000, 1.224646799147354933E-16, -0.000000000000000000 ) ) ;
#620 = AXIS2_PLACEMENT_3D ( 'NONE', #1374, #258, #523 ) ;
#621 = DIRECTION ( 'NONE',  ( -1.224646799147354933E-16, 1.000000000000000000, 0.000000000000000000 ) ) ;
#622 = CIRCLE ( 'NONE', #616, 57.14999999999999858 ) ;
#623 = CARTESIAN_POINT ( 'NONE',  ( -33.27001377553025208, 61.55428502299163540, 0.07203985588041675325 ) ) ;
#624 = ORIENTED_EDGE ( 'NONE', *, *, #308, .T. ) ;
#625 = VERTEX_POINT ( 'NONE', #414 ) ;
#626 = ORIENTED_EDGE ( 'NONE', *, *, #168, .F. ) ;
#627 = ORIENTED_EDGE ( 'NONE', *, *, #364, .T. ) ;
#628 = CYLINDRICAL_SURFACE ( 'NONE', #1052, 1.649999999999998579 ) ;
#629 = DIRECTION ( 'NONE',  ( 0.7071067811865450192, -0.7071067811865500152, -4.499439015814843401E-15 ) ) ;
#630 = EDGE_CURVE ( 'NONE', #1587, #1030, #299, .T. ) ;
#631 = DIRECTION ( 'NONE',  ( -1.000000000000000000, 0.000000000000000000, 0.000000000000000000 ) ) ;
#632 = ORIENTED_EDGE ( 'NONE', *, *, #254, .F. ) ;
#633 = CARTESIAN_POINT ( 'NONE',  ( 23.28658368649350763, 0.2600721270187174583, -46.11491391937738626 ) ) ;
#634 = APPLICATION_PROTOCOL_DEFINITION ( 'draft international standard', 'automotive_design', 1998, #366 ) ;
#635 = EDGE_CURVE ( 'NONE', #124, #1330, #1018, .T. ) ;
#636 = VERTEX_POINT ( 'NONE', #1700 ) ;
#637 = DIRECTION ( 'NONE',  ( -1.224646799147354933E-16, 1.000000000000000000, -0.000000000000000000 ) ) ;
#638 = FACE_OUTER_BOUND ( 'NONE', #66, .T. ) ;
#639 = CARTESIAN_POINT ( 'NONE',  ( -55.29887916178962115, 41.15674353805813723, 2.000000000000000000 ) ) ;
#640 = DIRECTION ( 'NONE',  ( -0.000000000000000000, -0.000000000000000000, -1.000000000000000000 ) ) ;
#641 = CARTESIAN_POINT ( 'NONE',  ( 61.55428502299199778, 33.27001377552959838, 0.07203985588036340704 ) ) ;
#642 = AXIS2_PLACEMENT_3D ( 'NONE', #659, #918, #1219 ) ;
#643 = ORIENTED_EDGE ( 'NONE', *, *, #344, .F. ) ;
#644 = CARTESIAN_POINT ( 'NONE',  ( 0.000000000000000000, 0.000000000000000000, 0.000000000000000000 ) ) ;
#645 = DIRECTION ( 'NONE',  ( -0.7071067811865526798, -0.7071067811865423547, 0.000000000000000000 ) ) ;
#646 = MECHANICAL_DESIGN_GEOMETRIC_PRESENTATION_REPRESENTATION (  '', ( #1076 ), #612 ) ;
#647 = CARTESIAN_POINT ( 'NONE',  ( -53.13406017093412714, 38.99192454720245138, 10.67201865594392451 ) ) ;
#648 = DIRECTION ( 'NONE',  ( 0.7071067811865507924, 0.7071067811865441310, 0.000000000000000000 ) ) ;
#649 = VECTOR ( 'NONE', #1510, 1000.000000000000114 ) ;
#650 = CIRCLE ( 'NONE', #813, 1.649999999999995914 ) ;
#651 = ADVANCED_FACE ( 'NONE', ( #444 ), #1389, .T. ) ;
#652 = DIRECTION ( 'NONE',  ( -0.7071067811865510144, -0.7071067811865441310, 0.000000000000000000 ) ) ;
#653 = DIRECTION ( 'NONE',  ( 1.000000000000000000, 1.224646799147354933E-16, 0.000000000000000000 ) ) ;
#654 = CARTESIAN_POINT ( 'NONE',  ( -55.29887916178961405, 41.15674353805814434, 0.000000000000000000 ) ) ;
#655 = LINE ( 'NONE', #935, #294 ) ;
#656 = DIRECTION ( 'NONE',  ( 0.7071067811865431318, -0.7071067811865519026, 0.000000000000000000 ) ) ;
#657 = CARTESIAN_POINT ( 'NONE',  ( 34.86950025772585349, 49.01163588145634264, -32.50000000000000000 ) ) ;
#658 = DIRECTION ( 'NONE',  ( 0.7071067811865492381, 0.7071067811865457964, 0.000000000000000000 ) ) ;
#659 = CARTESIAN_POINT ( 'NONE',  ( 22.11985749753571540, -0.9066540619390925926, -46.11491391937738626 ) ) ;
#660 = DIRECTION ( 'NONE',  ( 1.224646799147354933E-16, -1.000000000000000000, 0.000000000000000000 ) ) ;
#661 = ADVANCED_FACE ( 'NONE', ( #23 ), #575, .F. ) ;
#662 = EDGE_CURVE ( 'NONE', #185, #398, #435, .T. ) ;
#663 = ADVANCED_FACE ( 'NONE', ( #445 ), #555, .T. ) ;
#664 = LINE ( 'NONE', #1626, #1377 ) ;
#665 = DIRECTION ( 'NONE',  ( 0.7071067811865447972, 0.7071067811865503483, -0.000000000000000000 ) ) ;
#666 = DIRECTION ( 'NONE',  ( -1.000000000000000000, -1.224347623758489770E-16, 0.000000000000000000 ) ) ;
#667 = VECTOR ( 'NONE', #1387, 1000.000000000000114 ) ;
#668 = EDGE_CURVE ( 'NONE', #1013, #105, #1244, .T. ) ;
#669 = DIRECTION ( 'NONE',  ( 0.7071067811865442421, -0.7071067811865509034, 0.000000000000000000 ) ) ;
#670 = AXIS2_PLACEMENT_3D ( 'NONE', #527, #1346, #1086 ) ;
#671 = AXIS2_PLACEMENT_3D ( 'NONE', #561, #1519, #678 ) ;
#672 = EDGE_CURVE ( 'NONE', #1392, #1099, #460, .T. ) ;
#673 = DIRECTION ( 'NONE',  ( -0.5996253511966933569, 0.5996253511966856964, 0.5299989400031791531 ) ) ;
#674 = LINE ( 'NONE', #805, #353 ) ;
#675 = CYLINDRICAL_SURFACE ( 'NONE', #471, 2.000000000000002665 ) ;
#676 = VERTEX_POINT ( 'NONE', #1381 ) ;
#677 = ORIENTED_EDGE ( 'NONE', *, *, #1058, .T. ) ;
#678 = DIRECTION ( 'NONE',  ( -1.000000000000000000, 0.000000000000000000, 0.000000000000000000 ) ) ;
#679 = EDGE_CURVE ( 'NONE', #1647, #1450, #25, .T. ) ;
#680 = CARTESIAN_POINT ( 'NONE',  ( -61.55428502299205462, 33.27001377552961259, 0.07203985588026756703 ) ) ;
#681 = CARTESIAN_POINT ( 'NONE',  ( 58.54342329935638389, 37.33021986375943868, 6.432027135918554350 ) ) ;
#682 = CARTESIAN_POINT ( 'NONE',  ( 62.43342590007012660, -0.001000000000009008440, 14.99999999999999467 ) ) ;
#683 = EDGE_CURVE ( 'NONE', #1806, #1253, #1259, .T. ) ;
#684 = ORIENTED_EDGE ( 'NONE', *, *, #971, .F. ) ;
#685 = ORIENTED_EDGE ( 'NONE', *, *, #97, .T. ) ;
#686 = LINE ( 'NONE', #1239, #1702 ) ;
#687 = EDGE_CURVE ( 'NONE', #1685, #1376, #1490, .T. ) ;
#688 = LINE ( 'NONE', #7, #901 ) ;
#689 = CARTESIAN_POINT ( 'NONE',  ( 40.34108158739568495, 54.48321721112610305, 0.07203985588045361266 ) ) ;
#690 = ORIENTED_EDGE ( 'NONE', *, *, #472, .T. ) ;
#691 = ORIENTED_EDGE ( 'NONE', *, *, #766, .T. ) ;
#692 = ORIENTED_EDGE ( 'NONE', *, *, #1188, .F. ) ;
#693 = PLANE ( 'NONE',  #1790 ) ;
#694 = CLOSED_SHELL ( 'NONE', ( #264, #495, #1353, #1703, #1093, #418, #1619, #1635, #873, #1658, #936, #365, #98, #395, #17, #177, #661, #1583, #1314, #651, #95, #1085, #1718, #111, #1186, #663, #237, #1681, #798, #1362, #1711, #1522, #1281, #10, #1489, #488, #861, #947, #850, #1315, #1301, #796, #867, #1646, #300, #1454, #1010, #1112, #1812, #990, #1248, #500, #900, #1642 ) ) ;
#695 = VECTOR ( 'NONE', #319, 1000.000000000000000 ) ;
#696 = AXIS2_PLACEMENT_3D ( 'NONE', #922, #1217, #776 ) ;
#697 = EDGE_CURVE ( 'NONE', #1051, #566, #1532, .T. ) ;
#698 = PRODUCT_DEFINITION_SHAPE ( 'NONE', 'NONE',  #1776 ) ;
#699 = DIRECTION ( 'NONE',  ( 0.5996253511966928018, -0.5996253511966862515, -0.5299989400031792641 ) ) ;
#700 = CARTESIAN_POINT ( 'NONE',  ( 29.52235533055092631, 57.80662657801234872, 8.552022895931328250 ) ) ;
#701 = ORIENTED_EDGE ( 'NONE', *, *, #150, .T. ) ;
#702 = ORIENTED_EDGE ( 'NONE', *, *, #18, .F. ) ;
#703 = EDGE_LOOP ( 'NONE', ( #685, #602, #692, #534, #843, #896, #1142, #117, #691, #1594, #781, #1555, #1460, #1601, #1745, #1125 ) ) ;
#704 = EDGE_LOOP ( 'NONE', ( #277, #1706 ) ) ;
#705 = EDGE_LOOP ( 'NONE', ( #193, #1573 ) ) ;
#706 = CARTESIAN_POINT ( 'NONE',  ( -54.48321721112658622, 40.34108158739509520, 0.07203985588033001708 ) ) ;
#707 = CARTESIAN_POINT ( 'NONE',  ( 64.08342590007012518, 4.000000000000007994, 14.99999999999999467 ) ) ;
#708 = EDGE_CURVE ( 'NONE', #285, #740, #725, .T. ) ;
#709 = FACE_OUTER_BOUND ( 'NONE', #711, .T. ) ;
#710 = ORIENTED_EDGE ( 'NONE', *, *, #508, .F. ) ;
#711 = EDGE_LOOP ( 'NONE', ( #996, #1535, #864, #1554 ) ) ;
#712 = EDGE_LOOP ( 'NONE', ( #338, #1404, #976, #732 ) ) ;
#713 = ORIENTED_EDGE ( 'NONE', *, *, #717, .F. ) ;
#714 = CARTESIAN_POINT ( 'NONE',  ( -60.01685180014027310, 3.999999999999992450, 0.000000000000000000 ) ) ;
#715 = DIRECTION ( 'NONE',  ( -0.5996253511966930239, 0.5996253511966855854, 0.5299989400031795972 ) ) ;
#716 = CARTESIAN_POINT ( 'NONE',  ( -11.92318865007540651, 108.3788113499239927, 2.000000000000000000 ) ) ;
#717 = EDGE_CURVE ( 'NONE', #1545, #1515, #274, .T. ) ;
#718 = DIRECTION ( 'NONE',  ( 0.5996253511966932459, -0.5996253511966858074, -0.5299989400031792641 ) ) ;
#719 = VERTEX_POINT ( 'NONE', #1412 ) ;
#720 = ORIENTED_EDGE ( 'NONE', *, *, #1505, .T. ) ;
#721 = ORIENTED_EDGE ( 'NONE', *, *, #151, .T. ) ;
#722 = CARTESIAN_POINT ( 'NONE',  ( -0.2600721270184353506, -23.28658368649342947, -46.11491391937749995 ) ) ;
#723 = DIRECTION ( 'NONE',  ( -1.224646799147354933E-16, 1.000000000000000000, 0.000000000000000000 ) ) ;
#724 = CARTESIAN_POINT ( 'NONE',  ( 29.52235533055092631, 57.80662657801234872, 8.552022895931328250 ) ) ;
#725 = CIRCLE ( 'NONE', #1757, 1.649999999999991251 ) ;
#726 = VECTOR ( 'NONE', #1275, 1000.000000000000114 ) ;
#727 = DIRECTION ( 'NONE',  ( 0.7071067811865450192, -0.7071067811865500152, -4.499439015814843401E-15 ) ) ;
#728 = DIRECTION ( 'NONE',  ( 0.7071067811865434649, 0.7071067811865517916, 0.000000000000000000 ) ) ;
#729 = ORIENTED_EDGE ( 'NONE', *, *, #585, .F. ) ;
#730 = VERTEX_POINT ( 'NONE', #339 ) ;
#731 = VECTOR ( 'NONE', #1668, 1000.000000000000114 ) ;
#732 = ORIENTED_EDGE ( 'NONE', *, *, #63, .T. ) ;
#733 = CARTESIAN_POINT ( 'NONE',  ( 31.92085673533769707, 60.20512798279909106, 10.67201865594404708 ) ) ;
#734 = FACE_OUTER_BOUND ( 'NONE', #412, .T. ) ;
#735 = EDGE_CURVE ( 'NONE', #855, #1350, #599, .T. ) ;
#736 = CARTESIAN_POINT ( 'NONE',  ( 60.01685180014027310, 4.000000000000007105, 20.00000000000000000 ) ) ;
#737 = DIRECTION ( 'NONE',  ( -0.5996253511966933569, -0.5996253511966851413, -0.5299989400031799303 ) ) ;
#738 = EDGE_LOOP ( 'NONE', ( #1003, #1748, #1073, #1735 ) ) ;
#739 = VERTEX_POINT ( 'NONE', #182 ) ;
#740 = VERTEX_POINT ( 'NONE', #1712 ) ;
#741 = ORIENTED_EDGE ( 'NONE', *, *, #341, .F. ) ;
#742 = EDGE_CURVE ( 'NONE', #1210, #1693, #198, .T. ) ;
#743 = DIRECTION ( 'NONE',  ( -1.224646799147354933E-16, 1.000000000000000000, -0.000000000000000000 ) ) ;
#744 = DIRECTION ( 'NONE',  ( -0.7071067811865431318, 0.7071067811865520136, -0.000000000000000000 ) ) ;
#745 = EDGE_CURVE ( 'NONE', #636, #439, #892, .T. ) ;
#746 = DIRECTION ( 'NONE',  ( -1.000000000000000000, -1.224646799147354933E-16, -3.469446951953613696E-16 ) ) ;
#747 = CARTESIAN_POINT ( 'NONE',  ( 20.95313130857791961, -2.073380250896902588, -46.11491391937738626 ) ) ;
#748 = ORIENTED_EDGE ( 'NONE', *, *, #1181, .F. ) ;
#749 = VERTEX_POINT ( 'NONE', #482 ) ;
#750 = VERTEX_POINT ( 'NONE', #309 ) ;
#751 = ORIENTED_EDGE ( 'NONE', *, *, #984, .F. ) ;
#752 = CARTESIAN_POINT ( 'NONE',  ( 50.73555876614725690, 36.59342314241578720, 8.552022895931287394 ) ) ;
#753 = CARTESIAN_POINT ( 'NONE',  ( 64.08342590007012518, 4.000000000000007994, 14.99999999999999467 ) ) ;
#754 = CARTESIAN_POINT ( 'NONE',  ( 40.34108158739569205, 54.48321721112613147, 0.07203985588045275223 ) ) ;
#755 = AXIS2_PLACEMENT_3D ( 'NONE', #543, #973, #1425 ) ;
#756 = DIRECTION ( 'NONE',  ( 1.224646799147354933E-16, -1.000000000000000000, -0.000000000000000000 ) ) ;
#757 = EDGE_CURVE ( 'NONE', #880, #1253, #1719, .T. ) ;
#758 = AXIS2_PLACEMENT_3D ( 'NONE', #106, #665, #1043 ) ;
#759 = VERTEX_POINT ( 'NONE', #736 ) ;
#760 = ORIENTED_EDGE ( 'NONE', *, *, #735, .F. ) ;
#761 = VERTEX_POINT ( 'NONE', #1021 ) ;
#762 = AXIS2_PLACEMENT_3D ( 'NONE', #1357, #1637, #1779 ) ;
#763 = EDGE_LOOP ( 'NONE', ( #1025, #1323, #1126, #164 ) ) ;
#764 = LINE ( 'NONE', #374, #1283 ) ;
#765 = CARTESIAN_POINT ( 'NONE',  ( 31.92085673533769707, 60.20512798279909106, 10.67201865594404708 ) ) ;
#766 = EDGE_CURVE ( 'NONE', #400, #1694, #1446, .T. ) ;
#767 = CARTESIAN_POINT ( 'NONE',  ( -64.08342590007012518, -8.491505296224360899E-16, 5.000000000000134115 ) ) ;
#768 = VERTEX_POINT ( 'NONE', #884 ) ;
#769 = FILL_AREA_STYLE ('',( #1211 ) ) ;
#770 = LINE ( 'NONE', #75, #545 ) ;
#771 = DIRECTION ( 'NONE',  ( -0.7071067811865434649, 0.7071067811865517916, 0.000000000000000000 ) ) ;
#772 = DIRECTION ( 'NONE',  ( -1.000000000000000000, -1.224646799147355179E-16, 0.000000000000000000 ) ) ;
#773 = EDGE_CURVE ( 'NONE', #1304, #1694, #213, .T. ) ;
#774 = ORIENTED_EDGE ( 'NONE', *, *, #415, .F. ) ;
#775 = DIRECTION ( 'NONE',  ( 1.224646799147355179E-16, -1.000000000000000000, 0.000000000000000000 ) ) ;
#776 = DIRECTION ( 'NONE',  ( -1.000000000000000000, -1.224646799147356412E-16, 0.000000000000000000 ) ) ;
#777 = DIRECTION ( 'NONE',  ( 0.5996253511966931349, 0.5996253511966854743, 0.5299989400031793751 ) ) ;
#778 = FACE_OUTER_BOUND ( 'NONE', #421, .T. ) ;
#779 = EDGE_CURVE ( 'NONE', #895, #1297, #597, .T. ) ;
#780 = AXIS2_PLACEMENT_3D ( 'NONE', #1078, #1062, #1622 ) ;
#781 = ORIENTED_EDGE ( 'NONE', *, *, #1206, .F. ) ;
#782 = FACE_OUTER_BOUND ( 'NONE', #529, .T. ) ;
#783 =( NAMED_UNIT ( * ) SI_UNIT ( $, .STERADIAN. ) SOLID_ANGLE_UNIT ( ) );
#784 = CARTESIAN_POINT ( 'NONE',  ( -56.71277029691460569, 42.57063467318310046, 2.042704988350442452 ) ) ;
#785 = AXIS2_PLACEMENT_3D ( 'NONE', #899, #1464, #1326 ) ;
#786 = CIRCLE ( 'NONE', #962, 1.999999999999997780 ) ;
#787 = DIRECTION ( 'NONE',  ( -0.7071067811865425767, -0.7071067811865525687, 0.000000000000000000 ) ) ;
#788 = CYLINDRICAL_SURFACE ( 'NONE', #1491, 1.649999999999994582 ) ;
#789 = CIRCLE ( 'NONE', #1817, 1.650000000000005684 ) ;
#790 =( GEOMETRIC_REPRESENTATION_CONTEXT ( 3 ) GLOBAL_UNCERTAINTY_ASSIGNED_CONTEXT ( ( #1793 ) ) GLOBAL_UNIT_ASSIGNED_CONTEXT ( ( #199, #1209, #1032 ) ) REPRESENTATION_CONTEXT ( 'NONE', 'WORKASPACE' ) );
#791 = PRODUCT_CONTEXT ( 'NONE', #9, 'mechanical' ) ;
#792 = FACE_BOUND ( 'NONE', #1320, .T. ) ;
#793 = CARTESIAN_POINT ( 'NONE',  ( -62.43342590007010529, 3.999999999999992450, 15.00000000000012612 ) ) ;
#794 = LINE ( 'NONE', #1621, #406 ) ;
#795 = DIRECTION ( 'NONE',  ( -1.224646799147354933E-16, 1.000000000000000000, -0.000000000000000000 ) ) ;
#796 = ADVANCED_FACE ( 'NONE', ( #1179 ), #1147, .F. ) ;
#797 = DIRECTION ( 'NONE',  ( -0.000000000000000000, -0.000000000000000000, -1.000000000000000000 ) ) ;
#798 = ADVANCED_FACE ( 'NONE', ( #1457 ), #1040, .T. ) ;
#799 = FACE_OUTER_BOUND ( 'NONE', #1012, .T. ) ;
#800 = DIRECTION ( 'NONE',  ( -1.000000000000000000, 0.000000000000000000, 0.000000000000000000 ) ) ;
#801 = CARTESIAN_POINT ( 'NONE',  ( -64.08342590007012518, 3.999999999999992450, 5.000000000000134115 ) ) ;
#802 = DIRECTION ( 'NONE',  ( -1.000000000000000000, 0.000000000000000000, 0.000000000000000000 ) ) ;
#803 = DIRECTION ( 'NONE',  ( -0.5996253511966933569, 0.5996253511966858074, 0.5299989400031791531 ) ) ;
#804 = EDGE_CURVE ( 'NONE', #186, #295, #810, .T. ) ;
#805 = CARTESIAN_POINT ( 'NONE',  ( 60.01685180014027310, 4.000000000000007105, 20.00000000000000000 ) ) ;
#806 = DIRECTION ( 'NONE',  ( 0.000000000000000000, 0.000000000000000000, 1.000000000000000000 ) ) ;
#807 = AXIS2_PLACEMENT_3D ( 'NONE', #1114, #424, #139 ) ;
#808 = DIRECTION ( 'NONE',  ( -0.9146591207600462958, 0.000000000000000000, -0.4042260417272233175 ) ) ;
#809 = AXIS2_PLACEMENT_3D ( 'NONE', #368, #81, #652 ) ;
#810 = CIRCLE ( 'NONE', #1077, 1.649999999999998579 ) ;
#811 = VECTOR ( 'NONE', #1576, 1000.000000000000000 ) ;
#812 = EDGE_CURVE ( 'NONE', #1287, #276, #902, .T. ) ;
#813 = AXIS2_PLACEMENT_3D ( 'NONE', #1571, #1022, #728 ) ;
#814 = ORIENTED_EDGE ( 'NONE', *, *, #812, .F. ) ;
#815 = CARTESIAN_POINT ( 'NONE',  ( -31.92085673533771129, 60.20512798279907685, 10.67201865594402399 ) ) ;
#816 = EDGE_CURVE ( 'NONE', #1566, #175, #62, .T. ) ;
#817 = ORIENTED_EDGE ( 'NONE', *, *, #1221, .T. ) ;
#818 = ORIENTED_EDGE ( 'NONE', *, *, #1506, .T. ) ;
#819 = CARTESIAN_POINT ( 'NONE',  ( 53.13406017093402767, 38.99192454720252954, 10.67201865594400623 ) ) ;
#820 = CARTESIAN_POINT ( 'NONE',  ( -31.92085673533771129, 60.20512798279907685, 10.67201865594402399 ) ) ;
#821 = DIRECTION ( 'NONE',  ( 0.3747658444979292680, 0.3747658444979320436, -0.8479983040050880216 ) ) ;
#822 = DIRECTION ( 'NONE',  ( -0.000000000000000000, -0.000000000000000000, -1.000000000000000000 ) ) ;
#823 = PLANE ( 'NONE',  #620 ) ;
#824 = VERTEX_POINT ( 'NONE', #1327 ) ;
#825 = EDGE_LOOP ( 'NONE', ( #122, #335, #1151, #1119 ) ) ;
#826 = CARTESIAN_POINT ( 'NONE',  ( 64.08342590007012518, -0.001000000000008806345, 5.000000000000000000 ) ) ;
#827 = CARTESIAN_POINT ( 'NONE',  ( 64.08342590007012518, -0.001000000000008806345, 14.99999999999999467 ) ) ;
#828 = VECTOR ( 'NONE', #1302, 1000.000000000000000 ) ;
#829 = DIRECTION ( 'NONE',  ( -0.7071067811865454633, -0.7071067811865495711, -3.154042683594211391E-15 ) ) ;
#830 = CYLINDRICAL_SURFACE ( 'NONE', #1731, 1.649999999999995914 ) ;
#831 = ORIENTED_EDGE ( 'NONE', *, *, #379, .F. ) ;
#832 = ORIENTED_EDGE ( 'NONE', *, *, #1341, .F. ) ;
#833 = ORIENTED_EDGE ( 'NONE', *, *, #1797, .T. ) ;
#834 = EDGE_LOOP ( 'NONE', ( #1736, #729 ) ) ;
#835 = CARTESIAN_POINT ( 'NONE',  ( -40.34108158739569205, 54.48321721112611726, 0.07203985588039940602 ) ) ;
#836 = AXIS2_PLACEMENT_3D ( 'NONE', #1434, #179, #787 ) ;
#837 = AXIS2_PLACEMENT_3D ( 'NONE', #827, #1659, #1689 ) ;
#838 = LINE ( 'NONE', #961, #1541 ) ;
#839 = AXIS2_PLACEMENT_3D ( 'NONE', #373, #232, #800 ) ;
#840 = VECTOR ( 'NONE', #6, 1000.000000000000114 ) ;
#841 = VECTOR ( 'NONE', #556, 1000.000000000000000 ) ;
#842 = CARTESIAN_POINT ( 'NONE',  ( 57.14999999999999858, 0.000000000000000000, 20.00000000000000000 ) ) ;
#843 = ORIENTED_EDGE ( 'NONE', *, *, #1411, .F. ) ;
#844 = ORIENTED_EDGE ( 'NONE', *, *, #1065, .F. ) ;
#845 = ORIENTED_EDGE ( 'NONE', *, *, #1505, .F. ) ;
#846 = ORIENTED_EDGE ( 'NONE', *, *, #441, .F. ) ;
#847 = DIRECTION ( 'NONE',  ( 0.7071067811865503483, -0.7071067811865446862, 0.000000000000000000 ) ) ;
#848 = EDGE_CURVE ( 'NONE', #124, #625, #70, .T. ) ;
#849 = CARTESIAN_POINT ( 'NONE',  ( 50.73555876614725690, 36.59342314241578720, 8.552022895931287394 ) ) ;
#850 = ADVANCED_FACE ( 'NONE', ( #1752 ), #1561, .T. ) ;
#851 = EDGE_CURVE ( 'NONE', #428, #1092, #1407, .T. ) ;
#852 = CARTESIAN_POINT ( 'NONE',  ( 0.000000000000000000, 0.000000000000000000, 20.00000000000000000 ) ) ;
#853 = CARTESIAN_POINT ( 'NONE',  ( 33.76499227001546899, 57.31164808352704654, 4.312031375906008712 ) ) ;
#854 = EDGE_CURVE ( 'NONE', #1099, #428, #1009, .T. ) ;
#855 = VERTEX_POINT ( 'NONE', #1786 ) ;
#856 = ORIENTED_EDGE ( 'NONE', *, *, #1251, .F. ) ;
#857 = ORIENTED_EDGE ( 'NONE', *, *, #584, .T. ) ;
#858 = DIRECTION ( 'NONE',  ( -1.000000000000000000, -1.224347623758484347E-16, 0.000000000000000000 ) ) ;
#859 = DIRECTION ( 'NONE',  ( -0.7071067811865434649, -0.7071067811865516806, -1.734723475976806503E-15 ) ) ;
#860 = CARTESIAN_POINT ( 'NONE',  ( -61.55428502299205462, 33.27001377552961259, 0.07203985588026756703 ) ) ;
#861 = ADVANCED_FACE ( 'NONE', ( #799 ), #1480, .T. ) ;
#862 = DIRECTION ( 'NONE',  ( 0.7071067811865441310, 0.7071067811865510144, 2.412349833780247366E-15 ) ) ;
#863 = DIRECTION ( 'NONE',  ( -1.000000000000000000, -1.224347623758489770E-16, 0.000000000000000000 ) ) ;
#864 = ORIENTED_EDGE ( 'NONE', *, *, #1033, .F. ) ;
#865 = ORIENTED_EDGE ( 'NONE', *, *, #1265, .F. ) ;
#866 = ORIENTED_EDGE ( 'NONE', *, *, #971, .T. ) ;
#867 = ADVANCED_FACE ( 'NONE', ( #1060 ), #1331, .T. ) ;
#868 = FACE_OUTER_BOUND ( 'NONE', #1024, .T. ) ;
#869 = DIRECTION ( 'NONE',  ( -1.000000000000000000, -1.224646799147354933E-16, 0.000000000000000000 ) ) ;
#870 = ORIENTED_EDGE ( 'NONE', *, *, #188, .F. ) ;
#871 = VECTOR ( 'NONE', #1497, 1000.000000000000000 ) ;
#872 = AXIS2_PLACEMENT_3D ( 'NONE', #350, #1053, #1649 ) ;
#873 = ADVANCED_FACE ( 'NONE', ( #638 ), #1605, .F. ) ;
#874 = DIRECTION ( 'NONE',  ( -0.7071067811865442421, 0.7071067811865509034, 0.000000000000000000 ) ) ;
#875 = LINE ( 'NONE', #983, #1550 ) ;
#876 = AXIS2_PLACEMENT_3D ( 'NONE', #1606, #1324, #1185 ) ;
#877 = ORIENTED_EDGE ( 'NONE', *, *, #1083, .T. ) ;
#878 = ORIENTED_EDGE ( 'NONE', *, *, #683, .T. ) ;
#879 = AXIS2_PLACEMENT_3D ( 'NONE', #2, #1683, #1500 ) ;
#880 = VERTEX_POINT ( 'NONE', #1754 ) ;
#881 = CARTESIAN_POINT ( 'NONE',  ( -29.52235533055093697, 57.80662657801233451, 8.552022895931305158 ) ) ;
#882 = EDGE_CURVE ( 'NONE', #1160, #1384, #356, .T. ) ;
#883 = CARTESIAN_POINT ( 'NONE',  ( 62.43342590007013371, 4.000000000000007994, 5.000000000000000000 ) ) ;
#884 = CARTESIAN_POINT ( 'NONE',  ( 36.09844464793103924, 54.97819570561141234, 4.312031375905987396 ) ) ;
#885 = FACE_BOUND ( 'NONE', #704, .T. ) ;
#886 = ORIENTED_EDGE ( 'NONE', *, *, #1311, .F. ) ;
#887 = ORIENTED_EDGE ( 'NONE', *, *, #1546, .T. ) ;
#888 = ORIENTED_EDGE ( 'NONE', *, *, #952, .T. ) ;
#889 = ORIENTED_EDGE ( 'NONE', *, *, #606, .F. ) ;
#890 = DIRECTION ( 'NONE',  ( -1.224646799147354933E-16, 1.000000000000000000, -0.000000000000000000 ) ) ;
#891 = DIRECTION ( 'NONE',  ( -0.3747658444979269921, 0.3747658444979333203, -0.8479983040050885768 ) ) ;
#892 = LINE ( 'NONE', #1155, #894 ) ;
#893 = DIRECTION ( 'NONE',  ( 1.000000000000000000, 0.000000000000000000, 0.000000000000000000 ) ) ;
#894 = VECTOR ( 'NONE', #345, 1000.000000000000000 ) ;
#895 = VERTEX_POINT ( 'NONE', #1337 ) ;
#896 = ORIENTED_EDGE ( 'NONE', *, *, #1455, .T. ) ;
#897 = ORIENTED_EDGE ( 'NONE', *, *, #1563, .F. ) ;
#898 = PLANE ( 'NONE',  #114 ) ;
#899 = CARTESIAN_POINT ( 'NONE',  ( -64.08342590007012518, -0.001000000000024418856, 5.000000000000134115 ) ) ;
#900 = ADVANCED_FACE ( 'NONE', ( #503 ), #628, .F. ) ;
#901 = VECTOR ( 'NONE', #1240, 1000.000000000000227 ) ;
#902 = LINE ( 'NONE', #1166, #1176 ) ;
#903 = AXIS2_PLACEMENT_3D ( 'NONE', #1598, #621, #869 ) ;
#904 = ORIENTED_EDGE ( 'NONE', *, *, #254, .T. ) ;
#905 = EDGE_CURVE ( 'NONE', #1097, #1237, #195, .T. ) ;
#906 = ORIENTED_EDGE ( 'NONE', *, *, #812, .T. ) ;
#907 = ORIENTED_EDGE ( 'NONE', *, *, #479, .T. ) ;
#908 = AXIS2_PLACEMENT_3D ( 'NONE', #752, #1426, #1044 ) ;
#909 = CARTESIAN_POINT ( 'NONE',  ( 57.14999999999999858, 0.000000000000000000, 0.000000000000000000 ) ) ;
#910 = FACE_OUTER_BOUND ( 'NONE', #1140, .T. ) ;
#911 = VECTOR ( 'NONE', #570, 1000.000000000000000 ) ;
#912 = FACE_OUTER_BOUND ( 'NONE', #1120, .T. ) ;
#913 = CARTESIAN_POINT ( 'NONE',  ( 34.93171845897325056, 56.14492189456921523, 4.312031375905987396 ) ) ;
#914 = VECTOR ( 'NONE', #446, 1000.000000000000114 ) ;
#915 = ORIENTED_EDGE ( 'NONE', *, *, #1744, .T. ) ;
#916 = EDGE_CURVE ( 'NONE', #1686, #768, #1728, .T. ) ;
#917 = FACE_OUTER_BOUND ( 'NONE', #1575, .T. ) ;
#918 = DIRECTION ( 'NONE',  ( -0.5996253511966933569, 0.5996253511966858074, 0.5299989400031791531 ) ) ;
#919 = DIRECTION ( 'NONE',  ( 0.7071067811865510144, 0.7071067811865441310, 0.000000000000000000 ) ) ;
#920 = ORIENTED_EDGE ( 'NONE', *, *, #697, .F. ) ;
#921 = DIRECTION ( 'NONE',  ( -0.7071067811865507924, -0.7071067811865441310, 0.000000000000000000 ) ) ;
#922 = CARTESIAN_POINT ( 'NONE',  ( -64.08342590007009676, -8.491505296224360899E-16, 15.00000000000012612 ) ) ;
#923 = EDGE_CURVE ( 'NONE', #1116, #1013, #770, .T. ) ;
#924 = DIRECTION ( 'NONE',  ( -0.7071067811865431318, 0.7071067811865519026, 0.000000000000000000 ) ) ;
#925 = CARTESIAN_POINT ( 'NONE',  ( 54.48321721112654359, 40.34108158739510230, 0.07203985588041197929 ) ) ;
#926 = EDGE_CURVE ( 'NONE', #1306, #1116, #786, .T. ) ;
#927 = VECTOR ( 'NONE', #1418, 1000.000000000000227 ) ;
#928 = CARTESIAN_POINT ( 'NONE',  ( -18.21043193040829777, 102.0915680695911618, 20.00000000000000000 ) ) ;
#929 = DIRECTION ( 'NONE',  ( 0.000000000000000000, 0.000000000000000000, 1.000000000000000000 ) ) ;
#930 = DIRECTION ( 'NONE',  ( 0.3747658444979324877, 0.3747658444979281023, -0.8479983040050882437 ) ) ;
#931 = CIRCLE ( 'NONE', #171, 60.14999999999999858 ) ;
#932 = EDGE_CURVE ( 'NONE', #1297, #1306, #664, .T. ) ;
#933 = AXIS2_PLACEMENT_3D ( 'NONE', #1751, #772, #1333 ) ;
#934 = CYLINDRICAL_SURFACE ( 'NONE', #1370, 60.14999999999999858 ) ;
#935 = CARTESIAN_POINT ( 'NONE',  ( 57.85047064628859204, 43.70833502255710101, 0.000000000000000000 ) ) ;
#936 = ADVANCED_FACE ( 'NONE', ( #1336 ), #372, .T. ) ;
#937 = VECTOR ( 'NONE', #514, 1000.000000000000000 ) ;
#938 = AXIS2_PLACEMENT_3D ( 'NONE', #1585, #11, #1447 ) ;
#939 = VECTOR ( 'NONE', #988, 1000.000000000000000 ) ;
#940 = EDGE_LOOP ( 'NONE', ( #65, #79, #1321, #615 ) ) ;
#941 = LINE ( 'NONE', #680, #1810 ) ;
#942 = DIRECTION ( 'NONE',  ( -1.224646799147355179E-16, 1.000000000000000000, 0.000000000000000000 ) ) ;
#943 = CARTESIAN_POINT ( 'NONE',  ( 57.14999999999999858, 0.000000000000000000, 20.00000000000000000 ) ) ;
#944 = FACE_OUTER_BOUND ( 'NONE', #37, .T. ) ;
#945 = CARTESIAN_POINT ( 'NONE',  ( -68.15000000000000568, 3.999999999999991562, 19.99999999999999645 ) ) ;
#946 = LINE ( 'NONE', #1196, #112 ) ;
#947 = ADVANCED_FACE ( 'NONE', ( #1200 ), #80, .T. ) ;
#948 = LINE ( 'NONE', #928, #497 ) ;
#949 = LINE ( 'NONE', #115, #1785 ) ;
#950 = CARTESIAN_POINT ( 'NONE',  ( -64.08342590007012518, -0.001000000000024418856, 5.000000000000134115 ) ) ;
#951 = CARTESIAN_POINT ( 'NONE',  ( -59.71014948831425073, 36.16349367480162869, 6.432027135918443328 ) ) ;
#952 = EDGE_CURVE ( 'NONE', #957, #1695, #948, .T. ) ;
#953 = CARTESIAN_POINT ( 'NONE',  ( -49.01163588145671923, 34.86950025772529926, -32.50000000000000000 ) ) ;
#955 = ORIENTED_EDGE ( 'NONE', *, *, #8, .T. ) ;
#954 = AXIS2_PLACEMENT_3D ( 'NONE', #94, #1643, #802 ) ;
#956 = EDGE_CURVE ( 'NONE', #439, #730, #1507, .T. ) ;
#957 = VERTEX_POINT ( 'NONE', #383 ) ;
#958 = ORIENTED_EDGE ( 'NONE', *, *, #1178, .F. ) ;
#959 = VECTOR ( 'NONE', #744, 999.9999999999998863 ) ;
#960 = CARTESIAN_POINT ( 'NONE',  ( -64.08342590007009676, 3.999999999999992450, 15.00000000000012612 ) ) ;
#961 = CARTESIAN_POINT ( 'NONE',  ( -63.78383810878003857, 35.49956686131757522, 2.042704988350352746 ) ) ;
#962 = AXIS2_PLACEMENT_3D ( 'NONE', #1462, #225, #82 ) ;
#963 = VECTOR ( 'NONE', #1212, 1000.000000000000000 ) ;
#964 = AXIS2_PLACEMENT_3D ( 'NONE', #34, #590, #863 ) ;
#965 = ORIENTED_EDGE ( 'NONE', *, *, #1645, .T. ) ;
#966 = CARTESIAN_POINT ( 'NONE',  ( 38.99192454720311929, 53.13406017093357292, 10.67201865594405064 ) ) ;
#967 = DIRECTION ( 'NONE',  ( -0.7071067811865431318, -0.7071067811865519026, -0.000000000000000000 ) ) ;
#968 = ORIENTED_EDGE ( 'NONE', *, *, #481, .F. ) ;
#969 = ORIENTED_EDGE ( 'NONE', *, *, #472, .F. ) ;
#970 = EDGE_LOOP ( 'NONE', ( #720, #1345, #410, #73 ) ) ;
#971 = EDGE_CURVE ( 'NONE', #142, #317, #1499, .T. ) ;
#972 = CARTESIAN_POINT ( 'NONE',  ( -57.80662657801276083, 29.52235533055028327, 8.552022895931163049 ) ) ;
#973 = DIRECTION ( 'NONE',  ( -1.224646799147354933E-16, -1.000000000000000000, 0.000000000000000000 ) ) ;
#974 = DIRECTION ( 'NONE',  ( 0.000000000000000000, 0.000000000000000000, 1.000000000000000000 ) ) ;
#975 = CYLINDRICAL_SURFACE ( 'NONE', #1496, 2.000000000000002665 ) ;
#976 = ORIENTED_EDGE ( 'NONE', *, *, #683, .F. ) ;
#977 = ORIENTED_EDGE ( 'NONE', *, *, #610, .T. ) ;
#978 = ORIENTED_EDGE ( 'NONE', *, *, #386, .T. ) ;
#979 = PRODUCT ( 'proto_tyoe_thruster_holder', 'proto_tyoe_thruster_holder', '', ( #791 ) ) ;
#980 = CARTESIAN_POINT ( 'NONE',  ( -60.01685180014027310, 3.999999999999993339, 20.00000000000000000 ) ) ;
#981 = DIRECTION ( 'NONE',  ( 0.000000000000000000, 0.000000000000000000, -1.000000000000000000 ) ) ;
#982 = CARTESIAN_POINT ( 'NONE',  ( -57.14999999999999858, 0.000000000000000000, 20.00000000000000000 ) ) ;
#983 = CARTESIAN_POINT ( 'NONE',  ( -34.86950025772584638, 49.01163588145632133, -32.50000000000000000 ) ) ;
#984 = EDGE_CURVE ( 'NONE', #719, #636, #231, .T. ) ;
#985 = ORIENTED_EDGE ( 'NONE', *, *, #168, .T. ) ;
#986 = ORIENTED_EDGE ( 'NONE', *, *, #261, .F. ) ;
#987 = ORIENTED_EDGE ( 'NONE', *, *, #717, .T. ) ;
#988 = DIRECTION ( 'NONE',  ( 0.7071067811865431318, 0.7071067811865519026, 0.000000000000000000 ) ) ;
#989 = AXIS2_PLACEMENT_3D ( 'NONE', #852, #1242, #1524 ) ;
#990 = ADVANCED_FACE ( 'NONE', ( #782 ), #1227, .T. ) ;
#991 = CARTESIAN_POINT ( 'NONE',  ( 61.55428502299199778, 33.27001377552959838, 0.07203985588036340704 ) ) ;
#992 = VECTOR ( 'NONE', #673, 1000.000000000000114 ) ;
#993 = AXIS2_PLACEMENT_3D ( 'NONE', #1121, #1538, #157 ) ;
#994 = DIRECTION ( 'NONE',  ( -1.224646799147354933E-16, 1.000000000000000000, 0.000000000000000000 ) ) ;
#995 = ORIENTED_EDGE ( 'NONE', *, *, #984, .T. ) ;
#996 = ORIENTED_EDGE ( 'NONE', *, *, #148, .F. ) ;
#997 = ORIENTED_EDGE ( 'NONE', *, *, #1391, .F. ) ;
#998 = CARTESIAN_POINT ( 'NONE',  ( -65.73342590007010244, -0.001000000000024620951, 15.00000000000012612 ) ) ;
#999 = CYLINDRICAL_SURFACE ( 'NONE', #785, 1.649999999999998579 ) ;
#1000 = CARTESIAN_POINT ( 'NONE',  ( -68.15000000000000568, -8.345967936189223381E-15, 0.000000000000000000 ) ) ;
#1001 = CARTESIAN_POINT ( 'NONE',  ( -64.08342590007009676, -0.001000000000024418856, 15.00000000000012612 ) ) ;
#1002 = CARTESIAN_POINT ( 'NONE',  ( 56.14492189456962024, 34.93171845897270344, 4.312031375905841735 ) ) ;
#1003 = ORIENTED_EDGE ( 'NONE', *, *, #150, .F. ) ;
#1004 = ORIENTED_EDGE ( 'NONE', *, *, #662, .F. ) ;
#1005 = EDGE_LOOP ( 'NONE', ( #99, #906, #1798, #617 ) ) ;
#1006 = CARTESIAN_POINT ( 'NONE',  ( -36.09844464793113161, 54.97819570561144076, 4.312031375905863051 ) ) ;
#1007 = CARTESIAN_POINT ( 'NONE',  ( 43.70833502255776182, 57.85047064628815150, -4.792073071072077457E-14 ) ) ;
#1008 = EDGE_CURVE ( 'NONE', #295, #186, #1787, .T. ) ;
#1009 = LINE ( 'NONE', #1570, #695 ) ;
#1010 = ADVANCED_FACE ( 'NONE', ( #792, #396, #100 ), #1215, .F. ) ;
#1011 = LINE ( 'NONE', #747, #914 ) ;
#1012 = EDGE_LOOP ( 'NONE', ( #153, #322, #1273, #1723 ) ) ;
#1013 = VERTEX_POINT ( 'NONE', #1220 ) ;
#1014 = VERTEX_POINT ( 'NONE', #388 ) ;
#1015 = LINE ( 'NONE', #722, #726 ) ;
#1016 = LINE ( 'NONE', #1558, #1055 ) ;
#1017 = CARTESIAN_POINT ( 'NONE',  ( 50.73555876614725690, 36.59342314241578720, 8.552022895931287394 ) ) ;
#1018 = CIRCLE ( 'NONE', #235, 1.649999999999995914 ) ;
#1019 = AXIS2_PLACEMENT_3D ( 'NONE', #167, #470, #1029 ) ;
#1020 = VECTOR ( 'NONE', #1352, 1000.000000000000227 ) ;
#1021 = CARTESIAN_POINT ( 'NONE',  ( 62.43342590007013371, -6.470838077631222474E-16, 5.000000000000000000 ) ) ;
#1022 = DIRECTION ( 'NONE',  ( -0.5996253511966930239, 0.5996253511966855854, 0.5299989400031795972 ) ) ;
#1023 = VECTOR ( 'NONE', #1395, 1000.000000000000114 ) ;
#1024 = EDGE_LOOP ( 'NONE', ( #559, #978, #1262, #1544 ) ) ;
#1025 = ORIENTED_EDGE ( 'NONE', *, *, #246, .F. ) ;
#1026 = ORIENTED_EDGE ( 'NONE', *, *, #1506, .F. ) ;
#1027 = CARTESIAN_POINT ( 'NONE',  ( -33.27001377553025208, 61.55428502299163540, 0.07203985588041675325 ) ) ;
#1028 = EDGE_CURVE ( 'NONE', #1545, #1806, #622, .T. ) ;
#1029 = DIRECTION ( 'NONE',  ( -1.000000000000000000, 0.000000000000000000, 0.000000000000000000 ) ) ;
#1030 = VERTEX_POINT ( 'NONE', #1498 ) ;
#1031 = DIRECTION ( 'NONE',  ( 0.7071067811865431318, -0.7071067811865519026, 0.000000000000000000 ) ) ;
#1032 =( NAMED_UNIT ( * ) SI_UNIT ( $, .STERADIAN. ) SOLID_ANGLE_UNIT ( ) );
#1033 = EDGE_CURVE ( 'NONE', #1777, #1692, #1340, .T. ) ;
#1034 = ORIENTED_EDGE ( 'NONE', *, *, #606, .T. ) ;
#1035 = ORIENTED_EDGE ( 'NONE', *, *, #1354, .F. ) ;
#1036 = VERTEX_POINT ( 'NONE', #1056 ) ;
#1037 = DIRECTION ( 'NONE',  ( -0.7071067811865431318, -0.7071067811865519026, -3.945698667999410626E-17 ) ) ;
#1038 = PLANE ( 'NONE',  #440 ) ;
#1039 = DIRECTION ( 'NONE',  ( -0.7071067811865434649, 0.7071067811865517916, 0.000000000000000000 ) ) ;
#1040 = PLANE ( 'NONE',  #1261 ) ;
#1041 = ORIENTED_EDGE ( 'NONE', *, *, #1478, .F. ) ;
#1042 = EDGE_LOOP ( 'NONE', ( #1110, #1772, #1149, #844 ) ) ;
#1043 = DIRECTION ( 'NONE',  ( -0.7071067811865510144, 0.7071067811865441310, 0.000000000000000000 ) ) ;
#1044 = DIRECTION ( 'NONE',  ( 0.000000000000000000, -0.9146591207600467399, -0.4042260417272224293 ) ) ;
#1045 = CARTESIAN_POINT ( 'NONE',  ( 59.71014948831417968, 36.16349367480162869, 6.432027135918554350 ) ) ;
#1046 = FACE_OUTER_BOUND ( 'NONE', #214, .T. ) ;
#1047 = EDGE_CURVE ( 'NONE', #1150, #398, #1488, .T. ) ;
#1048 = CARTESIAN_POINT ( 'NONE',  ( -4.898587196589420717E-16, 4.000000000000000000, 0.000000000000000000 ) ) ;
#1049 = VECTOR ( 'NONE', #795, 1000.000000000000000 ) ;
#1050 = AXIS2_PLACEMENT_3D ( 'NONE', #681, #1234, #1803 ) ;
#1051 = VERTEX_POINT ( 'NONE', #1618 ) ;
#1052 = AXIS2_PLACEMENT_3D ( 'NONE', #1001, #572, #217 ) ;
#1053 = DIRECTION ( 'NONE',  ( -0.5996253511966933569, 0.5996253511966858074, 0.5299989400031791531 ) ) ;
#1054 = CARTESIAN_POINT ( 'NONE',  ( 34.08567572619332964, 62.36994697365469165, 2.000000000000000000 ) ) ;
#1055 = VECTOR ( 'NONE', #890, 1000.000000000000000 ) ;
#1056 = CARTESIAN_POINT ( 'NONE',  ( 62.43342590007012660, 4.000000000000007994, 14.99999999999999467 ) ) ;
#1057 = EDGE_CURVE ( 'NONE', #739, #1722, #1344, .T. ) ;
#1058 = EDGE_CURVE ( 'NONE', #676, #1159, #1247, .T. ) ;
#1059 = VERTEX_POINT ( 'NONE', #1071 ) ;
#1060 = FACE_OUTER_BOUND ( 'NONE', #1518, .T. ) ;
#1061 = CARTESIAN_POINT ( 'NONE',  ( 29.52235533055092631, 57.80662657801234872, 8.552022895931328250 ) ) ;
#1062 = DIRECTION ( 'NONE',  ( 0.5996253511966932459, 0.5996253511966856964, 0.5299989400031795972 ) ) ;
#1063 = DIRECTION ( 'NONE',  ( -1.000000000000000000, -1.224646799147354933E-16, 3.469446951953613696E-16 ) ) ;
#1064 = EDGE_CURVE ( 'NONE', #768, #1686, #1698, .T. ) ;
#1065 = EDGE_CURVE ( 'NONE', #761, #175, #363, .T. ) ;
#1066 = FACE_BOUND ( 'NONE', #269, .T. ) ;
#1067 = CARTESIAN_POINT ( 'NONE',  ( 34.86950025772585349, 49.01163588145634264, -32.50000000000000000 ) ) ;
#1068 = VECTOR ( 'NONE', #64, 1000.000000000000000 ) ;
#1069 = DIRECTION ( 'NONE',  ( 0.3747658444979333203, 0.3747658444979277692, -0.8479983040050881327 ) ) ;
#1070 = EDGE_CURVE ( 'NONE', #1210, #1376, #1759, .T. ) ;
#1071 = CARTESIAN_POINT ( 'NONE',  ( -38.49694605271788816, 57.37669711039816178, 6.432027135918554350 ) ) ;
#1072 = AXIS2_PLACEMENT_3D ( 'NONE', #707, #532, #1 ) ;
#1073 = ORIENTED_EDGE ( 'NONE', *, *, #1117, .T. ) ;
#1074 = DIRECTION ( 'NONE',  ( 0.7071067811865431318, -0.7071067811865519026, 0.000000000000000000 ) ) ;
#1075 = CARTESIAN_POINT ( 'NONE',  ( -64.08342590007012518, 3.999999999999992450, 5.000000000000134115 ) ) ;
#1076 = STYLED_ITEM ( 'NONE', ( #513 ), #102 ) ;
#1077 = AXIS2_PLACEMENT_3D ( 'NONE', #767, #756, #1600 ) ;
#1078 = CARTESIAN_POINT ( 'NONE',  ( 37.33021986376001422, 58.54342329935595046, 6.432027135918700012 ) ) ;
#1079 = CARTESIAN_POINT ( 'NONE',  ( -56.71309272416272051, 42.57095710043122239, 2.000000000000000000 ) ) ;
#1080 = AXIS2_PLACEMENT_3D ( 'NONE', #1725, #468, #1444 ) ;
#1081 = CARTESIAN_POINT ( 'NONE',  ( 54.48321721112654359, 40.34108158739510230, 0.07203985588041197929 ) ) ;
#1082 = CARTESIAN_POINT ( 'NONE',  ( 65.73342590007013087, 4.000000000000007994, 5.000000000000000000 ) ) ;
#1083 = EDGE_CURVE ( 'NONE', #1229, #676, #655, .T. ) ;
#1084 = LINE ( 'NONE', #393, #649 ) ;
#1085 = ADVANCED_FACE ( 'NONE', ( #1207 ), #228, .T. ) ;
#1086 = DIRECTION ( 'NONE',  ( -1.000000000000000000, -1.224646799147356412E-16, 0.000000000000000000 ) ) ;
#1087 = DIRECTION ( 'NONE',  ( 0.5996253511966931349, 0.5996253511966855854, 0.5299989400031794862 ) ) ;
#1088 = ORIENTED_EDGE ( 'NONE', *, *, #1740, .T. ) ;
#1089 = VERTEX_POINT ( 'NONE', #221 ) ;
#1090 = LINE ( 'NONE', #1111, #1733 ) ;
#1091 = LINE ( 'NONE', #1258, #1691 ) ;
#1092 = VERTEX_POINT ( 'NONE', #1361 ) ;
#1093 = ADVANCED_FACE ( 'NONE', ( #104 ), #788, .F. ) ;
#1094 = FACE_OUTER_BOUND ( 'NONE', #247, .T. ) ;
#1095 = CARTESIAN_POINT ( 'NONE',  ( 0.000000000000000000, 0.000000000000000000, 0.000000000000000000 ) ) ;
#1096 = CYLINDRICAL_SURFACE ( 'NONE', #147, 1.649999999999998579 ) ;
#1097 = VERTEX_POINT ( 'NONE', #641 ) ;
#1098 = ORIENTED_EDGE ( 'NONE', *, *, #1661, .T. ) ;
#1099 = VERTEX_POINT ( 'NONE', #1079 ) ;
#1100 = AXIS2_PLACEMENT_3D ( 'NONE', #1461, #1708, #603 ) ;
#1101 = LINE ( 'NONE', #259, #1023 ) ;
#1102 = VECTOR ( 'NONE', #355, 1000.000000000000000 ) ;
#1103 = DIRECTION ( 'NONE',  ( 0.7071067811865431318, 0.7071067811865519026, 0.000000000000000000 ) ) ;
#1104 = AXIS2_PLACEMENT_3D ( 'NONE', #1054, #83, #645 ) ;
#1105 = DIRECTION ( 'NONE',  ( 0.7071067811865492381, -0.7071067811865457964, 0.000000000000000000 ) ) ;
#1106 = LINE ( 'NONE', #689, #1549 ) ;
#1107 = ORIENTED_EDGE ( 'NONE', *, *, #364, .F. ) ;
#1108 = ORIENTED_EDGE ( 'NONE', *, *, #1527, .T. ) ;
#1109 = EDGE_LOOP ( 'NONE', ( #897, #270, #27, #215 ) ) ;
#1110 = ORIENTED_EDGE ( 'NONE', *, *, #596, .T. ) ;
#1111 = CARTESIAN_POINT ( 'NONE',  ( -57.85047064628859204, 43.70833502255710101, 0.000000000000000000 ) ) ;
#1112 = ADVANCED_FACE ( 'NONE', ( #778 ), #1367, .T. ) ;
#1113 = DIRECTION ( 'NONE',  ( -1.224646799147354933E-16, 1.000000000000000000, -0.000000000000000000 ) ) ;
#1114 = CARTESIAN_POINT ( 'NONE',  ( -55.29887916178962115, 41.15674353805813723, 2.000000000000000000 ) ) ;
#1115 = DIRECTION ( 'NONE',  ( 0.5996253511966931349, 0.5996253511966854743, 0.5299989400031793751 ) ) ;
#1116 = VERTEX_POINT ( 'NONE', #1623 ) ;
#1117 = EDGE_CURVE ( 'NONE', #186, #1414, #507, .T. ) ;
#1118 = EDGE_LOOP ( 'NONE', ( #968, #271 ) ) ;
#1119 = ORIENTED_EDGE ( 'NONE', *, *, #42, .T. ) ;
#1120 = EDGE_LOOP ( 'NONE', ( #607, #551, #1707, #1356 ) ) ;
#1121 = CARTESIAN_POINT ( 'NONE',  ( 64.08342590007012518, 4.000000000000007994, 5.000000000000000000 ) ) ;
#1122 = CARTESIAN_POINT ( 'NONE',  ( 55.29887916178961405, 41.15674353805815144, 2.000000000000000000 ) ) ;
#1123 = DIRECTION ( 'NONE',  ( -0.7071067811865434649, 0.7071067811865517916, -5.256737805990337855E-16 ) ) ;
#1124 = EDGE_LOOP ( 'NONE', ( #333, #1416 ) ) ;
#1125 = ORIENTED_EDGE ( 'NONE', *, *, #1334, .T. ) ;
#1126 = ORIENTED_EDGE ( 'NONE', *, *, #542, .F. ) ;
#1127 = EDGE_LOOP ( 'NONE', ( #1477, #1254, #1614, #303 ) ) ;
#1128 = CYLINDRICAL_SURFACE ( 'NONE', #1638, 1.649999999999995914 ) ;
#1129 = AXIS2_PLACEMENT_3D ( 'NONE', #1551, #1136, #160 ) ;
#1130 = CARTESIAN_POINT ( 'NONE',  ( -68.15000000000000568, 3.999999999999991562, 19.99999999999999645 ) ) ;
#1131 = CARTESIAN_POINT ( 'NONE',  ( 61.55428502299199778, 33.27001377552959838, 0.07203985588036340704 ) ) ;
#1132 = EDGE_CURVE ( 'NONE', #1692, #759, #946, .T. ) ;
#1133 = CIRCLE ( 'NONE', #1632, 60.14999999999999858 ) ;
#1134 = VECTOR ( 'NONE', #298, 1000.000000000000114 ) ;
#1135 = AXIS2_PLACEMENT_3D ( 'NONE', #351, #1771, #771 ) ;
#1136 = DIRECTION ( 'NONE',  ( -0.7071067811865446862, -0.7071067811865503483, 0.000000000000000000 ) ) ;
#1137 = VECTOR ( 'NONE', #806, 1000.000000000000000 ) ;
#1138 = CARTESIAN_POINT ( 'NONE',  ( -68.15000000000000568, 3.999999999999991562, 19.99999999999999645 ) ) ;
#1139 = ORIENTED_EDGE ( 'NONE', *, *, #851, .F. ) ;
#1140 = EDGE_LOOP ( 'NONE', ( #1393, #886, #505, #1141 ) ) ;
#1141 = ORIENTED_EDGE ( 'NONE', *, *, #219, .F. ) ;
#1142 = ORIENTED_EDGE ( 'NONE', *, *, #687, .F. ) ;
#1143 = EDGE_CURVE ( 'NONE', #142, #1587, #371, .T. ) ;
#1144 = CARTESIAN_POINT ( 'NONE',  ( -62.43342590007013371, 3.999999999999992450, 5.000000000000134115 ) ) ;
#1145 = FACE_OUTER_BOUND ( 'NONE', #165, .T. ) ;
#1146 = EDGE_CURVE ( 'NONE', #400, #1685, #1090, .T. ) ;
#1147 = CYLINDRICAL_SURFACE ( 'NONE', #569, 1.649999999999997469 ) ;
#1148 = FACE_OUTER_BOUND ( 'NONE', #141, .T. ) ;
#1149 = ORIENTED_EDGE ( 'NONE', *, *, #816, .T. ) ;
#1150 = VERTEX_POINT ( 'NONE', #146 ) ;
#1151 = ORIENTED_EDGE ( 'NONE', *, *, #1341, .T. ) ;
#1152 = FACE_OUTER_BOUND ( 'NONE', #1289, .T. ) ;
#1153 = LINE ( 'NONE', #1424, #1375 ) ;
#1154 = ORIENTED_EDGE ( 'NONE', *, *, #905, .T. ) ;
#1155 = CARTESIAN_POINT ( 'NONE',  ( -60.20512798279953159, 31.92085673533702561, 10.67201865594388011 ) ) ;
#1156 = CARTESIAN_POINT ( 'NONE',  ( -10.50897508770230182, 109.7930249122970849, 2.000000000000000000 ) ) ;
#1157 = EDGE_CURVE ( 'NONE', #36, #557, #1165, .T. ) ;
#1158 = ORIENTED_EDGE ( 'NONE', *, *, #926, .F. ) ;
#1159 = VERTEX_POINT ( 'NONE', #531 ) ;
#1160 = VERTEX_POINT ( 'NONE', #951 ) ;
#1161 = DIRECTION ( 'NONE',  ( 0.7071067811865441310, 0.7071067811865510144, 2.081668171172170091E-15 ) ) ;
#1162 = DIRECTION ( 'NONE',  ( 0.000000000000000000, 0.000000000000000000, 1.000000000000000000 ) ) ;
#1163 = VECTOR ( 'NONE', #777, 1000.000000000000227 ) ;
#1164 = VECTOR ( 'NONE', #1604, 1000.000000000000000 ) ;
#1165 = CIRCLE ( 'NONE', #1633, 1.649999999999998579 ) ;
#1166 = CARTESIAN_POINT ( 'NONE',  ( 35.49956686131832129, 63.78383810877966198, 2.042704988350603656 ) ) ;
#1167 = CARTESIAN_POINT ( 'NONE',  ( -41.15674353805874830, 55.29887916178917351, 0.000000000000000000 ) ) ;
#1168 = VECTOR ( 'NONE', #619, 1000.000000000000000 ) ;
#1169 = VERTEX_POINT ( 'NONE', #1379 ) ;
#1170 = ORIENTED_EDGE ( 'NONE', *, *, #1661, .F. ) ;
#1171 = VECTOR ( 'NONE', #1804, 999.9999999999998863 ) ;
#1172 = ORIENTED_EDGE ( 'NONE', *, *, #916, .T. ) ;
#1173 = DIRECTION ( 'NONE',  ( -0.3747658444979332093, -0.3747658444979277137, 0.8479983040050882437 ) ) ;
#1174 = DIRECTION ( 'NONE',  ( 0.7071067811865434649, -0.7071067811865517916, -2.102695122396135142E-15 ) ) ;
#1175 = CARTESIAN_POINT ( 'NONE',  ( 41.15674353805875541, 55.29887916178918061, 0.000000000000000000 ) ) ;
#1176 = VECTOR ( 'NONE', #1031, 1000.000000000000000 ) ;
#1177 = PLANE ( 'NONE',  #574 ) ;
#1178 = EDGE_CURVE ( 'NONE', #1092, #1306, #125, .T. ) ;
#1179 = FACE_OUTER_BOUND ( 'NONE', #1109, .T. ) ;
#1180 = VERTEX_POINT ( 'NONE', #1657 ) ;
#1181 = EDGE_CURVE ( 'NONE', #1089, #1092, #401, .T. ) ;
#1182 = VERTEX_POINT ( 'NONE', #278 ) ;
#1183 = ORIENTED_EDGE ( 'NONE', *, *, #1411, .T. ) ;
#1184 = ORIENTED_EDGE ( 'NONE', *, *, #386, .F. ) ;
#1185 = DIRECTION ( 'NONE',  ( -0.7071067811865426878, -0.7071067811865523467, 0.000000000000000000 ) ) ;
#1186 = ADVANCED_FACE ( 'NONE', ( #1651 ), #1808, .T. ) ;
#1187 = LINE ( 'NONE', #387, #1577 ) ;
#1188 = EDGE_CURVE ( 'NONE', #1515, #26, #149, .T. ) ;
#1189 = DIRECTION ( 'NONE',  ( -0.5996253511966933569, 0.5996253511966856964, 0.5299989400031791531 ) ) ;
#1190 = APPLICATION_PROTOCOL_DEFINITION ( 'draft international standard', 'automotive_design', 1998, #9 ) ;
#1191 = ORIENTED_EDGE ( 'NONE', *, *, #39, .T. ) ;
#1192 = VERTEX_POINT ( 'NONE', #1799 ) ;
#1193 = DIRECTION ( 'NONE',  ( -0.5996253511966933569, -0.5996253511966851413, -0.5299989400031799303 ) ) ;
#1194 = DIRECTION ( 'NONE',  ( -0.7071067811865447972, -0.7071067811865503483, 0.000000000000000000 ) ) ;
#1195 = LINE ( 'NONE', #234, #871 ) ;
#1196 = CARTESIAN_POINT ( 'NONE',  ( 58.14999999999999858, 4.000000000000007105, 20.00000000000000000 ) ) ;
#1197 = VECTOR ( 'NONE', #403, 1000.000000000000000 ) ;
#1198 = AXIS2_PLACEMENT_3D ( 'NONE', #28, #1173, #1307 ) ;
#1199 = ORIENTED_EDGE ( 'NONE', *, *, #804, .T. ) ;
#1200 = FACE_OUTER_BOUND ( 'NONE', #47, .T. ) ;
#1201 = VECTOR ( 'NONE', #1161, 999.9999999999998863 ) ;
#1202 = DIRECTION ( 'NONE',  ( -0.7071067811865434649, 0.7071067811865517916, -1.577021341797101357E-15 ) ) ;
#1203 = CARTESIAN_POINT ( 'NONE',  ( -68.15000000000000568, 3.999999999999991562, 0.000000000000000000 ) ) ;
#1204 = CIRCLE ( 'NONE', #1135, 1.649999999999995914 ) ;
#1205 = CARTESIAN_POINT ( 'NONE',  ( 0.000000000000000000, 0.000000000000000000, 20.00000000000000000 ) ) ;
#1206 = EDGE_CURVE ( 'NONE', #1014, #1304, #357, .T. ) ;
#1207 = FACE_OUTER_BOUND ( 'NONE', #1449, .T. ) ;
#1208 = EDGE_CURVE ( 'NONE', #1030, #540, #541, .T. ) ;
#1209 =( NAMED_UNIT ( * ) PLANE_ANGLE_UNIT ( ) SI_UNIT ( $, .RADIAN. ) );
#1210 = VERTEX_POINT ( 'NONE', #980 ) ;
#1211 = FILL_AREA_STYLE_COLOUR ( '', #1280 ) ;
#1212 = DIRECTION ( 'NONE',  ( -0.3747658444979308223, 0.3747658444979301007, -0.8479983040050882437 ) ) ;
#1213 = LINE ( 'NONE', #84, #517 ) ;
#1214 = DIRECTION ( 'NONE',  ( -0.7071067811865426878, -0.7071067811865523467, 0.000000000000000000 ) ) ;
#1215 = PLANE ( 'NONE',  #1410 ) ;
#1216 =( LENGTH_UNIT ( ) NAMED_UNIT ( * ) SI_UNIT ( .MILLI., .METRE. ) );
#1217 = DIRECTION ( 'NONE',  ( 1.224646799147354933E-16, -1.000000000000000000, -0.000000000000000000 ) ) ;
#1218 = VECTOR ( 'NONE', #43, 1000.000000000000114 ) ;
#1219 = DIRECTION ( 'NONE',  ( -0.7071067811865425767, -0.7071067811865525687, 0.000000000000000000 ) ) ;
#1220 = CARTESIAN_POINT ( 'NONE',  ( -63.56919767604844651, 35.28492642858598316, 3.059997880006361193 ) ) ;
#1221 = EDGE_CURVE ( 'NONE', #175, #1566, #1436, .T. ) ;
#1222 = DIRECTION ( 'NONE',  ( 0.7071067811865431318, 0.7071067811865519026, 0.000000000000000000 ) ) ;
#1223 = CIRCLE ( 'NONE', #434, 1.649999999999995914 ) ;
#1224 = AXIS2_PLACEMENT_3D ( 'NONE', #169, #727, #1284 ) ;
#1225 = DIRECTION ( 'NONE',  ( 1.000000000000000000, 1.224646799147354933E-16, -0.000000000000000000 ) ) ;
#1226 = AXIS2_PLACEMENT_3D ( 'NONE', #1231, #1417, #272 ) ;
#1227 = PLANE ( 'NONE',  #87 ) ;
#1228 = DIRECTION ( 'NONE',  ( 0.5996253511966931349, 0.5996253511966854743, 0.5299989400031793751 ) ) ;
#1229 = VERTEX_POINT ( 'NONE', #1406 ) ;
#1230 = ORIENTED_EDGE ( 'NONE', *, *, #1206, .T. ) ;
#1231 = CARTESIAN_POINT ( 'NONE',  ( 0.000000000000000000, 0.000000000000000000, 0.000000000000000000 ) ) ;
#1232 = CARTESIAN_POINT ( 'NONE',  ( -29.52235533055093697, 57.80662657801233451, 8.552022895931305158 ) ) ;
#1233 = CARTESIAN_POINT ( 'NONE',  ( 60.20512798279947475, 31.92085673533702561, 10.67201865594395649 ) ) ;
#1234 = DIRECTION ( 'NONE',  ( 0.5996253511966932459, 0.5996253511966856964, 0.5299989400031795972 ) ) ;
#1235 = LINE ( 'NONE', #953, #1137 ) ;
#1236 = ORIENTED_EDGE ( 'NONE', *, *, #128, .F. ) ;
#1237 = VERTEX_POINT ( 'NONE', #553 ) ;
#1238 = VERTEX_POINT ( 'NONE', #706 ) ;
#1239 = CARTESIAN_POINT ( 'NONE',  ( -50.73555876614731375, 36.59342314241577299, 8.552022895931212787 ) ) ;
#1240 = DIRECTION ( 'NONE',  ( 0.5996253511966931349, 0.5996253511966854743, 0.5299989400031793751 ) ) ;
#1241 = EDGE_CURVE ( 'NONE', #566, #1515, #1688, .T. ) ;
#1242 = DIRECTION ( 'NONE',  ( -0.000000000000000000, 0.000000000000000000, -1.000000000000000000 ) ) ;
#1243 = DIRECTION ( 'NONE',  ( -1.224646799147354933E-16, 1.000000000000000000, -0.000000000000000000 ) ) ;
#1244 = CIRCLE ( 'NONE', #1610, 1.999999999999997780 ) ;
#1245 = ORIENTED_EDGE ( 'NONE', *, *, #923, .F. ) ;
#1246 = CARTESIAN_POINT ( 'NONE',  ( 33.27001377553025208, 61.55428502299162119, 0.07203985588045361266 ) ) ;
#1247 = CIRCLE ( 'NONE', #1612, 2.000000000000002665 ) ;
#1248 = ADVANCED_FACE ( 'NONE', ( #1257 ), #1794, .F. ) ;
#1249 = CARTESIAN_POINT ( 'NONE',  ( -65.73342590007010244, 3.999999999999992450, 15.00000000000012612 ) ) ;
#1250 = CIRCLE ( 'NONE', #1468, 60.14999999999999858 ) ;
#1251 = EDGE_CURVE ( 'NONE', #1180, #439, #686, .T. ) ;
#1252 = FACE_BOUND ( 'NONE', #581, .T. ) ;
#1253 = VERTEX_POINT ( 'NONE', #525 ) ;
#1254 = ORIENTED_EDGE ( 'NONE', *, *, #854, .T. ) ;
#1255 = ORIENTED_EDGE ( 'NONE', *, *, #1241, .T. ) ;
#1256 = ORIENTED_EDGE ( 'NONE', *, *, #346, .F. ) ;
#1257 = FACE_OUTER_BOUND ( 'NONE', #464, .T. ) ;
#1258 = CARTESIAN_POINT ( 'NONE',  ( 2.073380250897147725, -20.95313130857781658, -46.11491391937749995 ) ) ;
#1259 = LINE ( 'NONE', #1672, #22 ) ;
#1260 = PLANE ( 'NONE',  #1582 ) ;
#1261 = AXIS2_PLACEMENT_3D ( 'NONE', #609, #862, #1743 ) ;
#1262 = ORIENTED_EDGE ( 'NONE', *, *, #585, .T. ) ;
#1263 = ORIENTED_EDGE ( 'NONE', *, *, #379, .T. ) ;
#1264 = ORIENTED_EDGE ( 'NONE', *, *, #63, .F. ) ;
#1265 = EDGE_CURVE ( 'NONE', #1238, #1392, #1084, .T. ) ;
#1266 = DIRECTION ( 'NONE',  ( -0.3747658444979328207, -0.3747658444979279913, 0.8479983040050882437 ) ) ;
#1267 = LINE ( 'NONE', #1130, #433 ) ;
#1268 = DIRECTION ( 'NONE',  ( 0.7071067811865431318, -0.7071067811865519026, 0.000000000000000000 ) ) ;
#1269 = EDGE_CURVE ( 'NONE', #1588, #1674, #1101, .T. ) ;
#1270 = DIRECTION ( 'NONE',  ( 0.7071067811865426878, -0.7071067811865523467, 3.469446951953616161E-16 ) ) ;
#1271 = DIRECTION ( 'NONE',  ( 0.3747658444979283798, -0.3747658444979325432, 0.8479983040050882437 ) ) ;
#1272 = ORIENTED_EDGE ( 'NONE', *, *, #882, .T. ) ;
#1273 = ORIENTED_EDGE ( 'NONE', *, *, #246, .T. ) ;
#1274 = EDGE_LOOP ( 'NONE', ( #1569, #1288, #1230, #833 ) ) ;
#1275 = DIRECTION ( 'NONE',  ( -0.5996253511966933569, 0.5996253511966856964, 0.5299989400031791531 ) ) ;
#1276 = DIRECTION ( 'NONE',  ( 0.9146591207600471840, 0.000000000000000000, -0.4042260417272214856 ) ) ;
#1277 = AXIS2_PLACEMENT_3D ( 'NONE', #1095, #974, #1662 ) ;
#1278 = VECTOR ( 'NONE', #1508, 1000.000000000000114 ) ;
#1279 = DIRECTION ( 'NONE',  ( -1.224646799147354933E-16, -1.000000000000000000, 0.000000000000000000 ) ) ;
#1280 = COLOUR_RGB ( '',0.7921568627450980005, 0.8196078431372548767, 0.9333333333333333481 ) ;
#1281 = ADVANCED_FACE ( 'NONE', ( #134 ), #693, .T. ) ;
#1282 = VECTOR ( 'NONE', #1189, 1000.000000000000114 ) ;
#1283 = VECTOR ( 'NONE', #930, 1000.000000000000114 ) ;
#1284 = DIRECTION ( 'NONE',  ( 0.7071067811865500152, 0.7071067811865450192, 0.000000000000000000 ) ) ;
#1285 = AXIS2_PLACEMENT_3D ( 'NONE', #332, #191, #1439 ) ;
#1286 = PLANE ( 'NONE',  #1285 ) ;
#1287 = VERTEX_POINT ( 'NONE', #458 ) ;
#1288 = ORIENTED_EDGE ( 'NONE', *, *, #1476, .F. ) ;
#1289 = EDGE_LOOP ( 'NONE', ( #1729, #145, #123, #46 ) ) ;
#1290 = ORIENTED_EDGE ( 'NONE', *, *, #1795, .T. ) ;
#1291 = CARTESIAN_POINT ( 'NONE',  ( -57.80662657801276083, 29.52235533055028327, 8.552022895931163049 ) ) ;
#1292 = FACE_BOUND ( 'NONE', #429, .T. ) ;
#1293 = CARTESIAN_POINT ( 'NONE',  ( -34.86950025772584638, 49.01163588145632133, 0.000000000000000000 ) ) ;
#1294 = CARTESIAN_POINT ( 'NONE',  ( -62.43342590007010529, -0.001000000000024216761, 15.00000000000012612 ) ) ;
#1295 = VERTEX_POINT ( 'NONE', #1431 ) ;
#1296 = VERTEX_POINT ( 'NONE', #1144 ) ;
#1297 = VERTEX_POINT ( 'NONE', #1027 ) ;
#1298 = ORIENTED_EDGE ( 'NONE', *, *, #287, .T. ) ;
#1299 = DIRECTION ( 'NONE',  ( -0.7071067811865434649, 0.7071067811865517916, 0.000000000000000000 ) ) ;
#1300 = CARTESIAN_POINT ( 'NONE',  ( 42.57063467318373284, 56.71277029691415095, 2.042704988350602768 ) ) ;
#1301 = ADVANCED_FACE ( 'NONE', ( #326 ), #1128, .F. ) ;
#1302 = DIRECTION ( 'NONE',  ( -0.000000000000000000, -0.000000000000000000, 1.000000000000000000 ) ) ;
#1303 = CARTESIAN_POINT ( 'NONE',  ( 68.15000000000000568, 4.000000000000008882, 19.99999999999999645 ) ) ;
#1304 = VERTEX_POINT ( 'NONE', #176 ) ;
#1305 = ORIENTED_EDGE ( 'NONE', *, *, #1599, .T. ) ;
#1306 = VERTEX_POINT ( 'NONE', #442 ) ;
#1307 = DIRECTION ( 'NONE',  ( 0.9146591207600460738, 0.000000000000000000, 0.4042260417272237061 ) ) ;
#1308 = DIRECTION ( 'NONE',  ( 0.7071067811865510144, 0.7071067811865441310, 0.000000000000000000 ) ) ;
#1309 = LINE ( 'NONE', #881, #1201 ) ;
#1310 = DIRECTION ( 'NONE',  ( 0.5996253511966931349, 0.5996253511966854743, 0.5299989400031793751 ) ) ;
#1311 = EDGE_CURVE ( 'NONE', #184, #895, #1309, .T. ) ;
#1312 = AXIS2_PLACEMENT_3D ( 'NONE', #1680, #423, #289 ) ;
#1313 = AXIS2_PLACEMENT_3D ( 'NONE', #657, #1753, #921 ) ;
#1314 = ADVANCED_FACE ( 'NONE', ( #29 ), #1709, .T. ) ;
#1315 = ADVANCED_FACE ( 'NONE', ( #1716, #196 ), #1038, .F. ) ;
#1316 = AXIS2_PLACEMENT_3D ( 'NONE', #1630, #236, #253 ) ;
#1317 = CARTESIAN_POINT ( 'NONE',  ( -58.14999999999999858, 3.999999999999993339, 20.00000000000000000 ) ) ;
#1318 = EDGE_CURVE ( 'NONE', #1036, #1675, #789, .T. ) ;
#1319 = CIRCLE ( 'NONE', #521, 1.649999999999998579 ) ;
#1320 = EDGE_LOOP ( 'NONE', ( #449, #1470 ) ) ;
#1321 = ORIENTED_EDGE ( 'NONE', *, *, #932, .F. ) ;
#1322 = AXIS2_PLACEMENT_3D ( 'NONE', #1002, #737, #1123 ) ;
#1323 = ORIENTED_EDGE ( 'NONE', *, *, #1143, .F. ) ;
#1324 = DIRECTION ( 'NONE',  ( -0.5996253511966933569, 0.5996253511966858074, 0.5299989400031791531 ) ) ;
#1325 = EDGE_CURVE ( 'NONE', #749, #1566, #1016, .T. ) ;
#1326 = DIRECTION ( 'NONE',  ( -1.000000000000000000, -1.224347623758489770E-16, 0.000000000000000000 ) ) ;
#1327 = CARTESIAN_POINT ( 'NONE',  ( -34.86950025772587480, 49.01163588145633554, 20.00000000000000355 ) ) ;
#1328 = ORIENTED_EDGE ( 'NONE', *, *, #229, .F. ) ;
#1329 = ORIENTED_EDGE ( 'NONE', *, *, #1251, .T. ) ;
#1330 = VERTEX_POINT ( 'NONE', #1006 ) ;
#1331 = CYLINDRICAL_SURFACE ( 'NONE', #382, 2.000000000000002665 ) ;
#1332 = DIRECTION ( 'NONE',  ( 0.5996253511966930239, -0.5996253511966855854, -0.5299989400031795972 ) ) ;
#1333 = DIRECTION ( 'NONE',  ( 1.224646799147355179E-16, -1.000000000000000000, 0.000000000000000000 ) ) ;
#1334 = EDGE_CURVE ( 'NONE', #334, #1777, #583, .T. ) ;
#1335 = ORIENTED_EDGE ( 'NONE', *, *, #1432, .F. ) ;
#1336 = FACE_OUTER_BOUND ( 'NONE', #1684, .T. ) ;
#1337 = CARTESIAN_POINT ( 'NONE',  ( -29.52235533055093697, 57.80662657801233451, 8.552022895931305158 ) ) ;
#1338 = CARTESIAN_POINT ( 'NONE',  ( 38.49694605271780290, 57.37669711039814757, 6.432027135918700012 ) ) ;
#1339 = DIRECTION ( 'NONE',  ( 1.224646799147355179E-16, -1.000000000000000000, 0.000000000000000000 ) ) ;
#1340 = LINE ( 'NONE', #496, #1102 ) ;
#1341 = EDGE_CURVE ( 'NONE', #739, #557, #315, .T. ) ;
#1342 = CIRCLE ( 'NONE', #1072, 1.650000000000005684 ) ;
#1343 = VECTOR ( 'NONE', #859, 999.9999999999998863 ) ;
#1344 = CIRCLE ( 'NONE', #1316, 1.649999999999998579 ) ;
#1345 = ORIENTED_EDGE ( 'NONE', *, *, #588, .T. ) ;
#1346 = DIRECTION ( 'NONE',  ( 1.224646799147354933E-16, -1.000000000000000000, -0.000000000000000000 ) ) ;
#1347 = VECTOR ( 'NONE', #1225, 1000.000000000000000 ) ;
#1348 = DIRECTION ( 'NONE',  ( 1.000000000000000000, 0.000000000000000000, 0.000000000000000000 ) ) ;
#1349 = DIRECTION ( 'NONE',  ( 1.000000000000000000, 0.000000000000000000, 0.000000000000000000 ) ) ;
#1350 = VERTEX_POINT ( 'NONE', #1175 ) ;
#1351 = LINE ( 'NONE', #1487, #1400 ) ;
#1352 = DIRECTION ( 'NONE',  ( 0.5996253511966931349, 0.5996253511966854743, 0.5299989400031793751 ) ) ;
#1353 = ADVANCED_FACE ( 'NONE', ( #868 ), #1739, .F. ) ;
#1354 = EDGE_CURVE ( 'NONE', #719, #1180, #1567, .T. ) ;
#1355 = EDGE_LOOP ( 'NONE', ( #1428, #1034, #1471, #1805 ) ) ;
#1356 = ORIENTED_EDGE ( 'NONE', *, *, #1740, .F. ) ;
#1357 = CARTESIAN_POINT ( 'NONE',  ( 0.000000000000000000, 0.000000000000000000, 20.00000000000000000 ) ) ;
#1358 = SURFACE_STYLE_FILL_AREA ( #769 ) ;
#1359 = LINE ( 'NONE', #1640, #963 ) ;
#1360 = CARTESIAN_POINT ( 'NONE',  ( -57.14999999999999858, 0.000000000000000000, 20.00000000000000000 ) ) ;
#1361 = CARTESIAN_POINT ( 'NONE',  ( -42.57063467318373995, 56.71277029691414384, 2.042704988350537043 ) ) ;
#1362 = ADVANCED_FACE ( 'NONE', ( #1152 ), #898, .T. ) ;
#1363 = DIRECTION ( 'NONE',  ( -1.000000000000000000, 1.224646799147352468E-16, 0.000000000000000000 ) ) ;
#1364 = SURFACE_STYLE_USAGE ( .BOTH. , #502 ) ;
#1365 = DIRECTION ( 'NONE',  ( -0.7071067811865510144, 0.7071067811865441310, 0.000000000000000000 ) ) ;
#1366 = CARTESIAN_POINT ( 'NONE',  ( -36.59342314241637695, 50.73555876614682347, 8.552022895931285618 ) ) ;
#1367 = PLANE ( 'NONE',  #933 ) ;
#1368 = EDGE_CURVE ( 'NONE', #1384, #1160, #498, .T. ) ;
#1369 = ORIENTED_EDGE ( 'NONE', *, *, #1354, .T. ) ;
#1370 = AXIS2_PLACEMENT_3D ( 'NONE', #1205, #640, #516 ) ;
#1371 = DIRECTION ( 'NONE',  ( -0.5996253511966933569, 0.5996253511966856964, 0.5299989400031791531 ) ) ;
#1372 = CARTESIAN_POINT ( 'NONE',  ( -57.80662657801276083, 29.52235533055028327, 8.552022895931163049 ) ) ;
#1373 = DIRECTION ( 'NONE',  ( -0.000000000000000000, -0.000000000000000000, -1.000000000000000000 ) ) ;
#1374 = CARTESIAN_POINT ( 'NONE',  ( 0.000000000000000000, 0.000000000000000000, 0.000000000000000000 ) ) ;
#1375 = VECTOR ( 'NONE', #328, 1000.000000000000000 ) ;
#1376 = VERTEX_POINT ( 'NONE', #714 ) ;
#1377 = VECTOR ( 'NONE', #113, 1000.000000000000114 ) ;
#1378 = EDGE_CURVE ( 'NONE', #1574, #185, #187, .T. ) ;
#1379 = CARTESIAN_POINT ( 'NONE',  ( 62.43342590007012660, -6.470838077631222474E-16, 14.99999999999999467 ) ) ;
#1380 = VECTOR ( 'NONE', #1271, 1000.000000000000000 ) ;
#1381 = CARTESIAN_POINT ( 'NONE',  ( 55.29887916178961405, 41.15674353805815144, 0.000000000000000000 ) ) ;
#1382 = LINE ( 'NONE', #682, #841 ) ;
#1383 = ORIENTED_EDGE ( 'NONE', *, *, #1378, .T. ) ;
#1384 = VERTEX_POINT ( 'NONE', #1697 ) ;
#1385 = VERTEX_POINT ( 'NONE', #40 ) ;
#1386 = DIRECTION ( 'NONE',  ( -1.000000000000000000, -1.224347623758489770E-16, 0.000000000000000000 ) ) ;
#1387 = DIRECTION ( 'NONE',  ( -0.5996253511966933569, 0.5996253511966856964, 0.5299989400031791531 ) ) ;
#1388 = DIRECTION ( 'NONE',  ( -0.5996253511966930239, -0.5996253511966855854, -0.5299989400031797082 ) ) ;
#1389 = PLANE ( 'NONE',  #1129 ) ;
#1390 = DIRECTION ( 'NONE',  ( -1.224646799147354933E-16, 1.000000000000000000, -0.000000000000000000 ) ) ;
#1391 = EDGE_CURVE ( 'NONE', #759, #1695, #1250, .T. ) ;
#1392 = VERTEX_POINT ( 'NONE', #784 ) ;
#1393 = ORIENTED_EDGE ( 'NONE', *, *, #779, .F. ) ;
#1394 = VERTEX_POINT ( 'NONE', #1338 ) ;
#1395 = DIRECTION ( 'NONE',  ( -0.3747658444979328207, -0.3747658444979279913, 0.8479983040050882437 ) ) ;
#1396 = EDGE_CURVE ( 'NONE', #558, #1116, #1359, .T. ) ;
#1397 = LINE ( 'NONE', #1809, #1197 ) ;
#1398 = FACE_OUTER_BOUND ( 'NONE', #162, .T. ) ;
#1399 = CARTESIAN_POINT ( 'NONE',  ( -0.9673995249502020943, -22.18060296054639835, -46.16860583040399035 ) ) ;
#1401 = ORIENTED_EDGE ( 'NONE', *, *, #1396, .F. ) ;
#1400 = VECTOR ( 'NONE', #1339, 1000.000000000000000 ) ;
#1402 = ORIENTED_EDGE ( 'NONE', *, *, #1064, .F. ) ;
#1403 = ORIENTED_EDGE ( 'NONE', *, *, #779, .T. ) ;
#1404 = ORIENTED_EDGE ( 'NONE', *, *, #757, .T. ) ;
#1405 = VECTOR ( 'NONE', #775, 1000.000000000000000 ) ;
#1406 = CARTESIAN_POINT ( 'NONE',  ( 49.01163588145672634, 34.86950025772532058, 0.000000000000000000 ) ) ;
#1407 = CIRCLE ( 'NONE', #325, 2.000000000000002665 ) ;
#1408 = LINE ( 'NONE', #1539, #59 ) ;
#1409 = CIRCLE ( 'NONE', #1104, 1.999999999999997780 ) ;
#1410 = AXIS2_PLACEMENT_3D ( 'NONE', #1048, #660, #245 ) ;
#1411 = EDGE_CURVE ( 'NONE', #750, #566, #92, .T. ) ;
#1412 = CARTESIAN_POINT ( 'NONE',  ( -57.80662657801276083, 29.52235533055028327, 8.552022895931163049 ) ) ;
#1413 = FACE_BOUND ( 'NONE', #834, .T. ) ;
#1414 = VERTEX_POINT ( 'NONE', #233 ) ;
#1415 = ORIENTED_EDGE ( 'NONE', *, *, #1451, .T. ) ;
#1416 = ORIENTED_EDGE ( 'NONE', *, *, #635, .T. ) ;
#1417 = DIRECTION ( 'NONE',  ( 0.000000000000000000, 0.000000000000000000, 1.000000000000000000 ) ) ;
#1418 = DIRECTION ( 'NONE',  ( 0.5996253511966931349, 0.5996253511966854743, 0.5299989400031793751 ) ) ;
#1419 = EDGE_CURVE ( 'NONE', #1394, #340, #1204, .T. ) ;
#1420 = FACE_BOUND ( 'NONE', #304, .T. ) ;
#1421 = ORIENTED_EDGE ( 'NONE', *, *, #415, .T. ) ;
#1422 = ORIENTED_EDGE ( 'NONE', *, *, #672, .F. ) ;
#1423 = CARTESIAN_POINT ( 'NONE',  ( -29.52235533055093697, 57.80662657801233451, 8.552022895931305158 ) ) ;
#1424 = CARTESIAN_POINT ( 'NONE',  ( 36.59342314241634853, 50.73555876614682347, 8.552022895931331803 ) ) ;
#1425 = DIRECTION ( 'NONE',  ( -1.000000000000000000, 1.224646799147357645E-16, 0.000000000000000000 ) ) ;
#1426 = DIRECTION ( 'NONE',  ( -0.3747658444979288794, -0.3747658444979317660, 0.8479983040050883547 ) ) ;
#1427 = DIRECTION ( 'NONE',  ( 0.5996253511966931349, 0.5996253511966854743, 0.5299989400031793751 ) ) ;
#1428 = ORIENTED_EDGE ( 'NONE', *, *, #1758, .T. ) ;
#1429 = ORIENTED_EDGE ( 'NONE', *, *, #1070, .T. ) ;
#1430 = ORIENTED_EDGE ( 'NONE', *, *, #86, .T. ) ;
#1431 = CARTESIAN_POINT ( 'NONE',  ( 65.73342590007013087, -1.051217251481749834E-15, 14.99999999999999467 ) ) ;
#1432 = EDGE_CURVE ( 'NONE', #230, #540, #243, .T. ) ;
#1433 = CIRCLE ( 'NONE', #809, 2.000000000000002665 ) ;
#1434 = CARTESIAN_POINT ( 'NONE',  ( 22.11985749753571540, -0.9066540619390925926, -46.11491391937738626 ) ) ;
#1435 = ORIENTED_EDGE ( 'NONE', *, *, #596, .F. ) ;
#1436 = CIRCLE ( 'NONE', #993, 1.649999999999998579 ) ;
#1437 = CARTESIAN_POINT ( 'NONE',  ( 41.15674353805875541, 55.29887916178918061, 2.000000000000000000 ) ) ;
#1438 = AXIS2_PLACEMENT_3D ( 'NONE', #1705, #718, #170 ) ;
#1439 = DIRECTION ( 'NONE',  ( -0.9146591207600470730, 0.000000000000000000, 0.4042260417272218742 ) ) ;
#1440 = ORIENTED_EDGE ( 'NONE', *, *, #1028, .F. ) ;
#1441 = ORIENTED_EDGE ( 'NONE', *, *, #584, .F. ) ;
#1442 = EDGE_LOOP ( 'NONE', ( #427, #417 ) ) ;
#1443 = PLANE ( 'NONE',  #1100 ) ;
#1444 = DIRECTION ( 'NONE',  ( -0.7071067811865434649, -0.7071067811865517916, 0.000000000000000000 ) ) ;
#1445 = LINE ( 'NONE', #724, #1513 ) ;
#1446 = LINE ( 'NONE', #1732, #1068 ) ;
#1447 = DIRECTION ( 'NONE',  ( -0.7071067811865434649, -0.7071067811865517916, 0.000000000000000000 ) ) ;
#1448 = EDGE_LOOP ( 'NONE', ( #1788, #491, #969, #857, #995 ) ) ;
#1449 = EDGE_LOOP ( 'NONE', ( #877, #677, #977, #684, #475, #1746, #1026, #774 ) ) ;
#1450 = VERTEX_POINT ( 'NONE', #1045 ) ;
#1451 = EDGE_CURVE ( 'NONE', #1237, #1385, #469, .T. ) ;
#1452 = CARTESIAN_POINT ( 'NONE',  ( 68.15000000000000568, 4.000000000000008882, 0.000000000000000000 ) ) ;
#1453 = CARTESIAN_POINT ( 'NONE',  ( 33.27001377553025208, 61.55428502299162119, 0.07203985588045361266 ) ) ;
#1454 = ADVANCED_FACE ( 'NONE', ( #944 ), #1617, .F. ) ;
#1455 = EDGE_CURVE ( 'NONE', #750, #1376, #794, .T. ) ;
#1456 = VECTOR ( 'NONE', #822, 1000.000000000000000 ) ;
#1457 = FACE_OUTER_BOUND ( 'NONE', #539, .T. ) ;
#1458 = CARTESIAN_POINT ( 'NONE',  ( 0.000000000000000000, 0.000000000000000000, 0.000000000000000000 ) ) ;
#1459 = EDGE_LOOP ( 'NONE', ( #1172, #1715 ) ) ;
#1460 = ORIENTED_EDGE ( 'NONE', *, *, #18, .T. ) ;
#1461 = CARTESIAN_POINT ( 'NONE',  ( 57.14999999999999858, 0.000000000000000000, 20.00000000000000000 ) ) ;
#1462 = CARTESIAN_POINT ( 'NONE',  ( -34.08567572619331543, 62.36994697365469875, 2.000000000000000000 ) ) ;
#1463 = DIRECTION ( 'NONE',  ( 0.3747658444979307668, -0.3747658444979295456, 0.8479983040050884657 ) ) ;
#1464 = DIRECTION ( 'NONE',  ( -1.224646799147354933E-16, 1.000000000000000000, -0.000000000000000000 ) ) ;
#1465 = VECTOR ( 'NONE', #821, 1000.000000000000000 ) ;
#1466 = AXIS2_PLACEMENT_3D ( 'NONE', #67, #159, #493 ) ;
#1467 = DIRECTION ( 'NONE',  ( -1.224646799147354933E-16, 1.000000000000000000, 0.000000000000000000 ) ) ;
#1468 = AXIS2_PLACEMENT_3D ( 'NONE', #305, #594, #166 ) ;
#1469 = ORIENTED_EDGE ( 'NONE', *, *, #1269, .F. ) ;
#1470 = ORIENTED_EDGE ( 'NONE', *, *, #1599, .F. ) ;
#1471 = ORIENTED_EDGE ( 'NONE', *, *, #188, .T. ) ;
#1472 = LINE ( 'NONE', #216, #1405 ) ;
#1473 = PLANE ( 'NONE',  #1520 ) ;
#1474 = DIRECTION ( 'NONE',  ( -0.7071067811865507924, -0.7071067811865441310, 0.000000000000000000 ) ) ;
#1475 = DIRECTION ( 'NONE',  ( 0.5996253511966931349, 0.5996253511966855854, 0.5299989400031798192 ) ) ;
#1476 = EDGE_CURVE ( 'NONE', #1014, #957, #369, .T. ) ;
#1477 = ORIENTED_EDGE ( 'NONE', *, *, #1527, .F. ) ;
#1478 = EDGE_CURVE ( 'NONE', #1180, #1238, #1749, .T. ) ;
#1479 = CARTESIAN_POINT ( 'NONE',  ( 56.14492189456962024, 34.93171845897270344, 4.312031375905841735 ) ) ;
#1480 = PLANE ( 'NONE',  #908 ) ;
#1481 = DIRECTION ( 'NONE',  ( -0.7071067811865434649, -0.7071067811865517916, 0.000000000000000000 ) ) ;
#1482 = LINE ( 'NONE', #1782, #1163 ) ;
#1483 = DIRECTION ( 'NONE',  ( 0.7071067811865434649, -0.7071067811865517916, 0.000000000000000000 ) ) ;
#1484 = SHAPE_DEFINITION_REPRESENTATION ( #698, #71 ) ;
#1485 = LINE ( 'NONE', #943, #1164 ) ;
#1486 = DIRECTION ( 'NONE',  ( -0.7071067811865431318, 0.7071067811865520136, -2.710505431213761393E-17 ) ) ;
#1487 = CARTESIAN_POINT ( 'NONE',  ( 68.15000000000000568, 4.000000000000008882, 19.99999999999999645 ) ) ;
#1488 = LINE ( 'NONE', #1503, #1020 ) ;
#1489 = ADVANCED_FACE ( 'NONE', ( #917 ), #485, .T. ) ;
#1490 = CIRCLE ( 'NONE', #1277, 60.14999999999999858 ) ;
#1491 = AXIS2_PLACEMENT_3D ( 'NONE', #518, #803, #1214 ) ;
#1492 = CARTESIAN_POINT ( 'NONE',  ( -57.85047064628870572, 43.70833502255698022, 0.000000000000000000 ) ) ;
#1493 = VECTOR ( 'NONE', #504, 1000.000000000000114 ) ;
#1494 = CARTESIAN_POINT ( 'NONE',  ( 55.29887916178959983, 41.15674353805816565, 0.000000000000000000 ) ) ;
#1495 = CARTESIAN_POINT ( 'NONE',  ( -57.14999999999999858, 0.000000000000000000, 0.000000000000000000 ) ) ;
#1496 = AXIS2_PLACEMENT_3D ( 'NONE', #1673, #1650, #1533 ) ;
#1497 = DIRECTION ( 'NONE',  ( 0.3747658444979316550, -0.3747658444979287129, 0.8479983040050884657 ) ) ;
#1498 = CARTESIAN_POINT ( 'NONE',  ( 53.13406017093402767, 38.99192454720252954, 10.67201865594400623 ) ) ;
#1499 = LINE ( 'NONE', #256, #1517 ) ;
#1500 = DIRECTION ( 'NONE',  ( -0.7071067811865436870, -0.7071067811865513475, 0.000000000000000000 ) ) ;
#1501 = DIRECTION ( 'NONE',  ( 1.000000000000000000, 1.224646799147354933E-16, -0.000000000000000000 ) ) ;
#1502 = EDGE_CURVE ( 'NONE', #1722, #739, #32, .T. ) ;
#1503 = CARTESIAN_POINT ( 'NONE',  ( 36.59342314241634853, 50.73555876614682347, 8.552022895931331803 ) ) ;
#1504 = EDGE_CURVE ( 'NONE', #1414, #1296, #178, .T. ) ;
#1505 = EDGE_CURVE ( 'NONE', #740, #285, #267, .T. ) ;
#1506 = EDGE_CURVE ( 'NONE', #1695, #1030, #764, .T. ) ;
#1507 = LINE ( 'NONE', #1492, #577 ) ;
#1508 = DIRECTION ( 'NONE',  ( 0.3747658444979310999, -0.3747658444979289905, 0.8479983040050884657 ) ) ;
#1509 = CYLINDRICAL_SURFACE ( 'NONE', #181, 2.000000000000002665 ) ;
#1510 = DIRECTION ( 'NONE',  ( -0.5996253511966933569, 0.5996253511966856964, 0.5299989400031791531 ) ) ;
#1511 = VECTOR ( 'NONE', #1501, 1000.000000000000000 ) ;
#1512 = ORIENTED_EDGE ( 'NONE', *, *, #742, .T. ) ;
#1513 = VECTOR ( 'NONE', #1310, 1000.000000000000227 ) ;
#1514 = CARTESIAN_POINT ( 'NONE',  ( 65.73342590007013087, 4.000000000000007994, 14.99999999999999467 ) ) ;
#1515 = VERTEX_POINT ( 'NONE', #1495 ) ;
#1516 = ORIENTED_EDGE ( 'NONE', *, *, #1391, .T. ) ;
#1517 = VECTOR ( 'NONE', #501, 1000.000000000000227 ) ;
#1518 = EDGE_LOOP ( 'NONE', ( #200, #283, #814, #349, #643, #538, #710, #302 ) ) ;
#1519 = DIRECTION ( 'NONE',  ( -0.000000000000000000, -0.000000000000000000, -1.000000000000000000 ) ) ;
#1520 = AXIS2_PLACEMENT_3D ( 'NONE', #218, #1332, #76 ) ;
#1521 = AXIS2_PLACEMENT_3D ( 'NONE', #1458, #222, #893 ) ;
#1522 = ADVANCED_FACE ( 'NONE', ( #68, #910 ), #1473, .T. ) ;
#1523 = CARTESIAN_POINT ( 'NONE',  ( 34.11702422895579900, 34.11702422895537268, 30.15547398275028002 ) ) ;
#1524 = DIRECTION ( 'NONE',  ( -1.000000000000000000, 0.000000000000000000, 0.000000000000000000 ) ) ;
#1525 = DIRECTION ( 'NONE',  ( 0.7071067811865431318, 0.7071067811865519026, 0.000000000000000000 ) ) ;
#1526 = ORIENTED_EDGE ( 'NONE', *, *, #127, .T. ) ;
#1527 = EDGE_CURVE ( 'NONE', #1099, #400, #381, .T. ) ;
#1528 = EDGE_LOOP ( 'NONE', ( #301, #1616, #1108, #1542, #965, #1593, #856, #347 ) ) ;
#1529 = ORIENTED_EDGE ( 'NONE', *, *, #1008, .F. ) ;
#1530 = DIRECTION ( 'NONE',  ( -1.224646799147354933E-16, 1.000000000000000000, -0.000000000000000000 ) ) ;
#1531 = DIRECTION ( 'NONE',  ( -0.5996253511966933569, 0.5996253511966856964, 0.5299989400031791531 ) ) ;
#1532 = LINE ( 'NONE', #292, #490 ) ;
#1533 = DIRECTION ( 'NONE',  ( 0.7071067811865510144, 0.7071067811865441310, 0.000000000000000000 ) ) ;
#1534 = ORIENTED_EDGE ( 'NONE', *, *, #53, .T. ) ;
#1535 = ORIENTED_EDGE ( 'NONE', *, *, #1132, .F. ) ;
#1536 = ORIENTED_EDGE ( 'NONE', *, *, #524, .T. ) ;
#1537 = ORIENTED_EDGE ( 'NONE', *, *, #1057, .F. ) ;
#1538 = DIRECTION ( 'NONE',  ( -1.224646799147354933E-16, 1.000000000000000000, 0.000000000000000000 ) ) ;
#1539 = CARTESIAN_POINT ( 'NONE',  ( -2.134125713907995880, -21.01387677158859191, -46.16860583040399035 ) ) ;
#1540 = DIRECTION ( 'NONE',  ( 0.000000000000000000, 0.000000000000000000, 1.000000000000000000 ) ) ;
#1542 = ORIENTED_EDGE ( 'NONE', *, *, #1146, .T. ) ;
#1541 = VECTOR ( 'NONE', #1103, 1000.000000000000000 ) ;
#1543 = EDGE_LOOP ( 'NONE', ( #1154, #1415, #1818, #1335, #93 ) ) ;
#1544 = ORIENTED_EDGE ( 'NONE', *, *, #1590, .F. ) ;
#1545 = VERTEX_POINT ( 'NONE', #494 ) ;
#1546 = EDGE_CURVE ( 'NONE', #1574, #1287, #1409, .T. ) ;
#1547 = CARTESIAN_POINT ( 'NONE',  ( -42.57063467318373995, 56.71277029691414384, 2.042704988350536155 ) ) ;
#1548 = DIRECTION ( 'NONE',  ( 0.7071067811865442421, -0.7071067811865507924, 0.000000000000000000 ) ) ;
#1549 = VECTOR ( 'NONE', #1115, 1000.000000000000227 ) ;
#1550 = VECTOR ( 'NONE', #1540, 1000.000000000000000 ) ;
#1551 = CARTESIAN_POINT ( 'NONE',  ( -57.85047064628859204, 43.70833502255710101, -32.50000000000000000 ) ) ;
#1552 = DIRECTION ( 'NONE',  ( -1.000000000000000000, -1.224646799147354933E-16, 0.000000000000000000 ) ) ;
#1553 = ORIENTED_EDGE ( 'NONE', *, *, #708, .T. ) ;
#1554 = ORIENTED_EDGE ( 'NONE', *, *, #1334, .F. ) ;
#1555 = ORIENTED_EDGE ( 'NONE', *, *, #452, .F. ) ;
#1556 = ORIENTED_EDGE ( 'NONE', *, *, #1318, .T. ) ;
#1557 = ORIENTED_EDGE ( 'NONE', *, *, #1047, .F. ) ;
#1558 = CARTESIAN_POINT ( 'NONE',  ( 65.73342590007013087, -0.001000000000008604249, 5.000000000000000000 ) ) ;
#1559 = FACE_BOUND ( 'NONE', #394, .T. ) ;
#1560 = CYLINDRICAL_SURFACE ( 'NONE', #837, 1.650000000000005684 ) ;
#1561 = PLANE ( 'NONE',  #1224 ) ;
#1562 = LINE ( 'NONE', #1294, #212 ) ;
#1563 = EDGE_CURVE ( 'NONE', #768, #1394, #528, .T. ) ;
#1564 = ORIENTED_EDGE ( 'NONE', *, *, #346, .T. ) ;
#1565 = ORIENTED_EDGE ( 'NONE', *, *, #515, .T. ) ;
#1566 = VERTEX_POINT ( 'NONE', #1082 ) ;
#1567 = LINE ( 'NONE', #1291, #811 ) ;
#1568 = CARTESIAN_POINT ( 'NONE',  ( 58.54342329935638389, 37.33021986375943868, 6.432027135918554350 ) ) ;
#1569 = ORIENTED_EDGE ( 'NONE', *, *, #282, .F. ) ;
#1570 = CARTESIAN_POINT ( 'NONE',  ( 10.50897508770232136, 109.7930249122970991, 2.000000000000000000 ) ) ;
#1571 = CARTESIAN_POINT ( 'NONE',  ( -34.93171845897332872, 56.14492189456923654, 4.312031375905855946 ) ) ;
#1572 = EDGE_LOOP ( 'NONE', ( #119, #1526, #223, #748, #721, #624, #1263, #156 ) ) ;
#1573 = ORIENTED_EDGE ( 'NONE', *, *, #1157, .F. ) ;
#1574 = VERTEX_POINT ( 'NONE', #549 ) ;
#1575 = EDGE_LOOP ( 'NONE', ( #54, #887, #601, #56, #904 ) ) ;
#1576 = DIRECTION ( 'NONE',  ( 0.7071067811865454633, 0.7071067811865495711, 4.857225732735063020E-15 ) ) ;
#1577 = VECTOR ( 'NONE', #1474, 1000.000000000000114 ) ;
#1578 = AXIS2_PLACEMENT_3D ( 'NONE', #74, #249, #1074 ) ;
#1579 = CARTESIAN_POINT ( 'NONE',  ( -65.73342590007013087, -1.051217251481749637E-15, 5.000000000000134115 ) ) ;
#1580 = AXIS2_PLACEMENT_3D ( 'NONE', #360, #1701, #1174 ) ;
#1581 = AXIS2_PLACEMENT_3D ( 'NONE', #478, #58, #450 ) ;
#1582 = AXIS2_PLACEMENT_3D ( 'NONE', #436, #994, #1552 ) ;
#1583 = ADVANCED_FACE ( 'NONE', ( #275 ), #823, .T. ) ;
#1584 = CARTESIAN_POINT ( 'NONE',  ( -22.18060296054657243, -0.9673995249498829052, -46.16860583040384114 ) ) ;
#1585 = CARTESIAN_POINT ( 'NONE',  ( -37.33021986376009949, 58.54342329935596467, 6.432027135918561456 ) ) ;
#1586 = ORIENTED_EDGE ( 'NONE', *, *, #97, .F. ) ;
#1587 = VERTEX_POINT ( 'NONE', #416 ) ;
#1588 = VERTEX_POINT ( 'NONE', #397 ) ;
#1589 = DIRECTION ( 'NONE',  ( 0.5996253511966931349, 0.5996253511966855854, 0.5299989400031794862 ) ) ;
#1590 = EDGE_CURVE ( 'NONE', #1169, #1036, #1382, .T. ) ;
#1591 = CARTESIAN_POINT ( 'NONE',  ( -62.43342590007013371, -6.470838077631223460E-16, 5.000000000000134115 ) ) ;
#1592 = CARTESIAN_POINT ( 'NONE',  ( 64.08342590007012518, 4.000000000000007994, 5.000000000000000000 ) ) ;
#1593 = ORIENTED_EDGE ( 'NONE', *, *, #956, .F. ) ;
#1594 = ORIENTED_EDGE ( 'NONE', *, *, #773, .F. ) ;
#1595 = ORIENTED_EDGE ( 'NONE', *, *, #524, .F. ) ;
#1596 = EDGE_LOOP ( 'NONE', ( #1655, #1534, #1714, #1742, #1656, #614, #1557, #1564 ) ) ;
#1597 = DIRECTION ( 'NONE',  ( -1.000000000000000000, 0.000000000000000000, 0.000000000000000000 ) ) ;
#1598 = CARTESIAN_POINT ( 'NONE',  ( -57.14999999999999858, 0.000000000000000000, 20.00000000000000000 ) ) ;
#1599 = EDGE_CURVE ( 'NONE', #1296, #1414, #1319, .T. ) ;
#1600 = DIRECTION ( 'NONE',  ( -1.000000000000000000, -1.224646799147356412E-16, 0.000000000000000000 ) ) ;
#1601 = ORIENTED_EDGE ( 'NONE', *, *, #1083, .F. ) ;
#1602 = EDGE_LOOP ( 'NONE', ( #133, #1429, #1816, #324 ) ) ;
#1603 = EDGE_LOOP ( 'NONE', ( #1004, #632, #284, #1636 ) ) ;
#1604 = DIRECTION ( 'NONE',  ( -0.000000000000000000, -0.000000000000000000, -1.000000000000000000 ) ) ;
#1605 = CYLINDRICAL_SURFACE ( 'NONE', #380, 1.649999999999997469 ) ;
#1606 = CARTESIAN_POINT ( 'NONE',  ( 0.9066540619393561595, -22.11985749753562303, -46.11491391937749995 ) ) ;
#1607 = LINE ( 'NONE', #370, #402 ) ;
#1608 = EDGE_CURVE ( 'NONE', #202, #276, #1106, .T. ) ;
#1609 = CARTESIAN_POINT ( 'NONE',  ( 0.000000000000000000, 0.000000000000000000, 20.00000000000000000 ) ) ;
#1610 = AXIS2_PLACEMENT_3D ( 'NONE', #266, #548, #1105 ) ;
#1611 = PRESENTATION_LAYER_ASSIGNMENT (  '', '', ( #1076 ) ) ;
#1612 = AXIS2_PLACEMENT_3D ( 'NONE', #1644, #1783, #919 ) ;
#1613 = AXIS2_PLACEMENT_3D ( 'NONE', #510, #629, #658 ) ;
#1614 = ORIENTED_EDGE ( 'NONE', *, *, #127, .F. ) ;
#1615 = CIRCLE ( 'NONE', #938, 1.649999999999995914 ) ;
#1616 = ORIENTED_EDGE ( 'NONE', *, *, #672, .T. ) ;
#1617 = CYLINDRICAL_SURFACE ( 'NONE', #876, 1.649999999999994582 ) ;
#1618 = CARTESIAN_POINT ( 'NONE',  ( -68.15000000000000568, -8.345967936189223381E-15, 19.99999999999999645 ) ) ;
#1619 = ADVANCED_FACE ( 'NONE', ( #250 ), #675, .T. ) ;
#1620 = CARTESIAN_POINT ( 'NONE',  ( -63.78383810878003857, 35.49956686131757522, 2.042704988350350970 ) ) ;
#1621 = CARTESIAN_POINT ( 'NONE',  ( -68.15000000000000568, 3.999999999999991562, 0.000000000000000000 ) ) ;
#1622 = DIRECTION ( 'NONE',  ( -0.7071067811865434649, 0.7071067811865517916, 0.000000000000000000 ) ) ;
#1623 = CARTESIAN_POINT ( 'NONE',  ( -35.28492642858671502, 63.56919767604806992, 3.059997880006365634 ) ) ;
#1624 = VECTOR ( 'NONE', #746, 1000.000000000000000 ) ;
#1625 = ORIENTED_EDGE ( 'NONE', *, *, #86, .F. ) ;
#1626 = CARTESIAN_POINT ( 'NONE',  ( -33.27001377553025208, 61.55428502299163540, 0.07203985588041675325 ) ) ;
#1627 = FACE_OUTER_BOUND ( 'NONE', #12, .T. ) ;
#1628 = CARTESIAN_POINT ( 'NONE',  ( -56.14492189456968418, 34.93171845897270344, 4.312031375905730712 ) ) ;
#1629 = LINE ( 'NONE', #945, #21 ) ;
#1630 = CARTESIAN_POINT ( 'NONE',  ( -64.08342590007009676, -8.491505296224360899E-16, 15.00000000000012612 ) ) ;
#1631 = AXIS2_PLACEMENT_3D ( 'NONE', #1671, #1113, #138 ) ;
#1632 = AXIS2_PLACEMENT_3D ( 'NONE', #644, #929, #91 ) ;
#1633 = AXIS2_PLACEMENT_3D ( 'NONE', #960, #1679, #118 ) ;
#1634 = ORIENTED_EDGE ( 'NONE', *, *, #588, .F. ) ;
#1635 = ADVANCED_FACE ( 'NONE', ( #107 ), #975, .T. ) ;
#1636 = ORIENTED_EDGE ( 'NONE', *, *, #1047, .T. ) ;
#1637 = DIRECTION ( 'NONE',  ( -0.000000000000000000, -0.000000000000000000, -1.000000000000000000 ) ) ;
#1638 = AXIS2_PLACEMENT_3D ( 'NONE', #16, #1589, #1299 ) ;
#1639 = CARTESIAN_POINT ( 'NONE',  ( -64.08342590007009676, 3.999999999999992450, 15.00000000000012612 ) ) ;
#1640 = CARTESIAN_POINT ( 'NONE',  ( -35.66851518031702284, 63.95278642777837774, 2.192035615893133560 ) ) ;
#1641 = UNCERTAINTY_MEASURE_WITH_UNIT (LENGTH_MEASURE( 1.000000000000000082E-05 ), #1216, 'distance_accuracy_value', 'NONE');
#1642 = ADVANCED_FACE ( 'NONE', ( #268 ), #1096, .F. ) ;
#1643 = DIRECTION ( 'NONE',  ( -0.000000000000000000, -0.000000000000000000, -1.000000000000000000 ) ) ;
#1644 = CARTESIAN_POINT ( 'NONE',  ( 55.29887916178961405, 41.15674353805815144, 2.000000000000000000 ) ) ;
#1645 = EDGE_CURVE ( 'NONE', #1685, #730, #1235, .T. ) ;
#1646 = ADVANCED_FACE ( 'NONE', ( #121 ), #1509, .T. ) ;
#1647 = VERTEX_POINT ( 'NONE', #1796 ) ;
#1648 = DIRECTION ( 'NONE',  ( 0.3747658444979288239, 0.3747658444979320991, -0.8479983040050883547 ) ) ;
#1649 = DIRECTION ( 'NONE',  ( -0.7071067811865434649, -0.7071067811865517916, 0.000000000000000000 ) ) ;
#1650 = DIRECTION ( 'NONE',  ( 0.7071067811865431318, -0.7071067811865519026, 0.000000000000000000 ) ) ;
#1651 = FACE_OUTER_BOUND ( 'NONE', #567, .T. ) ;
#1652 = CARTESIAN_POINT ( 'NONE',  ( 68.15000000000000568, 4.000000000000008882, 19.99999999999999645 ) ) ;
#1653 = CARTESIAN_POINT ( 'NONE',  ( 18.21043193040831909, 102.0915680695911902, 20.00000000000000000 ) ) ;
#1654 = ORIENTED_EDGE ( 'NONE', *, *, #1033, .T. ) ;
#1655 = ORIENTED_EDGE ( 'NONE', *, *, #1608, .T. ) ;
#1656 = ORIENTED_EDGE ( 'NONE', *, *, #1476, .T. ) ;
#1657 = CARTESIAN_POINT ( 'NONE',  ( -50.73555876614731375, 36.59342314241577299, 8.552022895931212787 ) ) ;
#1658 = ADVANCED_FACE ( 'NONE', ( #1792 ), #830, .F. ) ;
#1659 = DIRECTION ( 'NONE',  ( -1.224646799147354933E-16, 1.000000000000000000, -0.000000000000000000 ) ) ;
#1660 = VECTOR ( 'NONE', #307, 1000.000000000000114 ) ;
#1661 = EDGE_CURVE ( 'NONE', #824, #730, #1813, .T. ) ;
#1662 = DIRECTION ( 'NONE',  ( -1.000000000000000000, 0.000000000000000000, 0.000000000000000000 ) ) ;
#1663 = PLANE ( 'NONE',  #879 ) ;
#1664 = AXIS2_PLACEMENT_3D ( 'NONE', #913, #1475, #1483 ) ;
#1665 = ORIENTED_EDGE ( 'NONE', *, *, #1795, .F. ) ;
#1666 = ORIENTED_EDGE ( 'NONE', *, *, #697, .T. ) ;
#1667 = ORIENTED_EDGE ( 'NONE', *, *, #668, .F. ) ;
#1668 = DIRECTION ( 'NONE',  ( 0.7071067811865446862, -0.7071067811865503483, -4.857225732735057498E-15 ) ) ;
#1669 = VECTOR ( 'NONE', #967, 1000.000000000000000 ) ;
#1670 = DIRECTION ( 'NONE',  ( 0.7071067811865510144, 0.7071067811865441310, 0.000000000000000000 ) ) ;
#1671 = CARTESIAN_POINT ( 'NONE',  ( -64.08342590007009676, -0.001000000000024418856, 15.00000000000012612 ) ) ;
#1672 = CARTESIAN_POINT ( 'NONE',  ( 57.14999999999999858, 0.000000000000000000, 20.00000000000000000 ) ) ;
#1673 = CARTESIAN_POINT ( 'NONE',  ( -11.92318865007540651, 108.3788113499239927, 2.000000000000000000 ) ) ;
#1674 = VERTEX_POINT ( 'NONE', #700 ) ;
#1675 = VERTEX_POINT ( 'NONE', #1514 ) ;
#1676 = ORIENTED_EDGE ( 'NONE', *, *, #848, .F. ) ;
#1677 = ORIENTED_EDGE ( 'NONE', *, *, #1720, .F. ) ;
#1678 = EDGE_CURVE ( 'NONE', #1192, #558, #425, .T. ) ;
#1679 = DIRECTION ( 'NONE',  ( -1.224646799147354933E-16, 1.000000000000000000, -0.000000000000000000 ) ) ;
#1680 = CARTESIAN_POINT ( 'NONE',  ( 64.08342590007012518, -8.491505296224360899E-16, 5.000000000000000000 ) ) ;
#1681 = ADVANCED_FACE ( 'NONE', ( #1252, #537 ), #1663, .F. ) ;
#1682 = DIRECTION ( 'NONE',  ( -0.7071067811865453523, -0.7071067811865496822, -5.339695699491109337E-15 ) ) ;
#1683 = DIRECTION ( 'NONE',  ( -0.5996253511966926908, 0.5996253511966862515, 0.5299989400031792641 ) ) ;
#1684 = EDGE_LOOP ( 'NONE', ( #172, #578, #437, #592 ) ) ;
#1685 = VERTEX_POINT ( 'NONE', #1690 ) ;
#1686 = VERTEX_POINT ( 'NONE', #853 ) ;
#1687 = ORIENTED_EDGE ( 'NONE', *, *, #1065, .T. ) ;
#1688 = LINE ( 'NONE', #286, #1347 ) ;
#1689 = DIRECTION ( 'NONE',  ( -1.000000000000000000, -1.224347623758484347E-16, 0.000000000000000000 ) ) ;
#1690 = CARTESIAN_POINT ( 'NONE',  ( -49.01163588145672634, 34.86950025772530637, 0.000000000000000000 ) ) ;
#1692 = VERTEX_POINT ( 'NONE', #1303 ) ;
#1691 = VECTOR ( 'NONE', #1531, 1000.000000000000114 ) ;
#1693 = VERTEX_POINT ( 'NONE', #1138 ) ;
#1694 = VERTEX_POINT ( 'NONE', #1167 ) ;
#1695 = VERTEX_POINT ( 'NONE', #1721 ) ;
#1696 = CIRCLE ( 'NONE', #872, 1.649999999999995914 ) ;
#1697 = CARTESIAN_POINT ( 'NONE',  ( -57.37669711039865916, 38.49694605271724157, 6.432027135918443328 ) ) ;
#1698 = CIRCLE ( 'NONE', #1664, 1.649999999999995914 ) ;
#1699 = CARTESIAN_POINT ( 'NONE',  ( 64.08342590007012518, -8.491505296224360899E-16, 14.99999999999999467 ) ) ;
#1700 = CARTESIAN_POINT ( 'NONE',  ( -60.20512798279953159, 31.92085673533702561, 10.67201865594388011 ) ) ;
#1701 = DIRECTION ( 'NONE',  ( 0.5996253511966931349, 0.5996253511966855854, 0.5299989400031798192 ) ) ;
#1702 = VECTOR ( 'NONE', #430, 1000.000000000000114 ) ;
#1703 = ADVANCED_FACE ( 'NONE', ( #52 ), #161, .F. ) ;
#1704 = DIRECTION ( 'NONE',  ( 0.7071067811865496822, -0.7071067811865453523, 0.000000000000000000 ) ) ;
#1705 = CARTESIAN_POINT ( 'NONE',  ( 9.371597165576437405, 110.9304028344229636, 0.000000000000000000 ) ) ;
#1706 = ORIENTED_EDGE ( 'NONE', *, *, #1368, .F. ) ;
#1707 = ORIENTED_EDGE ( 'NONE', *, *, #128, .T. ) ;
#1708 = DIRECTION ( 'NONE',  ( 1.224646799147354933E-16, 1.000000000000000000, -0.000000000000000000 ) ) ;
#1709 = PLANE ( 'NONE',  #1581 ) ;
#1710 = CYLINDRICAL_SURFACE ( 'NONE', #836, 1.649999999999997913 ) ;
#1711 = ADVANCED_FACE ( 'NONE', ( #462 ), #1286, .T. ) ;
#1712 = CARTESIAN_POINT ( 'NONE',  ( -57.31164808352747286, 33.76499227001487924, 4.312031375905724495 ) ) ;
#1713 = LINE ( 'NONE', #576, #89 ) ;
#1714 = ORIENTED_EDGE ( 'NONE', *, *, #735, .T. ) ;
#1715 = ORIENTED_EDGE ( 'NONE', *, *, #1064, .T. ) ;
#1716 = FACE_BOUND ( 'NONE', #411, .T. ) ;
#1717 = LINE ( 'NONE', #451, #1343 ) ;
#1718 = ADVANCED_FACE ( 'NONE', ( #1420, #885, #1148 ), #564, .F. ) ;
#1719 = LINE ( 'NONE', #461, #828 ) ;
#1720 = EDGE_CURVE ( 'NONE', #1686, #340, #1713, .T. ) ;
#1721 = CARTESIAN_POINT ( 'NONE',  ( 49.01163588145679029, 34.86950025772524953, 20.00000000000000000 ) ) ;
#1722 = VERTEX_POINT ( 'NONE', #454 ) ;
#1723 = ORIENTED_EDGE ( 'NONE', *, *, #1432, .T. ) ;
#1724 = ORIENTED_EDGE ( 'NONE', *, *, #1157, .T. ) ;
#1725 = CARTESIAN_POINT ( 'NONE',  ( -58.54342329935645495, 37.33021986375943868, 6.432027135918449545 ) ) ;
#1726 = AXIS2_PLACEMENT_3D ( 'NONE', #1523, #1388, #129 ) ;
#1727 = CARTESIAN_POINT ( 'NONE',  ( -54.97819570561188129, 36.09844464793049212, 4.312031375905724495 ) ) ;
#1728 = CIRCLE ( 'NONE', #1580, 1.649999999999995914 ) ;
#1729 = ORIENTED_EDGE ( 'NONE', *, *, #1678, .F. ) ;
#1730 = AXIS2_PLACEMENT_3D ( 'NONE', #1075, #385, #1349 ) ;
#1731 = AXIS2_PLACEMENT_3D ( 'NONE', #1399, #1087, #140 ) ;
#1732 = CARTESIAN_POINT ( 'NONE',  ( -41.15674353805874830, 55.29887916178918061, 0.000000000000000000 ) ) ;
#1733 = VECTOR ( 'NONE', #847, 1000.000000000000114 ) ;
#1734 = CARTESIAN_POINT ( 'NONE',  ( 68.15000000000000568, 4.000000000000008882, 0.000000000000000000 ) ) ;
#1735 = ORIENTED_EDGE ( 'NONE', *, *, #1504, .T. ) ;
#1736 = ORIENTED_EDGE ( 'NONE', *, *, #1318, .F. ) ;
#1737 = EDGE_LOOP ( 'NONE', ( #1435, #552 ) ) ;
#1738 = FACE_OUTER_BOUND ( 'NONE', #1603, .T. ) ;
#1739 = CYLINDRICAL_SURFACE ( 'NONE', #210, 1.650000000000005684 ) ;
#1740 = EDGE_CURVE ( 'NONE', #1330, #1059, #1011, .T. ) ;
#1741 = DIRECTION ( 'NONE',  ( 0.3747658444979321546, 0.3747658444979284909, -0.8479983040050882437 ) ) ;
#1742 = ORIENTED_EDGE ( 'NONE', *, *, #452, .T. ) ;
#1743 = DIRECTION ( 'NONE',  ( -0.7071067811865510144, 0.7071067811865441310, 0.000000000000000000 ) ) ;
#1744 = EDGE_CURVE ( 'NONE', #1013, #636, #611, .T. ) ;
#1745 = ORIENTED_EDGE ( 'NONE', *, *, #39, .F. ) ;
#1746 = ORIENTED_EDGE ( 'NONE', *, *, #630, .T. ) ;
#1747 = ORIENTED_EDGE ( 'NONE', *, *, #341, .T. ) ;
#1748 = ORIENTED_EDGE ( 'NONE', *, *, #1008, .T. ) ;
#1749 = LINE ( 'NONE', #1767, #1493 ) ;
#1750 = LINE ( 'NONE', #1366, #463 ) ;
#1751 = CARTESIAN_POINT ( 'NONE',  ( -68.15000000000000568, 3.999999999999991562, 19.99999999999999645 ) ) ;
#1752 = FACE_OUTER_BOUND ( 'NONE', #1543, .T. ) ;
#1753 = DIRECTION ( 'NONE',  ( -0.7071067811865442421, 0.7071067811865509034, 0.000000000000000000 ) ) ;
#1754 = CARTESIAN_POINT ( 'NONE',  ( 68.15000000000000568, 8.345967936189223381E-15, 0.000000000000000000 ) ) ;
#1755 = DIRECTION ( 'NONE',  ( 0.7071067811865510144, -0.7071067811865441310, 0.000000000000000000 ) ) ;
#1756 = CARTESIAN_POINT ( 'NONE',  ( 38.99192454720311218, 53.13406017093355160, 10.67201865594403465 ) ) ;
#1757 = AXIS2_PLACEMENT_3D ( 'NONE', #408, #699, #829 ) ;
#1758 = EDGE_CURVE ( 'NONE', #1182, #209, #586, .T. ) ;
#1759 = LINE ( 'NONE', #377, #467 ) ;
#1760 = CIRCLE ( 'NONE', #378, 1.649999999999995914 ) ;
#1761 = VECTOR ( 'NONE', #1774, 1000.000000000000000 ) ;
#1762 = EDGE_CURVE ( 'NONE', #1330, #124, #650, .T. ) ;
#1763 = VECTOR ( 'NONE', #44, 1000.000000000000000 ) ;
#1764 = EDGE_LOOP ( 'NONE', ( #889, #1430, #455, #155 ) ) ;
#1765 = DIRECTION ( 'NONE',  ( 0.000000000000000000, 0.9146591207600466289, 0.4042260417272227069 ) ) ;
#1766 = FACE_OUTER_BOUND ( 'NONE', #600, .T. ) ;
#1767 = CARTESIAN_POINT ( 'NONE',  ( -50.73555876614731375, 36.59342314241577299, 8.552022895931212787 ) ) ;
#1768 = FACE_OUTER_BOUND ( 'NONE', #1274, .T. ) ;
#1769 = DIRECTION ( 'NONE',  ( 0.7071067811865507924, 0.7071067811865441310, 0.000000000000000000 ) ) ;
#1770 =( NAMED_UNIT ( * ) PLANE_ANGLE_UNIT ( ) SI_UNIT ( $, .RADIAN. ) );
#1771 = DIRECTION ( 'NONE',  ( 0.5996253511966932459, 0.5996253511966856964, 0.5299989400031795972 ) ) ;
#1772 = ORIENTED_EDGE ( 'NONE', *, *, #1325, .T. ) ;
#1773 = LINE ( 'NONE', #1360, #1511 ) ;
#1774 = DIRECTION ( 'NONE',  ( -1.224646799147354933E-16, 1.000000000000000000, -0.000000000000000000 ) ) ;
#1775 = EDGE_CURVE ( 'NONE', #1722, #36, #1562, .T. ) ;
#1776 = PRODUCT_DEFINITION ( 'UNKNOWN', '', #330, #251 ) ;
#1777 = VERTEX_POINT ( 'NONE', #1734 ) ;
#1778 = EDGE_CURVE ( 'NONE', #230, #1097, #320, .T. ) ;
#1779 = DIRECTION ( 'NONE',  ( -1.000000000000000000, 0.000000000000000000, 0.000000000000000000 ) ) ;
#1780 = PLANE ( 'NONE',  #1578 ) ;
#1781 = DIRECTION ( 'NONE',  ( 0.5996253511966931349, 0.5996253511966854743, 0.5299989400031793751 ) ) ;
#1782 = CARTESIAN_POINT ( 'NONE',  ( 33.27001377553025208, 61.55428502299162119, 0.07203985588045361266 ) ) ;
#1783 = DIRECTION ( 'NONE',  ( 0.7071067811865442421, -0.7071067811865507924, 0.000000000000000000 ) ) ;
#1784 = CIRCLE ( 'NONE', #110, 2.000000000000002665 ) ;
#1785 = VECTOR ( 'NONE', #1791, 1000.000000000000000 ) ;
#1786 = CARTESIAN_POINT ( 'NONE',  ( 42.57095710043185477, 56.71309272416227287, 2.000000000000000000 ) ) ;
#1787 = CIRCLE ( 'NONE', #670, 1.649999999999998579 ) ;
#1788 = ORIENTED_EDGE ( 'NONE', *, *, #1744, .F. ) ;
#1789 = CARTESIAN_POINT ( 'NONE',  ( 61.55428502299199778, 33.27001377552959838, 0.07203985588036340704 ) ) ;
#1790 = AXIS2_PLACEMENT_3D ( 'NONE', #1246, #1819, #808 ) ;
#1791 = DIRECTION ( 'NONE',  ( -1.224646799147354933E-16, 1.000000000000000000, -0.000000000000000000 ) ) ;
#1792 = FACE_OUTER_BOUND ( 'NONE', #1355, .T. ) ;
#1793 = UNCERTAINTY_MEASURE_WITH_UNIT (LENGTH_MEASURE( 1.000000000000000082E-05 ), #199, 'distance_accuracy_value', 'NONE');
#1794 = CYLINDRICAL_SURFACE ( 'NONE', #546, 1.649999999999998579 ) ;
#1795 = EDGE_CURVE ( 'NONE', #1059, #625, #1615, .T. ) ;
#1796 = CARTESIAN_POINT ( 'NONE',  ( 57.37669711039858811, 38.49694605271724157, 6.432027135918554350 ) ) ;
#1797 = EDGE_CURVE ( 'NONE', #1304, #824, #875, .T. ) ;
#1798 = ORIENTED_EDGE ( 'NONE', *, *, #1608, .F. ) ;
#1799 = CARTESIAN_POINT ( 'NONE',  ( -38.99192454720314771, 53.13406017093357292, 10.67201865594400267 ) ) ;
#1800 = EDGE_CURVE ( 'NONE', #855, #1159, #598, .T. ) ;
#1801 = AXIS2_PLACEMENT_3D ( 'NONE', #1437, #874, #331 ) ;
#1802 = DIRECTION ( 'NONE',  ( -1.224646799147354933E-16, -1.000000000000000000, 0.000000000000000000 ) ) ;
#1803 = DIRECTION ( 'NONE',  ( -0.7071067811865434649, 0.7071067811865517916, 0.000000000000000000 ) ) ;
#1804 = DIRECTION ( 'NONE',  ( 0.7071067811865441310, 0.7071067811865510144, 2.081668171172170091E-15 ) ) ;
#1805 = ORIENTED_EDGE ( 'NONE', *, *, #563, .F. ) ;
#1806 = VERTEX_POINT ( 'NONE', #842 ) ;
#1807 = ORIENTED_EDGE ( 'NONE', *, *, #757, .F. ) ;
#1808 = PLANE ( 'NONE',  #520 ) ;
#1809 = CARTESIAN_POINT ( 'NONE',  ( 56.71277029691458438, 42.57063467318312178, 2.042704988350547257 ) ) ;
#1810 = VECTOR ( 'NONE', #1371, 1000.000000000000114 ) ;
#1811 = CIRCLE ( 'NONE', #1019, 60.14999999999999858 ) ;
#1812 = ADVANCED_FACE ( 'NONE', ( #1413, #152, #709 ), #1260, .T. ) ;
#1813 = LINE ( 'NONE', #1653, #1669 ) ;
#1814 = AXIS2_PLACEMENT_3D ( 'NONE', #1789, #1648, #1765 ) ;
#1815 = EDGE_LOOP ( 'NONE', ( #760, #72, #560, #702 ) ) ;
#1816 = ORIENTED_EDGE ( 'NONE', *, *, #1455, .F. ) ;
#1817 = AXIS2_PLACEMENT_3D ( 'NONE', #753, #723, #1597 ) ;
#1818 = ORIENTED_EDGE ( 'NONE', *, *, #479, .F. ) ;
#1819 = DIRECTION ( 'NONE',  ( 0.3747658444979327652, 0.3747658444979280468, -0.8479983040050883547 ) ) ;
ENDSEC;
END-ISO-10303-21;
