ISO-10303-21;
HEADER;
FILE_DESCRIPTION (( 'STEP AP214' ),
    '1' );
FILE_NAME ('thruster_holder_1.STEP',
    '2026-09-07T14:49:47',
    ( '' ),
    ( '' ),
    'SwSTEP 2.0',
    'SolidWorks 2024',
    '' );
FILE_SCHEMA (( 'AUTOMOTIVE_DESIGN' ));
ENDSEC;

DATA;
#1 = LINE ( 'NONE', #365, #313 ) ;
#2 = CARTESIAN_POINT ( 'NONE',  ( 35.15000000000000568, -36.00000000000000000, -39.99999999999999289 ) ) ;
#3 = VECTOR ( 'NONE', #785, 1000.000000000000000 ) ;
#4 = ADVANCED_FACE ( 'NONE', ( #2170 ), #1480, .F. ) ;
#5 = VERTEX_POINT ( 'NONE', #1459 ) ;
#6 = DIRECTION ( 'NONE',  ( 1.000000000000000000, 0.000000000000000000, 1.233437646870827251E-17 ) ) ;
#7 = AXIS2_PLACEMENT_3D ( 'NONE', #101, #1654, #1319 ) ;
#8 = CARTESIAN_POINT ( 'NONE',  ( -25.15000000000000568, -1.697845237341695679, -7.498059545319530450 ) ) ;
#9 = ADVANCED_FACE ( 'NONE', ( #402 ), #382, .T. ) ;
#10 = DIRECTION ( 'NONE',  ( 1.000000000000000000, 0.000000000000000000, 0.000000000000000000 ) ) ;
#11 = CIRCLE ( 'NONE', #1710, 1.649999999999998579 ) ;
#12 = ORIENTED_EDGE ( 'NONE', *, *, #1398, .T. ) ;
#13 = CONICAL_SURFACE ( 'NONE', #317, 1.725000000000000755, 0.7155849933180404854 ) ;
#14 = CARTESIAN_POINT ( 'NONE',  ( 25.10303859559847339, 0.7262850405545917543, -6.794919952691869547 ) ) ;
#15 = VECTOR ( 'NONE', #1376, 1000.000000000000000 ) ;
#16 = AXIS2_PLACEMENT_3D ( 'NONE', #258, #1301, #1844 ) ;
#17 = VECTOR ( 'NONE', #1024, 1000.000000000000000 ) ;
#18 = DIRECTION ( 'NONE',  ( 0.000000000000000000, 1.000000000000000000, 0.000000000000000000 ) ) ;
#19 = EDGE_LOOP ( 'NONE', ( #1611, #703, #1208, #327, #585 ) ) ;
#20 = FACE_OUTER_BOUND ( 'NONE', #1327, .T. ) ;
#21 = DIRECTION ( 'NONE',  ( 0.000000000000000000, 0.000000000000000000, 1.000000000000000000 ) ) ;
#22 = DIRECTION ( 'NONE',  ( 1.000000000000000000, 0.000000000000000000, 0.000000000000000000 ) ) ;
#23 = ORIENTED_EDGE ( 'NONE', *, *, #908, .F. ) ;
#24 = EDGE_CURVE ( 'NONE', #1921, #1829, #226, .T. ) ;
#25 = CARTESIAN_POINT ( 'NONE',  ( 23.64327637471956223, 3.633481821908497444, -6.867465643168110923 ) ) ;
#26 = DIRECTION ( 'NONE',  ( -0.000000000000000000, -0.000000000000000000, 1.000000000000000000 ) ) ;
#27 = LINE ( 'NONE', #741, #273 ) ;
#28 = CARTESIAN_POINT ( 'NONE',  ( -25.15000000000000568, 0.000000000000000000, -44.00000000000000000 ) ) ;
#29 = CARTESIAN_POINT ( 'NONE',  ( -25.15000000000000568, -1.238247659966876357, -7.227684242284800220 ) ) ;
#30 = DIRECTION ( 'NONE',  ( 0.000000000000000000, -0.000000000000000000, -1.000000000000000000 ) ) ;
#31 = VERTEX_POINT ( 'NONE', #254 ) ;
#32 = CARTESIAN_POINT ( 'NONE',  ( 25.53882417297216278, 5.490034005324581301, -9.340595614965474525 ) ) ;
#33 = EDGE_CURVE ( 'NONE', #278, #1995, #79, .T. ) ;
#34 = ORIENTED_EDGE ( 'NONE', *, *, #1841, .F. ) ;
#35 = ORIENTED_EDGE ( 'NONE', *, *, #1085, .T. ) ;
#36 = CARTESIAN_POINT ( 'NONE',  ( 34.64999999999998437, -33.08654523791967961, -44.00000000000000000 ) ) ;
#37 = CARTESIAN_POINT ( 'NONE',  ( -25.15000000000000568, 35.14258062710081987, -44.00000000000000000 ) ) ;
#38 = CARTESIAN_POINT ( 'NONE',  ( -26.66935454947888928, -4.186475409220865807, -9.319869399253063236 ) ) ;
#39 = CARTESIAN_POINT ( 'NONE',  ( 25.14999999999999147, -20.00000000000000711, 4.000000000000007994 ) ) ;
#40 = VERTEX_POINT ( 'NONE', #1283 ) ;
#41 = VECTOR ( 'NONE', #1660, 1000.000000000000000 ) ;
#42 = CARTESIAN_POINT ( 'NONE',  ( 26.66340378642551201, 4.196825914220248421, -9.320110491659349350 ) ) ;
#43 = ORIENTED_EDGE ( 'NONE', *, *, #269, .T. ) ;
#44 = CIRCLE ( 'NONE', #1632, 35.14258062710081987 ) ;
#45 = CIRCLE ( 'NONE', #1381, 1.649999999999998579 ) ;
#46 = CIRCLE ( 'NONE', #428, 33.08654523791967961 ) ;
#47 = EDGE_CURVE ( 'NONE', #367, #106, #1010, .T. ) ;
#48 = ORIENTED_EDGE ( 'NONE', *, *, #265, .F. ) ;
#49 = LINE ( 'NONE', #1140, #612 ) ;
#50 = VECTOR ( 'NONE', #1104, 1000.000000000000000 ) ;
#51 = ORIENTED_EDGE ( 'NONE', *, *, #177, .F. ) ;
#52 = CARTESIAN_POINT ( 'NONE',  ( 20.14999999999999147, -15.00000000000000711, -84.00099999999999056 ) ) ;
#53 = DIRECTION ( 'NONE',  ( 0.000000000000000000, 0.000000000000000000, 1.000000000000000000 ) ) ;
#54 = VERTEX_POINT ( 'NONE', #2159 ) ;
#55 = CARTESIAN_POINT ( 'NONE',  ( 35.17067978376198312, -7.000000000000000000, 4.000000000000008882 ) ) ;
#56 = ORIENTED_EDGE ( 'NONE', *, *, #946, .T. ) ;
#57 = CARTESIAN_POINT ( 'NONE',  ( -25.42854157064935805, -1.952769179538248911, -8.927997713906794530 ) ) ;
#58 = ORIENTED_EDGE ( 'NONE', *, *, #1633, .T. ) ;
#59 = CYLINDRICAL_SURFACE ( 'NONE', #1719, 1.649999999999998579 ) ;
#60 = ADVANCED_FACE ( 'NONE', ( #1086 ), #2267, .F. ) ;
#61 = CARTESIAN_POINT ( 'NONE',  ( 0.000000000000000000, 0.000000000000000000, -39.99999999999999289 ) ) ;
#62 = CARTESIAN_POINT ( 'NONE',  ( 30.15000000000000568, 45.00000000000000000, -43.99999999999999289 ) ) ;
#63 = CARTESIAN_POINT ( 'NONE',  ( 20.14999999999998792, 14.99999999999999822, 4.000000000000007994 ) ) ;
#64 = DIRECTION ( 'NONE',  ( -1.000000000000000000, -0.000000000000000000, -0.000000000000000000 ) ) ;
#65 = ORIENTED_EDGE ( 'NONE', *, *, #1142, .T. ) ;
#66 = DIRECTION ( 'NONE',  ( -1.000000000000000000, 0.000000000000000000, 0.000000000000000000 ) ) ;
#67 = CARTESIAN_POINT ( 'NONE',  ( 15.14999999999999147, -7.000000000000000000, 0.000000000000000000 ) ) ;
#68 = ORIENTED_EDGE ( 'NONE', *, *, #566, .T. ) ;
#69 = CARTESIAN_POINT ( 'NONE',  ( -24.94933102265420644, -1.434943168411335845, -6.807424297497820298 ) ) ;
#70 = EDGE_LOOP ( 'NONE', ( #716, #2047 ) ) ;
#71 = CARTESIAN_POINT ( 'NONE',  ( 25.14999999999999147, 0.000000000000000000, -44.00000000000000000 ) ) ;
#72 = CARTESIAN_POINT ( 'NONE',  ( -25.15000000000000568, 0.000000000000000000, -43.99999999999999289 ) ) ;
#73 = PLANE ( 'NONE',  #1993 ) ;
#74 = ADVANCED_FACE ( 'NONE', ( #2181, #1113 ), #1794, .T. ) ;
#75 = DIRECTION ( 'NONE',  ( -0.000000000000000000, -1.000000000000000000, -0.000000000000000000 ) ) ;
#76 = ORIENTED_EDGE ( 'NONE', *, *, #104, .T. ) ;
#77 = ADVANCED_FACE ( 'NONE', ( #394, #1817 ), #948, .T. ) ;
#78 = DIRECTION ( 'NONE',  ( 1.000000000000000000, 0.000000000000000000, 0.000000000000000000 ) ) ;
#79 = CIRCLE ( 'NONE', #2228, 0.4999999999999831246 ) ;
#80 = VERTEX_POINT ( 'NONE', #1469 ) ;
#81 = CIRCLE ( 'NONE', #352, 1.699999999999986189 ) ;
#82 = DIRECTION ( 'NONE',  ( 0.000000000000000000, 0.000000000000000000, -1.000000000000000000 ) ) ;
#83 = AXIS2_PLACEMENT_3D ( 'NONE', #1170, #513, #2067 ) ;
#84 = VERTEX_POINT ( 'NONE', #1128 ) ;
#85 = CARTESIAN_POINT ( 'NONE',  ( -25.14999999999999858, -49.99999999999999289, -39.99999999999999289 ) ) ;
#86 = AXIS2_PLACEMENT_3D ( 'NONE', #155, #2055, #1183 ) ;
#87 = DIRECTION ( 'NONE',  ( 0.000000000000000000, 1.000000000000000000, 0.000000000000000000 ) ) ;
#88 = PRODUCT_DEFINITION_FORMATION_WITH_SPECIFIED_SOURCE ( 'ANY', '', #1530, .NOT_KNOWN. ) ;
#89 = DIRECTION ( 'NONE',  ( -1.000000000000000000, 0.000000000000000000, -0.000000000000000000 ) ) ;
#90 = ORIENTED_EDGE ( 'NONE', *, *, #748, .F. ) ;
#91 = DIRECTION ( 'NONE',  ( 0.000000000000000000, 0.000000000000000000, 1.000000000000000000 ) ) ;
#92 = LINE ( 'NONE', #1687, #2002 ) ;
#93 = ORIENTED_EDGE ( 'NONE', *, *, #738, .F. ) ;
#94 = EDGE_CURVE ( 'NONE', #2083, #2045, #27, .T. ) ;
#95 = CARTESIAN_POINT ( 'NONE',  ( -28.50000000000000711, 45.00000000000000000, -43.99999999999999289 ) ) ;
#96 = VERTEX_POINT ( 'NONE', #1262 ) ;
#97 = DIRECTION ( 'NONE',  ( -0.000000000000000000, -0.000000000000000000, -1.000000000000000000 ) ) ;
#98 = FACE_OUTER_BOUND ( 'NONE', #1496, .T. ) ;
#99 = DIRECTION ( 'NONE',  ( 0.000000000000000000, -1.000000000000000000, 0.000000000000000000 ) ) ;
#100 = EDGE_LOOP ( 'NONE', ( #1280, #475 ) ) ;
#101 = CARTESIAN_POINT ( 'NONE',  ( 25.14999999999999147, 0.000000000000000000, -44.00000000000000000 ) ) ;
#102 = CARTESIAN_POINT ( 'NONE',  ( -25.15000000000000568, 39.79949748426479772, -39.99999999999999289 ) ) ;
#103 = ORIENTED_EDGE ( 'NONE', *, *, #1991, .T. ) ;
#104 = EDGE_CURVE ( 'NONE', #2264, #167, #1094, .T. ) ;
#105 = CYLINDRICAL_SURFACE ( 'NONE', #2123, 1.649999999999998579 ) ;
#106 = VERTEX_POINT ( 'NONE', #1447 ) ;
#107 = EDGE_CURVE ( 'NONE', #1986, #824, #350, .T. ) ;
#108 = CARTESIAN_POINT ( 'NONE',  ( 30.15000000000001279, -45.00000000000000000, 4.001000000000011880 ) ) ;
#109 = LINE ( 'NONE', #664, #910 ) ;
#110 = CARTESIAN_POINT ( 'NONE',  ( -30.15000000000000568, 45.00000000000000000, -43.99999999999999289 ) ) ;
#111 = ORIENTED_EDGE ( 'NONE', *, *, #2280, .T. ) ;
#112 = DIRECTION ( 'NONE',  ( -1.000000000000000000, 0.000000000000000000, 0.000000000000000000 ) ) ;
#113 = VERTEX_POINT ( 'NONE', #1508 ) ;
#114 = CARTESIAN_POINT ( 'NONE',  ( 25.14999999999999147, -6.999999999999999112, 4.000000000000007994 ) ) ;
#115 = CARTESIAN_POINT ( 'NONE',  ( -20.00000000000000000, -2.449293598294706119E-15, 4.000000000000009770 ) ) ;
#116 = EDGE_LOOP ( 'NONE', ( #1073, #225, #344, #1127, #1749 ) ) ;
#117 = VECTOR ( 'NONE', #751, 999.9999999999998863 ) ;
#118 = DIRECTION ( 'NONE',  ( 0.000000000000000000, 0.000000000000000000, -1.000000000000000000 ) ) ;
#119 = AXIS2_PLACEMENT_3D ( 'NONE', #1114, #1437, #569 ) ;
#120 = ORIENTED_EDGE ( 'NONE', *, *, #1556, .F. ) ;
#121 = AXIS2_PLACEMENT_3D ( 'NONE', #883, #1563, #2080 ) ;
#122 = DIRECTION ( 'NONE',  ( 0.000000000000000000, -1.000000000000000000, -0.000000000000000000 ) ) ;
#123 = ADVANCED_FACE ( 'NONE', ( #800 ), #615, .T. ) ;
#124 = CONICAL_SURFACE ( 'NONE', #1602, 1.725000000000000755, 0.7155849933180404854 ) ;
#125 = DIRECTION ( 'NONE',  ( 0.000000000000000000, 0.000000000000000000, 1.000000000000000000 ) ) ;
#126 = DIRECTION ( 'NONE',  ( -0.000000000000000000, 1.000000000000000000, 0.000000000000000000 ) ) ;
#127 = VECTOR ( 'NONE', #2258, 1000.000000000000000 ) ;
#128 = VERTEX_POINT ( 'NONE', #1176 ) ;
#129 = DIRECTION ( 'NONE',  ( -0.000000000000000000, -0.000000000000000000, 1.000000000000000000 ) ) ;
#130 = ORIENTED_EDGE ( 'NONE', *, *, #1811, .T. ) ;
#131 = AXIS2_PLACEMENT_3D ( 'NONE', #2058, #1622, #610 ) ;
#132 = FACE_BOUND ( 'NONE', #399, .T. ) ;
#133 = CARTESIAN_POINT ( 'NONE',  ( 28.50000000000000711, 45.00000000000000000, -39.99999999999999289 ) ) ;
#134 = EDGE_LOOP ( 'NONE', ( #1595, #1111 ) ) ;
#135 = AXIS2_PLACEMENT_3D ( 'NONE', #294, #1203, #851 ) ;
#136 = CARTESIAN_POINT ( 'NONE',  ( 27.09352722521704493, -3.467928824065204640, -9.304930660397156217 ) ) ;
#137 = CARTESIAN_POINT ( 'NONE',  ( 27.97384063076811600, 0.5535511628888916125, -9.264687178225338826 ) ) ;
#138 = CARTESIAN_POINT ( 'NONE',  ( 15.14999999999999147, -20.00000000000000711, -41.23105625617661474 ) ) ;
#139 = ADVANCED_FACE ( 'NONE', ( #838 ), #465, .F. ) ;
#140 = ORIENTED_EDGE ( 'NONE', *, *, #1442, .T. ) ;
#141 = DIRECTION ( 'NONE',  ( 0.000000000000000000, 0.000000000000000000, 1.000000000000000000 ) ) ;
#142 = ORIENTED_EDGE ( 'NONE', *, *, #2160, .T. ) ;
#143 = LINE ( 'NONE', #484, #2120 ) ;
#144 = DIRECTION ( 'NONE',  ( 0.000000000000000000, 0.000000000000000000, -1.000000000000000000 ) ) ;
#145 = ORIENTED_EDGE ( 'NONE', *, *, #1272, .T. ) ;
#146 = CARTESIAN_POINT ( 'NONE',  ( 24.82358199124140086, -1.783088715158904769, -6.816686206181377550 ) ) ;
#147 = DIRECTION ( 'NONE',  ( -1.000000000000000000, -0.000000000000000000, -0.000000000000000000 ) ) ;
#148 = CARTESIAN_POINT ( 'NONE',  ( -24.74078005404947334, 3.220951268039396798, -8.918903898584529699 ) ) ;
#149 = CARTESIAN_POINT ( 'NONE',  ( 25.14999999999999147, -20.00000000000000711, -6.938893903907228378E-15 ) ) ;
#150 = CYLINDRICAL_SURFACE ( 'NONE', #1572, 1.699999999999986189 ) ;
#151 = ORIENTED_EDGE ( 'NONE', *, *, #908, .T. ) ;
#152 = CARTESIAN_POINT ( 'NONE',  ( 25.14999999999999147, 3.317177577775445751, -8.463298200204510735 ) ) ;
#153 = EDGE_CURVE ( 'NONE', #369, #40, #231, .T. ) ;
#154 = CARTESIAN_POINT ( 'NONE',  ( -28.50000000000000711, 45.00000000000000000, 4.001000000000011880 ) ) ;
#155 = CARTESIAN_POINT ( 'NONE',  ( 35.14999999999998437, 0.000000000000000000, -44.00000000000000000 ) ) ;
#156 = ORIENTED_EDGE ( 'NONE', *, *, #1045, .T. ) ;
#157 = ADVANCED_FACE ( 'NONE', ( #1887 ), #2035, .F. ) ;
#158 = CARTESIAN_POINT ( 'NONE',  ( 24.75702580565268107, -1.952381659029420291, -6.821358568159888058 ) ) ;
#159 = AXIS2_PLACEMENT_3D ( 'NONE', #1974, #479, #1150 ) ;
#160 = CARTESIAN_POINT ( 'NONE',  ( 0.000000000000000000, 0.000000000000000000, 3.971240789819492800 ) ) ;
#161 = CIRCLE ( 'NONE', #1565, 1.649999999999998579 ) ;
#162 = FACE_BOUND ( 'NONE', #2111, .T. ) ;
#163 = CARTESIAN_POINT ( 'NONE',  ( 15.14999999999999147, -20.00000000000000711, -6.938893903907228378E-15 ) ) ;
#164 = VERTEX_POINT ( 'NONE', #1483 ) ;
#165 = AXIS2_PLACEMENT_3D ( 'NONE', #247, #779, #91 ) ;
#166 = DIRECTION ( 'NONE',  ( -1.000000000000000000, 0.000000000000000000, 0.000000000000000000 ) ) ;
#167 = VERTEX_POINT ( 'NONE', #1537 ) ;
#168 = APPLICATION_CONTEXT ( 'automotive_design' ) ;
#169 = CARTESIAN_POINT ( 'NONE',  ( -20.00000000000000000, -2.449293598294706119E-15, 4.000000000000009770 ) ) ;
#170 = CIRCLE ( 'NONE', #1263, 40.00000000000000000 ) ;
#171 = FACE_OUTER_BOUND ( 'NONE', #1058, .T. ) ;
#172 = ORIENTED_EDGE ( 'NONE', *, *, #841, .T. ) ;
#173 = TOROIDAL_SURFACE ( 'NONE', #2279, -149.2313432835825040, 186.0813432835824415 ) ;
#174 = CARTESIAN_POINT ( 'NONE',  ( 27.97351781733616249, -0.5554993136521612085, -9.264704650863603064 ) ) ;
#175 = CIRCLE ( 'NONE', #135, 1.699999999999986189 ) ;
#176 = EDGE_CURVE ( 'NONE', #1060, #556, #499, .T. ) ;
#177 = EDGE_CURVE ( 'NONE', #31, #1335, #750, .T. ) ;
#178 = CARTESIAN_POINT ( 'NONE',  ( 26.66935454947886797, 4.186475409220870247, -9.319869399253031261 ) ) ;
#179 = CARTESIAN_POINT ( 'NONE',  ( 21.79999999999998650, 14.99999999999999822, 4.000000000000007994 ) ) ;
#180 = ORIENTED_EDGE ( 'NONE', *, *, #212, .T. ) ;
#181 = CARTESIAN_POINT ( 'NONE',  ( -25.15000000000000568, -7.000000000000000000, 0.000000000000000000 ) ) ;
#182 = VERTEX_POINT ( 'NONE', #303 ) ;
#183 = CARTESIAN_POINT ( 'NONE',  ( -25.15000000000001279, 2.395132426786407365, -7.935231842869590935 ) ) ;
#184 = CARTESIAN_POINT ( 'NONE',  ( -18.27499999999999858, -2.449293598294706119E-15, 4.000000000000009770 ) ) ;
#185 = VERTEX_POINT ( 'NONE', #1005 ) ;
#186 = DIRECTION ( 'NONE',  ( 0.000000000000000000, -0.000000000000000000, 1.000000000000000000 ) ) ;
#187 = ADVANCED_FACE ( 'NONE', ( #1141 ), #821, .F. ) ;
#188 = CARTESIAN_POINT ( 'NONE',  ( 25.96575694902218245, 5.040371258149799694, -9.334395865231828182 ) ) ;
#189 = EDGE_CURVE ( 'NONE', #799, #573, #1165, .T. ) ;
#190 = LINE ( 'NONE', #699, #1160 ) ;
#191 = ORIENTED_EDGE ( 'NONE', *, *, #1474, .F. ) ;
#192 = DIRECTION ( 'NONE',  ( -1.000000000000000000, 0.000000000000000000, -0.000000000000000000 ) ) ;
#193 = ORIENTED_EDGE ( 'NONE', *, *, #1004, .T. ) ;
#194 = CARTESIAN_POINT ( 'NONE',  ( -25.57299131822506055, -5.436596728243331178, -9.338730379863042330 ) ) ;
#195 = CARTESIAN_POINT ( 'NONE',  ( 35.15000000000000568, 36.00000000000000000, -39.99999999999999289 ) ) ;
#196 = ORIENTED_EDGE ( 'NONE', *, *, #2115, .F. ) ;
#197 = EDGE_CURVE ( 'NONE', #40, #54, #267, .T. ) ;
#198 = DIRECTION ( 'NONE',  ( 1.000000000000000000, -0.000000000000000000, -0.000000000000000000 ) ) ;
#199 = EDGE_CURVE ( 'NONE', #84, #482, #292, .T. ) ;
#200 = VERTEX_POINT ( 'NONE', #2198 ) ;
#201 = LINE ( 'NONE', #181, #418 ) ;
#202 = AXIS2_PLACEMENT_3D ( 'NONE', #62, #1470, #1029 ) ;
#203 = CARTESIAN_POINT ( 'NONE',  ( -26.96997211403566652, -3.718483431010939810, -9.309797864227755682 ) ) ;
#204 = AXIS2_PLACEMENT_3D ( 'NONE', #1236, #257, #2001 ) ;
#205 = ORIENTED_EDGE ( 'NONE', *, *, #547, .F. ) ;
#206 = PRESENTATION_LAYER_ASSIGNMENT (  '', '', ( #1783 ) ) ;
#207 = AXIS2_PLACEMENT_3D ( 'NONE', #115, #632, #1825 ) ;
#208 = LINE ( 'NONE', #2, #1672 ) ;
#209 = DIRECTION ( 'NONE',  ( 1.000000000000000000, 0.000000000000000000, 0.000000000000000000 ) ) ;
#210 = DIRECTION ( 'NONE',  ( -1.000000000000000000, -0.000000000000000000, -0.000000000000000000 ) ) ;
#211 = DIRECTION ( 'NONE',  ( -1.000000000000000000, 0.000000000000000000, 0.000000000000000000 ) ) ;
#212 = EDGE_CURVE ( 'NONE', #1247, #417, #2232, .T. ) ;
#213 = DIRECTION ( 'NONE',  ( -1.000000000000000000, -0.000000000000000000, -0.000000000000000000 ) ) ;
#214 = CARTESIAN_POINT ( 'NONE',  ( -35.15000000000000568, -36.00000000000000000, -39.99999999999999289 ) ) ;
#215 = EDGE_LOOP ( 'NONE', ( #909, #940, #120, #1703, #457 ) ) ;
#216 = EDGE_CURVE ( 'NONE', #1970, #1905, #1325, .T. ) ;
#217 = DIRECTION ( 'NONE',  ( 0.000000000000000000, -1.000000000000000000, 0.000000000000000000 ) ) ;
#218 = LINE ( 'NONE', #1614, #937 ) ;
#219 = CARTESIAN_POINT ( 'NONE',  ( -25.15000000000000213, 3.791870174753399159, -8.705889421350683222 ) ) ;
#220 = LINE ( 'NONE', #1090, #1823 ) ;
#221 = EDGE_LOOP ( 'NONE', ( #1948, #711, #819, #2132, #1673, #943, #578, #1884, #1349, #1738 ) ) ;
#222 = CARTESIAN_POINT ( 'NONE',  ( 25.08608067732812685, 5.853612314266071870, -9.339528269769321156 ) ) ;
#223 = ORIENTED_EDGE ( 'NONE', *, *, #1609, .F. ) ;
#224 = EDGE_CURVE ( 'NONE', #128, #164, #1377, .T. ) ;
#225 = ORIENTED_EDGE ( 'NONE', *, *, #440, .T. ) ;
#226 = LINE ( 'NONE', #919, #1850 ) ;
#227 = DIRECTION ( 'NONE',  ( 0.000000000000000000, 0.000000000000000000, 1.000000000000000000 ) ) ;
#228 = DIRECTION ( 'NONE',  ( -1.000000000000000000, -0.000000000000000000, -0.000000000000000000 ) ) ;
#229 = LINE ( 'NONE', #2184, #984 ) ;
#230 = EDGE_LOOP ( 'NONE', ( #1168, #1463 ) ) ;
#231 = CIRCLE ( 'NONE', #787, 1.699999999999986189 ) ;
#232 = DIRECTION ( 'NONE',  ( 1.000000000000000000, -0.000000000000000000, -0.000000000000000000 ) ) ;
#233 = AXIS2_PLACEMENT_3D ( 'NONE', #588, #1284, #949 ) ;
#234 = ORIENTED_EDGE ( 'NONE', *, *, #2265, .F. ) ;
#235 = CARTESIAN_POINT ( 'NONE',  ( -24.98717344443792143, 1.260341353016656951, -6.804345428598229439 ) ) ;
#236 = TOROIDAL_SURFACE ( 'NONE', #315, 33.08654523791967961, 0.4999999999999824585 ) ;
#237 = ADVANCED_FACE ( 'NONE', ( #649 ), #1854, .T. ) ;
#238 = AXIS2_PLACEMENT_3D ( 'NONE', #1427, #2098, #2293 ) ;
#239 = VECTOR ( 'NONE', #348, 1000.000000000000000 ) ;
#240 = ORIENTED_EDGE ( 'NONE', *, *, #547, .T. ) ;
#241 = AXIS2_PLACEMENT_3D ( 'NONE', #1277, #1978, #2015 ) ;
#242 = VERTEX_POINT ( 'NONE', #810 ) ;
#243 = CARTESIAN_POINT ( 'NONE',  ( 18.49999999999998934, -15.00000000000000711, -84.00099999999999056 ) ) ;
#244 = LINE ( 'NONE', #972, #1855 ) ;
#245 = DIRECTION ( 'NONE',  ( -1.000000000000000000, 0.000000000000000000, 0.000000000000000000 ) ) ;
#246 = EDGE_LOOP ( 'NONE', ( #892, #68, #879, #1397 ) ) ;
#247 = CARTESIAN_POINT ( 'NONE',  ( 2.081668171172168513E-14, 0.000000000000000000, -44.00000000000000000 ) ) ;
#248 = LINE ( 'NONE', #605, #1639 ) ;
#249 = ORIENTED_EDGE ( 'NONE', *, *, #1126, .T. ) ;
#250 = CARTESIAN_POINT ( 'NONE',  ( -27.97416100730126587, -0.5471439883878422838, -9.264669837486524173 ) ) ;
#251 = EDGE_CURVE ( 'NONE', #1109, #80, #1281, .T. ) ;
#252 = ORIENTED_EDGE ( 'NONE', *, *, #1946, .T. ) ;
#253 =( NAMED_UNIT ( * ) PLANE_ANGLE_UNIT ( ) SI_UNIT ( $, .RADIAN. ) );
#254 = CARTESIAN_POINT ( 'NONE',  ( 31.80000000000000782, -45.00000000000000000, -43.99999999999999289 ) ) ;
#255 = EDGE_CURVE ( 'NONE', #534, #1620, #2097, .T. ) ;
#256 = CARTESIAN_POINT ( 'NONE',  ( 15.14999999999999147, -20.00000000000000711, -41.23105625617661474 ) ) ;
#257 = DIRECTION ( 'NONE',  ( 0.000000000000000000, 0.000000000000000000, -1.000000000000000000 ) ) ;
#258 = CARTESIAN_POINT ( 'NONE',  ( -35.14999999999999858, 0.000000000000000000, -44.00000000000000000 ) ) ;
#259 = ORIENTED_EDGE ( 'NONE', *, *, #2072, .T. ) ;
#260 = CARTESIAN_POINT ( 'NONE',  ( -21.69999999999998508, -2.241103642439657471E-15, 4.000000000000007994 ) ) ;
#261 = LINE ( 'NONE', #1665, #761 ) ;
#262 = VERTEX_POINT ( 'NONE', #1912 ) ;
#263 = CARTESIAN_POINT ( 'NONE',  ( -25.59788202601574625, 1.381187688845979533, -8.928915454631029647 ) ) ;
#264 = ORIENTED_EDGE ( 'NONE', *, *, #1871, .T. ) ;
#265 = EDGE_CURVE ( 'NONE', #96, #486, #1, .T. ) ;
#266 = DIRECTION ( 'NONE',  ( -0.000000000000000000, -0.000000000000000000, 1.000000000000000000 ) ) ;
#267 = LINE ( 'NONE', #1865, #1293 ) ;
#268 = CARTESIAN_POINT ( 'NONE',  ( 25.14999999999999147, -20.00000000000000711, -6.938893903907228378E-15 ) ) ;
#269 = EDGE_CURVE ( 'NONE', #824, #1321, #1019, .T. ) ;
#270 = ORIENTED_EDGE ( 'NONE', *, *, #1519, .F. ) ;
#271 = CARTESIAN_POINT ( 'NONE',  ( 27.97384063077046434, -0.5543108439671650123, -9.264687178225210928 ) ) ;
#272 = CARTESIAN_POINT ( 'NONE',  ( 20.14999999999999147, -15.00000000000000711, -84.00099999999999056 ) ) ;
#273 = VECTOR ( 'NONE', #1436, 1000.000000000000000 ) ;
#274 = EDGE_LOOP ( 'NONE', ( #1445, #1355, #538, #1663, #1666, #1243, #1357, #680, #624, #1891, #784, #93, #323, #478 ) ) ;
#275 = AXIS2_PLACEMENT_3D ( 'NONE', #891, #1576, #192 ) ;
#276 = FACE_OUTER_BOUND ( 'NONE', #691, .T. ) ;
#277 = VECTOR ( 'NONE', #628, 1000.000000000000000 ) ;
#278 = VERTEX_POINT ( 'NONE', #1740 ) ;
#279 = VECTOR ( 'NONE', #2217, 1000.000000000000000 ) ;
#280 = CARTESIAN_POINT ( 'NONE',  ( 25.14999999999999147, 5.801753405944162445, -9.339638914908899636 ) ) ;
#281 = CIRCLE ( 'NONE', #576, 0.4999999999999796274 ) ;
#282 = CYLINDRICAL_SURFACE ( 'NONE', #1087, 40.00000000000000000 ) ;
#283 = AXIS2_PLACEMENT_3D ( 'NONE', #1915, #1360, #2076 ) ;
#284 = LINE ( 'NONE', #802, #1900 ) ;
#285 = ORIENTED_EDGE ( 'NONE', *, *, #2160, .F. ) ;
#286 = EDGE_CURVE ( 'NONE', #1175, #1809, #1748, .T. ) ;
#287 = CARTESIAN_POINT ( 'NONE',  ( -25.15000000000000568, -5.801753405944160669, -9.339638914908901413 ) ) ;
#288 = FACE_OUTER_BOUND ( 'NONE', #389, .T. ) ;
#289 = EDGE_LOOP ( 'NONE', ( #706, #130, #1729, #1453 ) ) ;
#290 = FILL_AREA_STYLE_COLOUR ( '', #1603 ) ;
#291 = VERTEX_POINT ( 'NONE', #1067 ) ;
#292 = LINE ( 'NONE', #2013, #1886 ) ;
#293 = CARTESIAN_POINT ( 'NONE',  ( -25.58088732189675696, 5.448574824814866879, -9.340114837553640470 ) ) ;
#294 = CARTESIAN_POINT ( 'NONE',  ( 0.000000000000000000, 0.000000000000000000, 0.000000000000000000 ) ) ;
#295 = ORIENTED_EDGE ( 'NONE', *, *, #2135, .T. ) ;
#296 = FACE_BOUND ( 'NONE', #1189, .T. ) ;
#297 = DIRECTION ( 'NONE',  ( 1.000000000000000000, 0.000000000000000000, 0.000000000000000000 ) ) ;
#298 = ADVANCED_FACE ( 'NONE', ( #1200 ), #718, .F. ) ;
#299 = ORIENTED_EDGE ( 'NONE', *, *, #2133, .T. ) ;
#300 = CARTESIAN_POINT ( 'NONE',  ( -20.00000000000000000, -2.449293598294706119E-15, 4.000000000000009770 ) ) ;
#301 = EDGE_CURVE ( 'NONE', #2264, #54, #1814, .T. ) ;
#302 = EDGE_LOOP ( 'NONE', ( #1256, #180, #1916, #223 ) ) ;
#303 = CARTESIAN_POINT ( 'NONE',  ( 35.15000000000000568, 49.99999999999999289, -39.99999999999999289 ) ) ;
#304 = CARTESIAN_POINT ( 'NONE',  ( -26.65857083840402453, 4.176548950539175742, -9.319226794781901191 ) ) ;
#305 = CARTESIAN_POINT ( 'NONE',  ( 25.14999999999999147, -20.00000000000000711, -6.938893903907228378E-15 ) ) ;
#306 = ORIENTED_EDGE ( 'NONE', *, *, #946, .F. ) ;
#307 = CARTESIAN_POINT ( 'NONE',  ( -23.90002458601860624, -3.357718399995646585, -6.861933498662083686 ) ) ;
#308 = CARTESIAN_POINT ( 'NONE',  ( -31.80000000000000071, 45.00000000000000000, 4.001000000000011880 ) ) ;
#309 = CARTESIAN_POINT ( 'NONE',  ( 25.15000000000000568, 49.99999999999999289, -39.99999999999999289 ) ) ;
#310 = ORIENTED_EDGE ( 'NONE', *, *, #301, .T. ) ;
#311 = AXIS2_PLACEMENT_3D ( 'NONE', #958, #986, #1314 ) ;
#312 = CARTESIAN_POINT ( 'NONE',  ( 24.33232261263808383, -2.764340655337397923, -6.845595196842355179 ) ) ;
#313 = VECTOR ( 'NONE', #719, 1000.000000000000000 ) ;
#314 = ADVANCED_FACE ( 'NONE', ( #698 ), #625, .T. ) ;
#315 = AXIS2_PLACEMENT_3D ( 'NONE', #827, #1526, #657 ) ;
#316 = DIRECTION ( 'NONE',  ( 1.000000000000000000, 0.000000000000000000, 0.000000000000000000 ) ) ;
#317 = AXIS2_PLACEMENT_3D ( 'NONE', #300, #1793, #634 ) ;
#318 = DIRECTION ( 'NONE',  ( 0.000000000000000000, 1.000000000000000000, 0.000000000000000000 ) ) ;
#319 = CARTESIAN_POINT ( 'NONE',  ( 15.14999999999999147, -20.00000000000000711, -6.938893903907228378E-15 ) ) ;
#320 = VECTOR ( 'NONE', #485, 1000.000000000000000 ) ;
#321 = VERTEX_POINT ( 'NONE', #2009 ) ;
#322 = CARTESIAN_POINT ( 'NONE',  ( -25.72727045386107037, -0.7944439402240401904, -8.929546686994548566 ) ) ;
#323 = ORIENTED_EDGE ( 'NONE', *, *, #1017, .F. ) ;
#324 = VECTOR ( 'NONE', #10, 1000.000000000000000 ) ;
#325 = CARTESIAN_POINT ( 'NONE',  ( 15.14999999999999147, -6.999999999999999112, -6.938893903907228378E-15 ) ) ;
#326 = DIRECTION ( 'NONE',  ( -0.000000000000000000, -0.000000000000000000, 1.000000000000000000 ) ) ;
#327 = ORIENTED_EDGE ( 'NONE', *, *, #808, .F. ) ;
#328 = CARTESIAN_POINT ( 'NONE',  ( 26.95539385389577447, -3.712604699877083192, -9.309928774305353372 ) ) ;
#329 = ADVANCED_FACE ( 'NONE', ( #843 ), #1009, .T. ) ;
#330 = CARTESIAN_POINT ( 'NONE',  ( 26.15041904416794694, 4.833471544981399859, -9.331228439021039378 ) ) ;
#331 = DIRECTION ( 'NONE',  ( 1.000000000000000000, 0.000000000000000000, 0.000000000000000000 ) ) ;
#332 = CYLINDRICAL_SURFACE ( 'NONE', #512, 1.650000000000002132 ) ;
#333 = EDGE_CURVE ( 'NONE', #666, #1905, #1780, .T. ) ;
#334 = VERTEX_POINT ( 'NONE', #1310 ) ;
#335 = CARTESIAN_POINT ( 'NONE',  ( -20.00000000000000000, -2.449293598294706119E-15, 0.000000000000000000 ) ) ;
#336 = EDGE_LOOP ( 'NONE', ( #1144, #1351 ) ) ;
#337 = FACE_BOUND ( 'NONE', #1077, .T. ) ;
#338 = CARTESIAN_POINT ( 'NONE',  ( -28.49999999999999289, -45.00000000000000000, -39.99999999999999289 ) ) ;
#339 = ORIENTED_EDGE ( 'NONE', *, *, #1691, .T. ) ;
#340 = CARTESIAN_POINT ( 'NONE',  ( 0.000000000000000000, 7.000000000000000000, 0.000000000000000000 ) ) ;
#341 = CARTESIAN_POINT ( 'NONE',  ( -23.35897292041304141, 3.878190984123577767, -6.867055968046091863 ) ) ;
#342 = DIRECTION ( 'NONE',  ( 1.000000000000000000, 0.000000000000000000, 0.000000000000000000 ) ) ;
#343 = DIRECTION ( 'NONE',  ( -0.000000000000000000, -0.000000000000000000, -1.000000000000000000 ) ) ;
#344 = ORIENTED_EDGE ( 'NONE', *, *, #251, .F. ) ;
#345 = DIRECTION ( 'NONE',  ( -1.233437646870827251E-17, 0.000000000000000000, 1.000000000000000000 ) ) ;
#346 = EDGE_CURVE ( 'NONE', #54, #701, #1205, .T. ) ;
#347 = DIRECTION ( 'NONE',  ( -1.000000000000000000, 2.775557561563004316E-14, 0.000000000000000000 ) ) ;
#348 = DIRECTION ( 'NONE',  ( -0.000000000000000000, -0.000000000000000000, -1.000000000000000000 ) ) ;
#349 = VERTEX_POINT ( 'NONE', #667 ) ;
#350 = CIRCLE ( 'NONE', #159, 1.649999999999998579 ) ;
#351 = DIRECTION ( 'NONE',  ( -0.000000000000000000, -0.000000000000000000, 1.000000000000000000 ) ) ;
#352 = AXIS2_PLACEMENT_3D ( 'NONE', #335, #2238, #1697 ) ;
#353 = DIRECTION ( 'NONE',  ( -1.000000000000000000, 0.000000000000000000, 0.000000000000000000 ) ) ;
#354 = ORIENTED_EDGE ( 'NONE', *, *, #1583, .F. ) ;
#355 = CIRCLE ( 'NONE', #572, 40.00000000000000000 ) ;
#356 = CARTESIAN_POINT ( 'NONE',  ( 2.081668171172168513E-14, 0.000000000000000000, -193.2313432835825040 ) ) ;
#357 = CARTESIAN_POINT ( 'NONE',  ( -25.15000000000000568, -1.005873688782310982, -7.097292910348111050 ) ) ;
#358 = AXIS2_PLACEMENT_3D ( 'NONE', #788, #600, #1316 ) ;
#359 = FACE_OUTER_BOUND ( 'NONE', #274, .T. ) ;
#360 = EDGE_LOOP ( 'NONE', ( #951, #640, #1172, #1318 ) ) ;
#361 = EDGE_CURVE ( 'NONE', #1192, #486, #483, .T. ) ;
#362 = AXIS2_PLACEMENT_3D ( 'NONE', #1174, #1002, #1849 ) ;
#363 = AXIS2_PLACEMENT_3D ( 'NONE', #768, #2039, #469 ) ;
#364 = EDGE_CURVE ( 'NONE', #2119, #262, #81, .T. ) ;
#365 = CARTESIAN_POINT ( 'NONE',  ( 15.14999999999999147, -20.00000000000000711, 4.000000000000007994 ) ) ;
#366 = DIRECTION ( 'NONE',  ( 0.000000000000000000, -1.776356839400250465E-15, 1.000000000000000000 ) ) ;
#367 = VERTEX_POINT ( 'NONE', #1645 ) ;
#368 = CARTESIAN_POINT ( 'NONE',  ( 25.14999999999998792, 5.274774660946474292, -9.251428618393358505 ) ) ;
#369 = VERTEX_POINT ( 'NONE', #772 ) ;
#370 = LINE ( 'NONE', #1796, #1416 ) ;
#371 = VERTEX_POINT ( 'NONE', #1525 ) ;
#372 = EDGE_CURVE ( 'NONE', #1927, #737, #2192, .T. ) ;
#373 = DIRECTION ( 'NONE',  ( -1.000000000000000000, 0.000000000000000000, 0.000000000000000000 ) ) ;
#374 = ORIENTED_EDGE ( 'NONE', *, *, #1138, .F. ) ;
#375 = CARTESIAN_POINT ( 'NONE',  ( 30.15000000000000568, 45.00000000000000000, -43.99999999999999289 ) ) ;
#376 = CARTESIAN_POINT ( 'NONE',  ( -27.46548803016561280, -2.714112659308022923, -9.290284033161436028 ) ) ;
#377 = CARTESIAN_POINT ( 'NONE',  ( 35.15000000000000568, 49.99999999999999289, -39.99999999999999289 ) ) ;
#378 = ORIENTED_EDGE ( 'NONE', *, *, #2086, .T. ) ;
#379 = CARTESIAN_POINT ( 'NONE',  ( 25.55568457456926623, 1.572734650470468454, -8.928709734669160625 ) ) ;
#380 = EDGE_CURVE ( 'NONE', #1303, #482, #597, .T. ) ;
#381 = DIRECTION ( 'NONE',  ( 0.000000000000000000, 0.000000000000000000, -1.000000000000000000 ) ) ;
#382 = PLANE ( 'NONE',  #2150 ) ;
#383 = EDGE_CURVE ( 'NONE', #881, #534, #880, .T. ) ;
#384 = DIRECTION ( 'NONE',  ( 0.000000000000000000, 0.000000000000000000, 1.000000000000000000 ) ) ;
#385 = AXIS2_PLACEMENT_3D ( 'NONE', #1070, #712, #529 ) ;
#386 = CARTESIAN_POINT ( 'NONE',  ( -27.90769631216366875, -1.116884880096317811, -9.268382754776187227 ) ) ;
#387 = CARTESIAN_POINT ( 'NONE',  ( 0.000000000000000000, 0.000000000000000000, 3.971240789819492800 ) ) ;
#388 = VECTOR ( 'NONE', #2025, 1000.000000000000000 ) ;
#389 = EDGE_LOOP ( 'NONE', ( #1561, #2070, #2051, #1439, #2167 ) ) ;
#390 = AXIS2_PLACEMENT_3D ( 'NONE', #2244, #660, #82 ) ;
#391 = VECTOR ( 'NONE', #343, 1000.000000000000000 ) ;
#392 = FACE_OUTER_BOUND ( 'NONE', #2103, .T. ) ;
#393 = EDGE_CURVE ( 'NONE', #1905, #666, #1112, .T. ) ;
#394 = FACE_BOUND ( 'NONE', #1689, .T. ) ;
#395 = FACE_OUTER_BOUND ( 'NONE', #2260, .T. ) ;
#396 = CARTESIAN_POINT ( 'NONE',  ( -18.30000000000001137, -2.449293598294706119E-15, 3.971240789819492800 ) ) ;
#397 = ADVANCED_FACE ( 'NONE', ( #702, #553 ), #1244, .T. ) ;
#398 = DIRECTION ( 'NONE',  ( 0.000000000000000000, 0.000000000000000000, -1.000000000000000000 ) ) ;
#399 = EDGE_LOOP ( 'NONE', ( #854, #460 ) ) ;
#400 = ORIENTED_EDGE ( 'NONE', *, *, #251, .T. ) ;
#401 = ORIENTED_EDGE ( 'NONE', *, *, #1311, .T. ) ;
#402 = FACE_OUTER_BOUND ( 'NONE', #2285, .T. ) ;
#403 = PLANE ( 'NONE',  #233 ) ;
#404 = DIRECTION ( 'NONE',  ( 1.000000000000000000, 0.000000000000000000, 0.000000000000000000 ) ) ;
#405 = PLANE ( 'NONE',  #1863 ) ;
#406 = ORIENTED_EDGE ( 'NONE', *, *, #1383, .F. ) ;
#407 = EDGE_CURVE ( 'NONE', #2119, #1008, #1596, .T. ) ;
#408 = FACE_OUTER_BOUND ( 'NONE', #2213, .T. ) ;
#409 = EDGE_LOOP ( 'NONE', ( #1685, #1867, #1743, #1324 ) ) ;
#410 = CARTESIAN_POINT ( 'NONE',  ( -27.63843367345816304, 2.187435147051949968, -9.281832587152276659 ) ) ;
#411 = EDGE_CURVE ( 'NONE', #185, #1939, #684, .T. ) ;
#412 = ORIENTED_EDGE ( 'NONE', *, *, #1859, .F. ) ;
#413 = DIRECTION ( 'NONE',  ( -1.000000000000000000, -0.000000000000000000, -0.000000000000000000 ) ) ;
#414 = CARTESIAN_POINT ( 'NONE',  ( 25.14999999999999147, -1.238247659966653202, -7.227684242284687421 ) ) ;
#415 = CARTESIAN_POINT ( 'NONE',  ( -28.49999999999999289, -45.00000000000000000, 4.001000000000011880 ) ) ;
#416 = CARTESIAN_POINT ( 'NONE',  ( -18.30000000000001492, -2.449293598294706119E-15, 0.000000000000000000 ) ) ;
#417 = VERTEX_POINT ( 'NONE', #1924 ) ;
#418 = VECTOR ( 'NONE', #692, 1000.000000000000000 ) ;
#419 = CARTESIAN_POINT ( 'NONE',  ( 31.80000000000000782, -45.00000000000000000, -39.99999999999999289 ) ) ;
#420 = CIRCLE ( 'NONE', #1117, 33.57775271948984397 ) ;
#421 = CARTESIAN_POINT ( 'NONE',  ( 0.000000000000000000, 0.000000000000000000, -39.99999999999999289 ) ) ;
#422 = ADVANCED_FACE ( 'NONE', ( #1940, #2129, #1917, #1608, #911 ), #734, .T. ) ;
#423 = EDGE_LOOP ( 'NONE', ( #1361, #1941, #2156, #747 ) ) ;
#424 = CARTESIAN_POINT ( 'NONE',  ( -24.07015160070818283, -4.023457529561044410, -8.903482091054565117 ) ) ;
#425 = CIRCLE ( 'NONE', #426, 1.650000000000002132 ) ;
#426 = AXIS2_PLACEMENT_3D ( 'NONE', #491, #1538, #342 ) ;
#427 = EDGE_CURVE ( 'NONE', #515, #1413, #161, .T. ) ;
#428 = AXIS2_PLACEMENT_3D ( 'NONE', #964, #595, #1134 ) ;
#429 = VERTEX_POINT ( 'NONE', #1776 ) ;
#430 = VECTOR ( 'NONE', #654, 1000.000000000000000 ) ;
#431 = CARTESIAN_POINT ( 'NONE',  ( 0.000000000000000000, 0.000000000000000000, -43.99999999999999289 ) ) ;
#432 = LINE ( 'NONE', #742, #2034 ) ;
#433 = CARTESIAN_POINT ( 'NONE',  ( 25.14999999999999147, 5.801753405944162445, -9.339638914908899636 ) ) ;
#434 = LINE ( 'NONE', #1131, #391 ) ;
#435 = ORIENTED_EDGE ( 'NONE', *, *, #1991, .F. ) ;
#436 = DIRECTION ( 'NONE',  ( -0.000000000000000000, -0.000000000000000000, 1.000000000000000000 ) ) ;
#437 = ORIENTED_EDGE ( 'NONE', *, *, #1110, .T. ) ;
#438 = DIRECTION ( 'NONE',  ( -1.000000000000000000, 0.000000000000000000, 0.000000000000000000 ) ) ;
#439 = LINE ( 'NONE', #1515, #611 ) ;
#440 = EDGE_CURVE ( 'NONE', #1995, #80, #1195, .T. ) ;
#441 = ORIENTED_EDGE ( 'NONE', *, *, #1240, .F. ) ;
#442 = CARTESIAN_POINT ( 'NONE',  ( 15.14999999999999147, 19.99999999999999645, -6.938893903907228378E-15 ) ) ;
#443 = DIRECTION ( 'NONE',  ( 1.000000000000000000, 0.000000000000000000, 0.000000000000000000 ) ) ;
#444 = CARTESIAN_POINT ( 'NONE',  ( 25.15000000000000568, 49.99999999999999289, -43.99999999999999289 ) ) ;
#445 = ORIENTED_EDGE ( 'NONE', *, *, #364, .T. ) ;
#446 = CARTESIAN_POINT ( 'NONE',  ( -31.80000000000000071, 45.00000000000000000, -39.99999999999999289 ) ) ;
#447 = CARTESIAN_POINT ( 'NONE',  ( 15.14999999999999147, -20.00000000000000711, -41.23105625617661474 ) ) ;
#448 = ORIENTED_EDGE ( 'NONE', *, *, #1017, .T. ) ;
#449 = FACE_BOUND ( 'NONE', #134, .T. ) ;
#450 = ORIENTED_EDGE ( 'NONE', *, *, #2208, .F. ) ;
#451 = DIRECTION ( 'NONE',  ( 0.000000000000000000, 0.000000000000000000, 1.000000000000000000 ) ) ;
#452 = EDGE_CURVE ( 'NONE', #1514, #1644, #201, .T. ) ;
#453 = CARTESIAN_POINT ( 'NONE',  ( 25.14999999999999147, -20.00000000000000711, -41.23105625617661474 ) ) ;
#454 = CARTESIAN_POINT ( 'NONE',  ( 31.80000000000000071, 45.00000000000000000, -39.99999999999999289 ) ) ;
#455 = CARTESIAN_POINT ( 'NONE',  ( 25.15000000000000568, 49.99999999999999289, -39.99999999999999289 ) ) ;
#456 = ADVANCED_FACE ( 'NONE', ( #20 ), #1388, .T. ) ;
#457 = ORIENTED_EDGE ( 'NONE', *, *, #224, .T. ) ;
#458 = CARTESIAN_POINT ( 'NONE',  ( 27.34030267817376370, -2.967821881544139284, -9.295213539520835511 ) ) ;
#459 = FACE_OUTER_BOUND ( 'NONE', #1139, .T. ) ;
#460 = ORIENTED_EDGE ( 'NONE', *, *, #176, .T. ) ;
#461 = CIRCLE ( 'NONE', #753, 40.00000000000000000 ) ;
#462 = VECTOR ( 'NONE', #1969, 1000.000000000000000 ) ;
#463 = EDGE_LOOP ( 'NONE', ( #2077, #847, #1122, #1848 ) ) ;
#464 = VECTOR ( 'NONE', #18, 1000.000000000000000 ) ;
#465 = CYLINDRICAL_SURFACE ( 'NONE', #2032, 1.650000000000002132 ) ;
#466 = AXIS2_PLACEMENT_3D ( 'NONE', #272, #436, #297 ) ;
#467 = CARTESIAN_POINT ( 'NONE',  ( -27.91022456011160457, 1.104132988706077567, -9.268251902394206709 ) ) ;
#468 =( GEOMETRIC_REPRESENTATION_CONTEXT ( 3 ) GLOBAL_UNCERTAINTY_ASSIGNED_CONTEXT ( ( #1937 ) ) GLOBAL_UNIT_ASSIGNED_CONTEXT ( ( #1997, #253, #2169 ) ) REPRESENTATION_CONTEXT ( 'NONE', 'WORKASPACE' ) );
#469 = DIRECTION ( 'NONE',  ( 0.000000000000000000, 0.000000000000000000, 1.000000000000000000 ) ) ;
#470 = ORIENTED_EDGE ( 'NONE', *, *, #1966, .T. ) ;
#471 = ADVANCED_FACE ( 'NONE', ( #1768 ), #901, .F. ) ;
#472 = DIRECTION ( 'NONE',  ( 0.000000000000000000, -1.000000000000000000, 0.000000000000000000 ) ) ;
#473 = CARTESIAN_POINT ( 'NONE',  ( 15.14999999999999147, 7.000000000000000000, 0.000000000000000000 ) ) ;
#474 = B_SPLINE_CURVE_WITH_KNOTS ( 'NONE', 3,
 ( #1177, #507, #467, #651, #638, #862, #1334, #2049, #1913, #304, #688, #1166, #293, #674 ),
 .UNSPECIFIED., .F., .F.,
 ( 4, 2, 2, 2, 2, 2, 4 ),
 ( 0.01272640674298364423, 0.01440688132949682204, 0.01524711862275341008, 0.01608735591600999812, 0.01692759320926658789, 0.01776783050252317420, 0.01944830508903634680 ),
 .UNSPECIFIED. ) ;
#475 = ORIENTED_EDGE ( 'NONE', *, *, #1458, .F. ) ;
#476 = FACE_OUTER_BOUND ( 'NONE', #1858, .T. ) ;
#477 = CARTESIAN_POINT ( 'NONE',  ( -25.15000000000000568, 49.99999999999999289, -39.99999999999999289 ) ) ;
#478 = ORIENTED_EDGE ( 'NONE', *, *, #976, .F. ) ;
#479 = DIRECTION ( 'NONE',  ( -0.000000000000000000, -0.000000000000000000, 1.000000000000000000 ) ) ;
#480 = DIRECTION ( 'NONE',  ( 0.000000000000000000, 0.000000000000000000, 1.000000000000000000 ) ) ;
#481 = LINE ( 'NONE', #319, #1454 ) ;
#482 = VERTEX_POINT ( 'NONE', #2295 ) ;
#483 = LINE ( 'NONE', #966, #1082 ) ;
#484 = CARTESIAN_POINT ( 'NONE',  ( 25.14999999999999147, -7.000000000000000000, -43.99999999999999289 ) ) ;
#485 = DIRECTION ( 'NONE',  ( 0.000000000000000000, 0.000000000000000000, -1.000000000000000000 ) ) ;
#486 = VERTEX_POINT ( 'NONE', #1586 ) ;
#487 = EDGE_CURVE ( 'NONE', #291, #1990, #1408, .T. ) ;
#488 = CARTESIAN_POINT ( 'NONE',  ( 23.35897292041307338, -3.878190984123640384, -6.867055968046344994 ) ) ;
#489 = ORIENTED_EDGE ( 'NONE', *, *, #1980, .F. ) ;
#490 = DIRECTION ( 'NONE',  ( 0.000000000000000000, 0.000000000000000000, -1.000000000000000000 ) ) ;
#491 = CARTESIAN_POINT ( 'NONE',  ( 20.14999999999999147, -15.00000000000000711, 4.000000000000007994 ) ) ;
#492 = CARTESIAN_POINT ( 'NONE',  ( -20.00000000000000000, -2.449293598294706119E-15, 4.000000000000007994 ) ) ;
#493 = ORIENTED_EDGE ( 'NONE', *, *, #1966, .F. ) ;
#494 = CARTESIAN_POINT ( 'NONE',  ( -25.95087329707578050, -5.079191875300100634, -9.335480307355666696 ) ) ;
#495 = ORIENTED_EDGE ( 'NONE', *, *, #1074, .F. ) ;
#496 = CARTESIAN_POINT ( 'NONE',  ( 0.000000000000000000, 0.000000000000000000, -39.99999999999999289 ) ) ;
#497 = LINE ( 'NONE', #2263, #320 ) ;
#498 = ORIENTED_EDGE ( 'NONE', *, *, #1249, .T. ) ;
#499 = CIRCLE ( 'NONE', #311, 1.650000000000002132 ) ;
#500 = EDGE_CURVE ( 'NONE', #1109, #1725, #1254, .T. ) ;
#501 = CARTESIAN_POINT ( 'NONE',  ( 24.74078005404874148, -3.220951268039658366, -8.918903898580925471 ) ) ;
#502 = AXIS2_PLACEMENT_3D ( 'NONE', #160, #351, #316 ) ;
#503 = ADVANCED_FACE ( 'NONE', ( #1624 ), #1460, .F. ) ;
#504 = VECTOR ( 'NONE', #704, 1000.000000000000000 ) ;
#505 = CARTESIAN_POINT ( 'NONE',  ( -27.44972379147404595, 2.711106467187251567, -9.290466235888203528 ) ) ;
#506 = CIRCLE ( 'NONE', #2196, 1.650000000000002132 ) ;
#507 = CARTESIAN_POINT ( 'NONE',  ( -27.97384063077046434, 0.5543108439671680099, -9.264687178225187836 ) ) ;
#508 = PLANE ( 'NONE',  #549 ) ;
#509 = CIRCLE ( 'NONE', #944, 1.649999999999998579 ) ;
#510 = ORIENTED_EDGE ( 'NONE', *, *, #1106, .F. ) ;
#511 = CARTESIAN_POINT ( 'NONE',  ( -25.55568457456820042, -1.572734650470714257, -8.928709734656562702 ) ) ;
#512 = AXIS2_PLACEMENT_3D ( 'NONE', #2259, #665, #1033 ) ;
#513 = DIRECTION ( 'NONE',  ( 0.000000000000000000, 0.000000000000000000, -1.000000000000000000 ) ) ;
#514 = LINE ( 'NONE', #1554, #1533 ) ;
#515 = VERTEX_POINT ( 'NONE', #2000 ) ;
#516 = CARTESIAN_POINT ( 'NONE',  ( 25.72797103900192539, -0.7915556377304493463, -8.929550320911380012 ) ) ;
#517 = CARTESIAN_POINT ( 'NONE',  ( 21.79999999999998650, 14.99999999999999822, -84.00099999999999056 ) ) ;
#518 = EDGE_CURVE ( 'NONE', #417, #2060, #1819, .T. ) ;
#519 = LINE ( 'NONE', #1694, #687 ) ;
#520 = EDGE_LOOP ( 'NONE', ( #2296, #1812, #598, #51 ) ) ;
#521 = DIRECTION ( 'NONE',  ( -0.000000000000000000, -0.000000000000000000, -1.000000000000000000 ) ) ;
#522 = CARTESIAN_POINT ( 'NONE',  ( -34.64999999999999858, 0.000000000000000000, -10.91345476208032572 ) ) ;
#523 = LINE ( 'NONE', #884, #727 ) ;
#524 = ORIENTED_EDGE ( 'NONE', *, *, #1004, .F. ) ;
#525 = DIRECTION ( 'NONE',  ( -1.000000000000000000, 0.000000000000000000, 0.000000000000000000 ) ) ;
#526 = DIRECTION ( 'NONE',  ( -1.000000000000000000, 0.000000000000000000, -0.000000000000000000 ) ) ;
#527 = EDGE_CURVE ( 'NONE', #1769, #1312, #432, .T. ) ;
#528 = ORIENTED_EDGE ( 'NONE', *, *, #1679, .T. ) ;
#529 = DIRECTION ( 'NONE',  ( -1.000000000000000000, 0.000000000000000000, 0.000000000000000000 ) ) ;
#530 = ORIENTED_EDGE ( 'NONE', *, *, #393, .T. ) ;
#531 = CARTESIAN_POINT ( 'NONE',  ( -25.15000000000000924, 1.948095164865203621, -7.646409619280778003 ) ) ;
#532 = ADVANCED_FACE ( 'NONE', ( #395 ), #73, .T. ) ;
#533 = CYLINDRICAL_SURFACE ( 'NONE', #1675, 1.699999999999986189 ) ;
#534 = VERTEX_POINT ( 'NONE', #2200 ) ;
#535 = CARTESIAN_POINT ( 'NONE',  ( -26.48113027690461507, 4.423007550506756758, -9.324059896465348274 ) ) ;
#536 = CIRCLE ( 'NONE', #2118, 1.649999999999998579 ) ;
#537 = CARTESIAN_POINT ( 'NONE',  ( -25.15000000000000568, 0.000000000000000000, -44.00000000000000000 ) ) ;
#538 = ORIENTED_EDGE ( 'NONE', *, *, #593, .T. ) ;
#539 = AXIS2_PLACEMENT_3D ( 'NONE', #1375, #1868, #1206 ) ;
#540 = CARTESIAN_POINT ( 'NONE',  ( -25.15000000000000568, -7.000000000000000000, -4.617262664969562280 ) ) ;
#541 = ORIENTED_EDGE ( 'NONE', *, *, #1811, .F. ) ;
#542 = DIRECTION ( 'NONE',  ( -1.000000000000000000, -0.000000000000000000, -0.000000000000000000 ) ) ;
#543 = CIRCLE ( 'NONE', #723, 39.99999999999999289 ) ;
#544 = LINE ( 'NONE', #214, #577 ) ;
#545 = ORIENTED_EDGE ( 'NONE', *, *, #1679, .F. ) ;
#546 = CONICAL_SURFACE ( 'NONE', #362, 1.725000000000000755, 0.7155849933180747913 ) ;
#547 = EDGE_CURVE ( 'NONE', #1990, #1921, #1095, .T. ) ;
#548 = CARTESIAN_POINT ( 'NONE',  ( 25.42854157064862974, 1.952769179538640154, -8.927997713905993393 ) ) ;
#549 = AXIS2_PLACEMENT_3D ( 'NONE', #1396, #1167, #1708 ) ;
#550 = CARTESIAN_POINT ( 'NONE',  ( -27.09352722521639834, 3.467928824065049653, -9.304930660397040754 ) ) ;
#551 = DIRECTION ( 'NONE',  ( 1.000000000000000000, 0.000000000000000000, 1.233437646870827251E-17 ) ) ;
#552 = VERTEX_POINT ( 'NONE', #616 ) ;
#553 = FACE_BOUND ( 'NONE', #1792, .T. ) ;
#554 = CARTESIAN_POINT ( 'NONE',  ( -25.15000000000000924, -4.723468647740108217, -9.159146211641019164 ) ) ;
#555 = LINE ( 'NONE', #195, #2155 ) ;
#556 = VERTEX_POINT ( 'NONE', #1315 ) ;
#557 = EDGE_CURVE ( 'NONE', #1759, #1944, #461, .T. ) ;
#558 = EDGE_CURVE ( 'NONE', #933, #1644, #1788, .T. ) ;
#559 = PRODUCT_DEFINITION_CONTEXT ( 'detailed design', #168, 'design' ) ;
#560 = PLANE ( 'NONE',  #1531 ) ;
#561 = ORIENTED_EDGE ( 'NONE', *, *, #1724, .T. ) ;
#562 = DIRECTION ( 'NONE',  ( -0.000000000000000000, -0.000000000000000000, 1.000000000000000000 ) ) ;
#563 = CARTESIAN_POINT ( 'NONE',  ( -27.65294709633796444, -2.193778061960376391, -9.281211108871344706 ) ) ;
#564 = LINE ( 'NONE', #715, #2126 ) ;
#565 = VERTEX_POINT ( 'NONE', #920 ) ;
#566 = EDGE_CURVE ( 'NONE', #1175, #515, #218, .T. ) ;
#567 = DIRECTION ( 'NONE',  ( 1.000000000000000000, 0.000000000000000000, 0.000000000000000000 ) ) ;
#568 = CARTESIAN_POINT ( 'NONE',  ( 15.14999999999999147, -20.00000000000000711, -41.23105625617661474 ) ) ;
#569 = DIRECTION ( 'NONE',  ( 0.000000000000000000, 0.000000000000000000, -1.000000000000000000 ) ) ;
#570 = AXIS2_PLACEMENT_3D ( 'NONE', #356, #1399, #1758 ) ;
#571 = CARTESIAN_POINT ( 'NONE',  ( -25.15000000000000568, -1.924443097197884756, -7.639297661542800100 ) ) ;
#572 = AXIS2_PLACEMENT_3D ( 'NONE', #792, #2017, #1846 ) ;
#573 = VERTEX_POINT ( 'NONE', #37 ) ;
#574 = CARTESIAN_POINT ( 'NONE',  ( 23.74046149819944773, 4.300714133929565364, -8.891598015263541654 ) ) ;
#575 = ORIENTED_EDGE ( 'NONE', *, *, #1953, .T. ) ;
#576 = AXIS2_PLACEMENT_3D ( 'NONE', #2068, #867, #2094 ) ;
#577 = VECTOR ( 'NONE', #1958, 1000.000000000000000 ) ;
#578 = ORIENTED_EDGE ( 'NONE', *, *, #2154, .F. ) ;
#579 = UNCERTAINTY_MEASURE_WITH_UNIT (LENGTH_MEASURE( 1.000000000000000082E-05 ), #1505, 'distance_accuracy_value', 'NONE');
#580 = FACE_OUTER_BOUND ( 'NONE', #1331, .T. ) ;
#581 = EDGE_CURVE ( 'NONE', #1312, #1303, #1630, .T. ) ;
#582 = FACE_OUTER_BOUND ( 'NONE', #1815, .T. ) ;
#583 = CARTESIAN_POINT ( 'NONE',  ( 35.14999999999999147, 7.000000000000000000, 0.000000000000000000 ) ) ;
#584 = ORIENTED_EDGE ( 'NONE', *, *, #682, .F. ) ;
#585 = ORIENTED_EDGE ( 'NONE', *, *, #1442, .F. ) ;
#586 = ORIENTED_EDGE ( 'NONE', *, *, #1688, .T. ) ;
#587 = EDGE_LOOP ( 'NONE', ( #1216, #259, #2294, #2141, #858, #90, #1159, #994, #240, #2237, #495, #1473, #1517 ) ) ;
#588 = CARTESIAN_POINT ( 'NONE',  ( 25.14999999999999147, -20.00000000000000711, -41.23105625617661474 ) ) ;
#589 = EDGE_CURVE ( 'NONE', #1060, #1043, #929, .T. ) ;
#590 = CARTESIAN_POINT ( 'NONE',  ( 35.17067978376198312, 7.000000000000000000, 4.000000000000008882 ) ) ;
#591 = DIRECTION ( 'NONE',  ( 1.000000000000000000, -0.000000000000000000, -0.000000000000000000 ) ) ;
#592 = ORIENTED_EDGE ( 'NONE', *, *, #189, .T. ) ;
#593 = EDGE_CURVE ( 'NONE', #2245, #1944, #1274, .T. ) ;
#594 = CARTESIAN_POINT ( 'NONE',  ( 27.09548974149414491, -3.464100670655844372, -9.304855272043598191 ) ) ;
#595 = DIRECTION ( 'NONE',  ( -1.000000000000000000, -0.000000000000000000, -0.000000000000000000 ) ) ;
#596 = ORIENTED_EDGE ( 'NONE', *, *, #808, .T. ) ;
#597 = LINE ( 'NONE', #1078, #2113 ) ;
#598 = ORIENTED_EDGE ( 'NONE', *, *, #1775, .T. ) ;
#599 = CARTESIAN_POINT ( 'NONE',  ( 25.14999999999999147, -0.2555007290472977033, -6.815631116931792910 ) ) ;
#600 = DIRECTION ( 'NONE',  ( 0.000000000000000000, 1.000000000000000000, 0.000000000000000000 ) ) ;
#601 = ORIENTED_EDGE ( 'NONE', *, *, #1411, .T. ) ;
#602 = ADVANCED_FACE ( 'NONE', ( #582 ), #403, .T. ) ;
#603 = CARTESIAN_POINT ( 'NONE',  ( 35.14999999999999147, 0.000000000000000000, -44.00000000000000000 ) ) ;
#604 = VECTOR ( 'NONE', #2139, 1000.000000000000000 ) ;
#605 = CARTESIAN_POINT ( 'NONE',  ( -25.15000000000000568, -7.000000000000000000, 0.000000000000000000 ) ) ;
#606 = ORIENTED_EDGE ( 'NONE', *, *, #47, .T. ) ;
#607 = EDGE_CURVE ( 'NONE', #1413, #515, #831, .T. ) ;
#608 = DIRECTION ( 'NONE',  ( -0.000000000000000000, -0.000000000000000000, 1.000000000000000000 ) ) ;
#609 = VECTOR ( 'NONE', #732, 1000.000000000000000 ) ;
#610 = DIRECTION ( 'NONE',  ( 0.000000000000000000, 0.000000000000000000, -1.000000000000000000 ) ) ;
#611 = VECTOR ( 'NONE', #2046, 1000.000000000000000 ) ;
#612 = VECTOR ( 'NONE', #614, 1000.000000000000000 ) ;
#613 = EDGE_LOOP ( 'NONE', ( #2219, #1164, #1219, #524 ) ) ;
#614 = DIRECTION ( 'NONE',  ( 1.000000000000000000, 0.000000000000000000, 1.233437646870827251E-17 ) ) ;
#615 = PLANE ( 'NONE',  #1441 ) ;
#616 = CARTESIAN_POINT ( 'NONE',  ( 35.14999999999999147, -39.79949748426479772, -39.99999999999999289 ) ) ;
#617 = CARTESIAN_POINT ( 'NONE',  ( -20.00000000000000000, -2.449293598294706119E-15, 4.000000000000007994 ) ) ;
#618 = ORIENTED_EDGE ( 'NONE', *, *, #333, .F. ) ;
#619 = DIRECTION ( 'NONE',  ( -1.000000000000000000, -0.000000000000000000, -0.000000000000000000 ) ) ;
#620 = CYLINDRICAL_SURFACE ( 'NONE', #466, 1.650000000000002132 ) ;
#621 = ORIENTED_EDGE ( 'NONE', *, *, #1433, .F. ) ;
#622 = ADVANCED_FACE ( 'NONE', ( #683 ), #1888, .F. ) ;
#623 = LINE ( 'NONE', #2207, #1162 ) ;
#624 = ORIENTED_EDGE ( 'NONE', *, *, #2053, .T. ) ;
#625 =( BOUNDED_SURFACE ( )  B_SPLINE_SURFACE ( 3, 2, ( 
 ( #341, #1393, #874 ),
 ( #1054, #1755, #1582 ),
 ( #1417, #2291, #708 ),
 ( #1404, #148, #535 ),
 ( #1731, #897, #1228 ),
 ( #2125, #1935, #1548 ),
 ( #849, #1559, #550 ),
 ( #1241, #2257, #1370 ),
 ( #673, #2073, #505 ),
 ( #1901, #1384, #410 ),
 ( #235, #263, #1190 ),
 ( #676, #1292, #1124 ),
 ( #2261, #1893, #853 ),
 ( #1711, #825, #250 ),
 ( #656, #322, #1181 ),
 ( #69, #511, #1026 ),
 ( #1136, #57, #1657 ),
 ( #1552, #782, #1542 ),
 ( #1992, #1478, #1374 ),
 ( #307, #1878, #494 ),
 ( #1827, #424, #2250 ),
 ( #1838, #1350, #2066 ) ),
 .UNSPECIFIED., .F., .F., .F. ) 
 B_SPLINE_SURFACE_WITH_KNOTS ( ( 4, 2, 2, 2, 2, 2, 2, 2, 2, 2, 4 ),
 ( 3, 3 ),
 ( 0.006036684984351520060, 0.007851877598962503021, 0.008759473906267994936, 0.009667070213573485116, 0.01057466652087897703, 0.01148226282818446894, 0.01329745544279545104, 0.01511264805740643313, 0.01692784067201741696, 0.01874303328662840079, 0.02055822590123938115 ),
 ( 0.2096113315518067788, 1.000000000000000000 ),
 .UNSPECIFIED. ) 
 GEOMETRIC_REPRESENTATION_ITEM ( )  RATIONAL_B_SPLINE_SURFACE ( (
 ( 0.9266990568034438880, 0.8251503326325674292, 1.000000000000000000),
 ( 0.9260172158045676394, 0.8235238914620724993, 1.000000000000000000),
 ( 0.9252374411672275034, 0.8216638426002876860, 1.000000000000000000),
 ( 0.9240569346622216074, 0.8188479010758807908, 1.000000000000000000),
 ( 0.9236592650204447086, 0.8178993129465255141, 1.000000000000000000),
 ( 0.9228966587612179584, 0.8160802169711768306, 1.000000000000000000),
 ( 0.9225319012848240963, 0.8152101364423869345, 1.000000000000000000),
 ( 0.9218547940918164763, 0.8135949871372545328, 1.000000000000000000),
 ( 0.9215424165389707323, 0.8128498519612761264, 1.000000000000000000),
 ( 0.9209878474943127280, 0.8115270011388699967, 1.000000000000000000),
 ( 0.9207447359872522608, 0.8109470909182233678, 1.000000000000000000),
 ( 0.9201526484925399707, 0.8095347448147733882, 1.000000000000000000),
 ( 0.9199460762217119836, 0.8090419940906147245, 1.000000000000000000),
 ( 0.9199440144152002397, 0.8090370759249398969, 1.000000000000000000),
 ( 0.9201558043807522846, 0.8095422727670770202, 1.000000000000000000),
 ( 0.9209372648332487810, 0.8114063429170801367, 1.000000000000000000),
 ( 0.9215036429204059854, 0.8127573626424077213, 1.000000000000000000),
 ( 0.9228731462396251306, 0.8160241309728225589, 1.000000000000000000),
 ( 0.9236553766638084806, 0.8178900377880516936, 1.000000000000000000),
 ( 0.9252230721911245404, 0.8216295673156539525, 1.000000000000000000),
 ( 0.9260173821418553608, 0.8235242882375864992, 1.000000000000000000),
 ( 0.9266987891289015788, 0.8251496941304875543, 1.000000000000000000) ) ) 
 REPRESENTATION_ITEM ( '' )  SURFACE ( )  );
#626 = DIRECTION ( 'NONE',  ( 1.000000000000000000, 0.000000000000000000, 0.000000000000000000 ) ) ;
#627 = DIRECTION ( 'NONE',  ( -1.000000000000000000, 3.469446951953614682E-16, 0.000000000000000000 ) ) ;
#628 = DIRECTION ( 'NONE',  ( -0.000000000000000000, -0.000000000000000000, -1.000000000000000000 ) ) ;
#629 = LINE ( 'NONE', #1153, #882 ) ;
#630 = ORIENTED_EDGE ( 'NONE', *, *, #407, .T. ) ;
#631 = FACE_OUTER_BOUND ( 'NONE', #1500, .T. ) ;
#632 = DIRECTION ( 'NONE',  ( -0.000000000000000000, -0.000000000000000000, 1.000000000000000000 ) ) ;
#633 = EDGE_LOOP ( 'NONE', ( #1658, #1431 ) ) ;
#634 = DIRECTION ( 'NONE',  ( 1.000000000000000000, 0.000000000000000000, 0.000000000000000000 ) ) ;
#635 = ORIENTED_EDGE ( 'NONE', *, *, #1032, .T. ) ;
#636 = DIRECTION ( 'NONE',  ( -0.000000000000000000, -0.000000000000000000, 1.000000000000000000 ) ) ;
#637 = ADVANCED_FACE ( 'NONE', ( #1343 ), #2256, .T. ) ;
#638 = CARTESIAN_POINT ( 'NONE',  ( -27.63722461855363477, 2.191137483383260420, -9.281889845985963561 ) ) ;
#639 = CARTESIAN_POINT ( 'NONE',  ( -34.74335528934891215, 33.57775271948987239, -44.00000000000000000 ) ) ;
#640 = ORIENTED_EDGE ( 'NONE', *, *, #765, .F. ) ;
#641 = CARTESIAN_POINT ( 'NONE',  ( 26.65857083840402453, -4.176548950539194394, -9.319226794781901191 ) ) ;
#642 = FACE_OUTER_BOUND ( 'NONE', #926, .T. ) ;
#643 = VERTEX_POINT ( 'NONE', #1534 ) ;
#644 = AXIS2_PLACEMENT_3D ( 'NONE', #888, #1030, #1922 ) ;
#645 = FILL_AREA_STYLE ('',( #290 ) ) ;
#646 = AXIS2_PLACEMENT_3D ( 'NONE', #603, #989, #1810 ) ;
#647 = ORIENTED_EDGE ( 'NONE', *, *, #372, .T. ) ;
#648 = CIRCLE ( 'NONE', #1857, 39.99999999999999289 ) ;
#649 = FACE_OUTER_BOUND ( 'NONE', #2206, .T. ) ;
#650 = AXIS2_PLACEMENT_3D ( 'NONE', #1909, #1564, #1929 ) ;
#651 = CARTESIAN_POINT ( 'NONE',  ( -27.71747819406747482, 1.922003169592092719, -9.277963269695320037 ) ) ;
#652 = VECTOR ( 'NONE', #398, 1000.000000000000000 ) ;
#653 = EDGE_CURVE ( 'NONE', #1809, #1175, #536, .T. ) ;
#654 = DIRECTION ( 'NONE',  ( -1.000000000000000000, 0.000000000000000000, 0.000000000000000000 ) ) ;
#655 = VERTEX_POINT ( 'NONE', #1860 ) ;
#656 = CARTESIAN_POINT ( 'NONE',  ( -25.10303859559863326, -0.7262850405542280452, -6.794919952707720867 ) ) ;
#657 = DIRECTION ( 'NONE',  ( 0.000000000000000000, 0.000000000000000000, 1.000000000000000000 ) ) ;
#658 = CARTESIAN_POINT ( 'NONE',  ( 2.081668171172168513E-14, 149.2313432835825040, -44.00000000000000000 ) ) ;
#659 = VERTEX_POINT ( 'NONE', #1107 ) ;
#660 = DIRECTION ( 'NONE',  ( 0.000000000000000000, -1.000000000000000000, 0.000000000000000000 ) ) ;
#661 = CARTESIAN_POINT ( 'NONE',  ( 30.15000000000000568, 45.00000000000000000, -39.99999999999999289 ) ) ;
#662 = ORIENTED_EDGE ( 'NONE', *, *, #855, .F. ) ;
#663 = DIRECTION ( 'NONE',  ( -1.000000000000000000, 0.000000000000000000, 0.000000000000000000 ) ) ;
#664 = CARTESIAN_POINT ( 'NONE',  ( 25.14999999999999147, -7.000000000000000000, 0.000000000000000000 ) ) ;
#665 = DIRECTION ( 'NONE',  ( -0.000000000000000000, -0.000000000000000000, -1.000000000000000000 ) ) ;
#666 = VERTEX_POINT ( 'NONE', #2204 ) ;
#667 = CARTESIAN_POINT ( 'NONE',  ( 34.74335528934889794, 33.57775271948985818, -44.00000000000000000 ) ) ;
#668 = ADVANCED_FACE ( 'NONE', ( #1501 ), #1289, .T. ) ;
#669 = CARTESIAN_POINT ( 'NONE',  ( 35.14999999999999147, -7.000000000000000000, 0.000000000000000000 ) ) ;
#670 = CARTESIAN_POINT ( 'NONE',  ( -31.80000000000000071, -45.00000000000000000, -43.99999999999999289 ) ) ;
#671 = ORIENTED_EDGE ( 'NONE', *, *, #855, .T. ) ;
#672 = ADVANCED_FACE ( 'NONE', ( #631 ), #1676, .T. ) ;
#673 = CARTESIAN_POINT ( 'NONE',  ( -24.82358199124152875, 1.783088715158747339, -6.816686206185430308 ) ) ;
#674 = CARTESIAN_POINT ( 'NONE',  ( -25.15000000000000924, 5.801753405944154451, -9.339638914908871214 ) ) ;
#675 = ORIENTED_EDGE ( 'NONE', *, *, #1096, .F. ) ;
#676 = CARTESIAN_POINT ( 'NONE',  ( -25.10366460585415993, 0.7236620903433664820, -6.794869684831409629 ) ) ;
#677 = ORIENTED_EDGE ( 'NONE', *, *, #2168, .T. ) ;
#678 = DIRECTION ( 'NONE',  ( 0.000000000000000000, 0.000000000000000000, -1.000000000000000000 ) ) ;
#679 = CARTESIAN_POINT ( 'NONE',  ( -30.15000000000000568, 45.00000000000000000, 4.001000000000011880 ) ) ;
#680 = ORIENTED_EDGE ( 'NONE', *, *, #1434, .F. ) ;
#681 = CARTESIAN_POINT ( 'NONE',  ( 24.98717344443827670, -1.260341353016718235, -6.804345428598160161 ) ) ;
#682 = EDGE_CURVE ( 'NONE', #367, #1995, #420, .T. ) ;
#683 = FACE_OUTER_BOUND ( 'NONE', #116, .T. ) ;
#684 = CIRCLE ( 'NONE', #1052, 1.725000000000000755 ) ;
#685 = CIRCLE ( 'NONE', #978, 1.725000000000000755 ) ;
#686 = CARTESIAN_POINT ( 'NONE',  ( 26.96997211403565231, 3.718483431010945139, -9.309797864227757458 ) ) ;
#687 = VECTOR ( 'NONE', #1022, 1000.000000000000000 ) ;
#688 = CARTESIAN_POINT ( 'NONE',  ( -26.49406006172834083, 4.405346786058753850, -9.323718421048708294 ) ) ;
#689 = FACE_OUTER_BOUND ( 'NONE', #781, .T. ) ;
#690 = VECTOR ( 'NONE', #2253, 1000.000000000000000 ) ;
#691 = EDGE_LOOP ( 'NONE', ( #412, #2175, #35, #2203, #545, #2216 ) ) ;
#692 = DIRECTION ( 'NONE',  ( 0.000000000000000000, 1.000000000000000000, 0.000000000000000000 ) ) ;
#693 = ORIENTED_EDGE ( 'NONE', *, *, #1609, .T. ) ;
#694 = PLANE ( 'NONE',  #83 ) ;
#695 = DIRECTION ( 'NONE',  ( 0.000000000000000000, 0.000000000000000000, -1.000000000000000000 ) ) ;
#696 = EDGE_LOOP ( 'NONE', ( #1291, #816, #299, #2177 ) ) ;
#697 = ADVANCED_FACE ( 'NONE', ( #408 ), #834, .F. ) ;
#698 = FACE_OUTER_BOUND ( 'NONE', #769, .T. ) ;
#699 = CARTESIAN_POINT ( 'NONE',  ( 35.15000000000000568, -49.99999999999999289, -39.99999999999999289 ) ) ;
#700 = DIRECTION ( 'NONE',  ( 1.000000000000000000, 0.000000000000000000, 0.000000000000000000 ) ) ;
#701 = VERTEX_POINT ( 'NONE', #1475 ) ;
#702 = FACE_OUTER_BOUND ( 'NONE', #19, .T. ) ;
#703 = ORIENTED_EDGE ( 'NONE', *, *, #1914, .T. ) ;
#704 = DIRECTION ( 'NONE',  ( -0.000000000000000000, -0.000000000000000000, -1.000000000000000000 ) ) ;
#705 = DIRECTION ( 'NONE',  ( -0.000000000000000000, -0.000000000000000000, 1.000000000000000000 ) ) ;
#706 = ORIENTED_EDGE ( 'NONE', *, *, #107, .F. ) ;
#707 = PLANE ( 'NONE',  #913 ) ;
#708 = CARTESIAN_POINT ( 'NONE',  ( -25.94385637561250491, 5.086936762631058428, -9.335595646068142628 ) ) ;
#709 = DIRECTION ( 'NONE',  ( 0.000000000000000000, 0.000000000000000000, -1.000000000000000000 ) ) ;
#710 = ADVANCED_FACE ( 'NONE', ( #1490 ), #814, .T. ) ;
#711 = ORIENTED_EDGE ( 'NONE', *, *, #2173, .F. ) ;
#712 = DIRECTION ( 'NONE',  ( -0.000000000000000000, -0.000000000000000000, 1.000000000000000000 ) ) ;
#713 = ORIENTED_EDGE ( 'NONE', *, *, #224, .F. ) ;
#714 = DIRECTION ( 'NONE',  ( -0.000000000000000000, -0.000000000000000000, 1.000000000000000000 ) ) ;
#715 = CARTESIAN_POINT ( 'NONE',  ( -21.72500000000000142, -2.238042025441787357E-15, 4.000000000000009770 ) ) ;
#716 = ORIENTED_EDGE ( 'NONE', *, *, #653, .F. ) ;
#717 = AXIS2_PLACEMENT_3D ( 'NONE', #1251, #210, #1955 ) ;
#718 = TOROIDAL_SURFACE ( 'NONE', #644, 33.08654523791967250, 0.4999999999999824585 ) ;
#719 = DIRECTION ( 'NONE',  ( 1.000000000000000000, 0.000000000000000000, 0.000000000000000000 ) ) ;
#720 = CIRCLE ( 'NONE', #1782, 0.4999999999999796274 ) ;
#721 = CARTESIAN_POINT ( 'NONE',  ( 28.50000000000001421, -45.00000000000000000, -43.99999999999999289 ) ) ;
#722 = ORIENTED_EDGE ( 'NONE', *, *, #1369, .F. ) ;
#723 = AXIS2_PLACEMENT_3D ( 'NONE', #1229, #899, #709 ) ;
#724 = DIRECTION ( 'NONE',  ( 1.000000000000000000, 0.000000000000000000, 0.000000000000000000 ) ) ;
#725 = EDGE_CURVE ( 'NONE', #1321, #1700, #11, .T. ) ;
#726 = CARTESIAN_POINT ( 'NONE',  ( -25.15000000000000924, 4.770222862922301132, -9.098954287075256886 ) ) ;
#727 = VECTOR ( 'NONE', #705, 1000.000000000000000 ) ;
#728 = ORIENTED_EDGE ( 'NONE', *, *, #216, .T. ) ;
#729 = AXIS2_PLACEMENT_3D ( 'NONE', #421, #144, #1402 ) ;
#730 = CARTESIAN_POINT ( 'NONE',  ( 24.94933102265449421, 1.434943168410989678, -6.807424297514056200 ) ) ;
#731 = VECTOR ( 'NONE', #1853, 1000.000000000000000 ) ;
#732 = DIRECTION ( 'NONE',  ( 0.000000000000000000, -1.000000000000000000, 0.000000000000000000 ) ) ;
#733 = ORIENTED_EDGE ( 'NONE', *, *, #593, .F. ) ;
#734 = PLANE ( 'NONE',  #1258 ) ;
#735 = LINE ( 'NONE', #1062, #604 ) ;
#736 = CARTESIAN_POINT ( 'NONE',  ( -35.15000000000000568, -7.000000000000000000, 4.000000000000007994 ) ) ;
#737 = VERTEX_POINT ( 'NONE', #419 ) ;
#738 = EDGE_CURVE ( 'NONE', #757, #1091, #44, .T. ) ;
#739 = EDGE_CURVE ( 'NONE', #1043, #1366, #1933, .T. ) ;
#740 = DIRECTION ( 'NONE',  ( -0.000000000000000000, -0.000000000000000000, 1.000000000000000000 ) ) ;
#741 = CARTESIAN_POINT ( 'NONE',  ( 25.15000000000000568, 49.99999999999999289, -39.99999999999999289 ) ) ;
#742 = CARTESIAN_POINT ( 'NONE',  ( 25.14999999999999147, 39.79949748426479772, -39.99999999999999289 ) ) ;
#743 = CARTESIAN_POINT ( 'NONE',  ( -25.15000000000000213, -2.607593433851289610, -8.056537905152799439 ) ) ;
#744 = LINE ( 'NONE', #39, #50 ) ;
#745 = ORIENTED_EDGE ( 'NONE', *, *, #1649, .F. ) ;
#746 = CARTESIAN_POINT ( 'NONE',  ( 23.35908442471596658, 3.878095011621788046, -6.867056128338507648 ) ) ;
#747 = ORIENTED_EDGE ( 'NONE', *, *, #2186, .T. ) ;
#748 = EDGE_CURVE ( 'NONE', #1979, #113, #2006, .T. ) ;
#749 = ORIENTED_EDGE ( 'NONE', *, *, #1394, .T. ) ;
#750 = CIRCLE ( 'NONE', #1520, 1.649999999999998579 ) ;
#751 = DIRECTION ( 'NONE',  ( 0.6560590289908089234, 0.000000000000000000, 0.7547095802225098904 ) ) ;
#752 = CARTESIAN_POINT ( 'NONE',  ( 25.14999999999999858, -2.379443560861758566, -7.918430055577678317 ) ) ;
#753 = AXIS2_PLACEMENT_3D ( 'NONE', #28, #1795, #384 ) ;
#754 = CARTESIAN_POINT ( 'NONE',  ( 18.49999999999998934, -15.00000000000000711, 0.000000000000000000 ) ) ;
#755 = DIRECTION ( 'NONE',  ( -0.000000000000000000, 1.000000000000000000, 0.000000000000000000 ) ) ;
#756 = VECTOR ( 'NONE', #75, 1000.000000000000000 ) ;
#757 = VERTEX_POINT ( 'NONE', #287 ) ;
#758 = AXIS2_PLACEMENT_3D ( 'NONE', #2136, #381, #1084 ) ;
#759 = CARTESIAN_POINT ( 'NONE',  ( 25.14222555583971186, 0.3590412233246161322, -6.791384550402988829 ) ) ;
#760 = ORIENTED_EDGE ( 'NONE', *, *, #1828, .T. ) ;
#761 = VECTOR ( 'NONE', #2044, 1000.000000000000000 ) ;
#762 = EDGE_CURVE ( 'NONE', #262, #1511, #1835, .T. ) ;
#763 = EDGE_LOOP ( 'NONE', ( #2278, #1340, #249, #1071, #1049, #1456 ) ) ;
#764 = ORIENTED_EDGE ( 'NONE', *, *, #1369, .T. ) ;
#765 = EDGE_CURVE ( 'NONE', #643, #321, #355, .T. ) ;
#766 = CARTESIAN_POINT ( 'NONE',  ( 25.14999999999998792, -5.801753405944172215, -9.339638914908878320 ) ) ;
#767 = CYLINDRICAL_SURFACE ( 'NONE', #1485, 1.699999999999986189 ) ;
#768 = CARTESIAN_POINT ( 'NONE',  ( -35.15000000000000568, 0.000000000000000000, -44.00000000000000000 ) ) ;
#769 = EDGE_LOOP ( 'NONE', ( #448, #1834, #498 ) ) ;
#770 = DIRECTION ( 'NONE',  ( 1.000000000000000000, 0.000000000000000000, 0.000000000000000000 ) ) ;
#771 = VERTEX_POINT ( 'NONE', #446 ) ;
#772 = CARTESIAN_POINT ( 'NONE',  ( 1.699999999999986189, 0.000000000000000000, 0.000000000000000000 ) ) ;
#773 = ORIENTED_EDGE ( 'NONE', *, *, #2168, .F. ) ;
#774 = DIRECTION ( 'NONE',  ( 1.000000000000000000, 0.000000000000000000, -0.000000000000000000 ) ) ;
#775 = DIRECTION ( 'NONE',  ( -0.000000000000000000, -0.000000000000000000, 1.000000000000000000 ) ) ;
#776 = LINE ( 'NONE', #938, #756 ) ;
#777 = EDGE_CURVE ( 'NONE', #80, #1725, #1317, .T. ) ;
#778 = ORIENTED_EDGE ( 'NONE', *, *, #2072, .F. ) ;
#779 = DIRECTION ( 'NONE',  ( -1.000000000000000000, -0.000000000000000000, -0.000000000000000000 ) ) ;
#780 = DIRECTION ( 'NONE',  ( -1.000000000000000000, -0.000000000000000000, -0.000000000000000000 ) ) ;
#781 = EDGE_LOOP ( 'NONE', ( #575, #140, #1647, #1492 ) ) ;
#782 = CARTESIAN_POINT ( 'NONE',  ( -25.08334458044132020, -2.697447979071344371, -8.924402835011880697 ) ) ;
#783 = FACE_OUTER_BOUND ( 'NONE', #1681, .T. ) ;
#784 = ORIENTED_EDGE ( 'NONE', *, *, #1902, .F. ) ;
#785 = DIRECTION ( 'NONE',  ( 0.000000000000000000, -1.000000000000000000, 0.000000000000000000 ) ) ;
#786 = CARTESIAN_POINT ( 'NONE',  ( -35.15000000000000568, -7.000000000000000000, -5.999999999999977796 ) ) ;
#787 = AXIS2_PLACEMENT_3D ( 'NONE', #1497, #490, #1693 ) ;
#788 = CARTESIAN_POINT ( 'NONE',  ( 0.000000000000000000, -7.000000000000000000, 0.000000000000000000 ) ) ;
#789 = ORIENTED_EDGE ( 'NONE', *, *, #818, .T. ) ;
#790 = AXIS2_PLACEMENT_3D ( 'NONE', #1721, #861, #525 ) ;
#791 = EDGE_CURVE ( 'NONE', #2091, #5, #720, .T. ) ;
#792 = CARTESIAN_POINT ( 'NONE',  ( -35.15000000000000568, 0.000000000000000000, -44.00000000000000000 ) ) ;
#793 = AXIS2_PLACEMENT_3D ( 'NONE', #496, #1036, #2093 ) ;
#794 = DIRECTION ( 'NONE',  ( 1.000000000000000000, 0.000000000000000000, 0.000000000000000000 ) ) ;
#795 = EDGE_LOOP ( 'NONE', ( #1959, #2179, #34, #1222 ) ) ;
#796 = DIRECTION ( 'NONE',  ( -1.000000000000000000, 0.000000000000000000, -0.000000000000000000 ) ) ;
#797 = CIRCLE ( 'NONE', #86, 33.08654523791967961 ) ;
#798 = VECTOR ( 'NONE', #700, 1000.000000000000000 ) ;
#799 = VERTEX_POINT ( 'NONE', #1727 ) ;
#800 = FACE_OUTER_BOUND ( 'NONE', #423, .T. ) ;
#801 = FACE_OUTER_BOUND ( 'NONE', #246, .T. ) ;
#802 = CARTESIAN_POINT ( 'NONE',  ( -35.15000000000000568, 0.000000000000000000, -43.99999999999999289 ) ) ;
#803 = ORIENTED_EDGE ( 'NONE', *, *, #739, .T. ) ;
#804 = CARTESIAN_POINT ( 'NONE',  ( 20.14999999999998792, 14.99999999999999822, 4.000000000000007994 ) ) ;
#805 = LINE ( 'NONE', #102, #839 ) ;
#806 = ADVANCED_FACE ( 'NONE', ( #1544, #132, #1553, #296, #2275 ), #694, .T. ) ;
#807 = VERTEX_POINT ( 'NONE', #325 ) ;
#808 = EDGE_CURVE ( 'NONE', #2045, #1631, #143, .T. ) ;
#809 = ORIENTED_EDGE ( 'NONE', *, *, #1720, .T. ) ;
#810 = CARTESIAN_POINT ( 'NONE',  ( 35.14999999999999147, 7.000000000000000000, -5.999999999999992006 ) ) ;
#811 = DIRECTION ( 'NONE',  ( -1.000000000000000000, 0.000000000000000000, 0.000000000000000000 ) ) ;
#812 = CARTESIAN_POINT ( 'NONE',  ( 0.000000000000000000, 0.000000000000000000, -39.99999999999999289 ) ) ;
#813 = EDGE_LOOP ( 'NONE', ( #1148, #900, #1101, #1294 ) ) ;
#814 = PLANE ( 'NONE',  #646 ) ;
#815 = FACE_OUTER_BOUND ( 'NONE', #813, .T. ) ;
#816 = ORIENTED_EDGE ( 'NONE', *, *, #33, .T. ) ;
#817 = CARTESIAN_POINT ( 'NONE',  ( 20.14999999999998792, 14.99999999999999822, -84.00099999999999056 ) ) ;
#818 = EDGE_CURVE ( 'NONE', #771, #947, #1994, .T. ) ;
#819 = ORIENTED_EDGE ( 'NONE', *, *, #212, .F. ) ;
#820 = B_SPLINE_CURVE_WITH_KNOTS ( 'NONE', 3,
 ( #2104, #1430, #726, #219, #1253, #183, #531, #1625, #1789, #1097, #921, #1928, #1615, #357, #29, #8, #571, #2130, #743, #1438, #554, #1265 ),
 .UNSPECIFIED., .F., .F.,
 ( 4, 2, 2, 2, 2, 2, 2, 2, 2, 2, 4 ),
 ( 0.000000000000000000, 0.001579847519732125501, 0.003159695039464249702, 0.004739542559196376070, 0.005529466319062439905, 0.006319390078928503740, 0.007109313838794566708, 0.007899237598660629675, 0.008689161358526691775, 0.009479085118392753875, 0.01263878015785700748 ),
 .UNSPECIFIED. ) ;
#821 = CYLINDRICAL_SURFACE ( 'NONE', #829, 1.649999999999998579 ) ;
#822 = CARTESIAN_POINT ( 'NONE',  ( 25.14999999999999147, 39.79949748426479772, -39.99999999999999289 ) ) ;
#823 = DIRECTION ( 'NONE',  ( 3.469446951953615175E-16, 1.000000000000000000, -0.000000000000000000 ) ) ;
#824 = VERTEX_POINT ( 'NONE', #2262 ) ;
#825 = CARTESIAN_POINT ( 'NONE',  ( -25.77069790581151310, -0.3928580655221469153, -8.929646750064840433 ) ) ;
#826 = AXIS2_PLACEMENT_3D ( 'NONE', #108, #2061, #1874 ) ;
#827 = CARTESIAN_POINT ( 'NONE',  ( 34.64999999999998437, 0.000000000000000000, -44.00000000000000000 ) ) ;
#828 = DIRECTION ( 'NONE',  ( -1.000000000000000000, 0.000000000000000000, 0.000000000000000000 ) ) ;
#829 = AXIS2_PLACEMENT_3D ( 'NONE', #995, #1704, #1842 ) ;
#830 = ORIENTED_EDGE ( 'NONE', *, *, #1932, .T. ) ;
#831 = CIRCLE ( 'NONE', #202, 1.649999999999998579 ) ;
#832 = DIRECTION ( 'NONE',  ( 1.000000000000000000, 0.000000000000000000, 0.000000000000000000 ) ) ;
#833 = DIRECTION ( 'NONE',  ( 0.000000000000000000, -0.000000000000000000, 1.000000000000000000 ) ) ;
#834 = TOROIDAL_SURFACE ( 'NONE', #165, -149.2313432835825040, 186.0813432835824415 ) ;
#835 = ORIENTED_EDGE ( 'NONE', *, *, #607, .T. ) ;
#836 = AXIS2_PLACEMENT_3D ( 'NONE', #1076, #2284, #907 ) ;
#837 = EDGE_CURVE ( 'NONE', #1981, #1064, #998, .T. ) ;
#838 = FACE_OUTER_BOUND ( 'NONE', #2065, .T. ) ;
#839 = VECTOR ( 'NONE', #1290, 1000.000000000000000 ) ;
#840 = CARTESIAN_POINT ( 'NONE',  ( -25.14999999999999858, -49.99999999999999289, -43.99999999999999289 ) ) ;
#841 = EDGE_CURVE ( 'NONE', #262, #2119, #2194, .T. ) ;
#842 = ORIENTED_EDGE ( 'NONE', *, *, #255, .T. ) ;
#843 = FACE_OUTER_BOUND ( 'NONE', #587, .T. ) ;
#844 = ORIENTED_EDGE ( 'NONE', *, *, #1367, .F. ) ;
#845 = LINE ( 'NONE', #669, #2152 ) ;
#846 = DIRECTION ( 'NONE',  ( -1.000000000000000000, 0.000000000000000000, 0.000000000000000000 ) ) ;
#847 = ORIENTED_EDGE ( 'NONE', *, *, #1882, .F. ) ;
#848 = CARTESIAN_POINT ( 'NONE',  ( 25.33980727641526087, -2.144445232484055275, -8.927075231800342792 ) ) ;
#849 = CARTESIAN_POINT ( 'NONE',  ( -24.60566353652447447, 2.284117499196383072, -6.831009447575135951 ) ) ;
#850 = DIRECTION ( 'NONE',  ( 0.000000000000000000, 0.000000000000000000, -1.000000000000000000 ) ) ;
#851 = DIRECTION ( 'NONE',  ( -1.000000000000000000, 0.000000000000000000, 0.000000000000000000 ) ) ;
#852 = ORIENTED_EDGE ( 'NONE', *, *, #411, .T. ) ;
#853 = CARTESIAN_POINT ( 'NONE',  ( -27.97351781733624065, 0.5554993136522682340, -9.264704650863615498 ) ) ;
#854 = ORIENTED_EDGE ( 'NONE', *, *, #1276, .T. ) ;
#855 = EDGE_CURVE ( 'NONE', #1204, #1620, #845, .T. ) ;
#856 = CARTESIAN_POINT ( 'NONE',  ( -34.64999999999999858, 33.08654523791967250, -44.00000000000000000 ) ) ;
#857 = LINE ( 'NONE', #1897, #1784 ) ;
#858 = ORIENTED_EDGE ( 'NONE', *, *, #1702, .T. ) ;
#859 = CARTESIAN_POINT ( 'NONE',  ( 27.34069295457400273, -2.967179981593328186, -9.295200060319805502 ) ) ;
#860 = CARTESIAN_POINT ( 'NONE',  ( 2.081668171172168513E-14, 0.000000000000000000, -44.00000000000000000 ) ) ;
#861 = DIRECTION ( 'NONE',  ( -0.000000000000000000, -0.000000000000000000, 1.000000000000000000 ) ) ;
#862 = CARTESIAN_POINT ( 'NONE',  ( -27.44880575131704603, 2.713302891160692454, -9.290506271523097936 ) ) ;
#863 = DIRECTION ( 'NONE',  ( -0.000000000000000000, -0.000000000000000000, 1.000000000000000000 ) ) ;
#864 = ORIENTED_EDGE ( 'NONE', *, *, #1213, .T. ) ;
#865 = CARTESIAN_POINT ( 'NONE',  ( 25.14999999999999147, 2.395132426786473090, -7.935231842869669094 ) ) ;
#866 = DIRECTION ( 'NONE',  ( -0.000000000000000000, -0.000000000000000000, 1.000000000000000000 ) ) ;
#867 = DIRECTION ( 'NONE',  ( -0.000000000000000000, -0.000000000000000000, 1.000000000000000000 ) ) ;
#868 =( BOUNDED_SURFACE ( )  B_SPLINE_SURFACE ( 3, 2, ( 
 ( #488, #1065, #1368 ),
 ( #2071, #1764, #896 ),
 ( #1392, #1591, #1883 ),
 ( #1580, #501, #2096 ),
 ( #312, #2290, #1730 ),
 ( #1220, #1899, #328 ),
 ( #1739, #1718, #136 ),
 ( #158, #848, #859 ),
 ( #146, #1557, #1547 ),
 ( #2255, #2107, #2266 ),
 ( #681, #1051, #1380 ),
 ( #1911, #516, #1039 ),
 ( #1752, #871, #174 ),
 ( #759, #1108, #1952 ),
 ( #14, #1643, #2121 ),
 ( #730, #379, #1432 ),
 ( #1257, #548, #925 ),
 ( #1426, #2134, #1800 ),
 ( #1945, #1279, #42 ),
 ( #1961, #1248, #1781 ),
 ( #25, #1619, #32 ),
 ( #746, #574, #222 ) ),
 .UNSPECIFIED., .F., .F., .F. ) 
 B_SPLINE_SURFACE_WITH_KNOTS ( ( 4, 2, 2, 2, 2, 2, 2, 2, 2, 2, 4 ),
 ( 3, 3 ),
 ( 0.006036684984351493172, 0.007851877598962480470, 0.008759473906267974119, 0.009667070213573466034, 0.01057466652087895795, 0.01148226282818445160, 0.01329745544279543890, 0.01511264805740642619, 0.01692784067201741349, 0.01874303328662840079, 0.02055822590123938462 ),
 ( 0.2096113315518548514, 1.000000000000000000 ),
 .UNSPECIFIED. ) 
 GEOMETRIC_REPRESENTATION_ITEM ( )  RATIONAL_B_SPLINE_SURFACE ( (
 ( 0.9266990568034315645, 0.8251503326325779764, 1.000000000000000000),
 ( 0.9260172158045802959, 0.8235238914621429984, 1.000000000000000000),
 ( 0.9252374411671813181, 0.8216638426002188522, 1.000000000000000000),
 ( 0.9240569346622256042, 0.8188479010759321941, 1.000000000000000000),
 ( 0.9236592650204487054, 0.8178993129465766954, 1.000000000000000000),
 ( 0.9228966587611882044, 0.8160802169711477427, 1.000000000000000000),
 ( 0.9225319012848109956, 0.8152101364423981478, 1.000000000000000000),
 ( 0.9218547940918032646, 0.8135949871372658571, 1.000000000000000000),
 ( 0.9215424165389685118, 0.8128498519613138740, 1.000000000000000000),
 ( 0.9209878474942883031, 0.8115270011388546756, 1.000000000000000000),
 ( 0.9207447359872726889, 0.8109470909183151832, 1.000000000000000000),
 ( 0.9201526484924589244, 0.8095347448146238412, 1.000000000000000000),
 ( 0.9199460762216984389, 0.8090419940906263818, 1.000000000000000000),
 ( 0.9199440144151866949, 0.8090370759249515542, 1.000000000000000000),
 ( 0.9201558043807389620, 0.8095422727670884555, 1.000000000000000000),
 ( 0.9209372648332352362, 0.8114063429170914610, 1.000000000000000000),
 ( 0.9215036429204266355, 0.8127573626424996478, 1.000000000000000000),
 ( 0.9228731462395782792, 0.8160241309727529480, 1.000000000000000000),
 ( 0.9236553766638069263, 0.8178900377880892192, 1.000000000000000000),
 ( 0.9252230721911007816, 0.8216295673156380763, 1.000000000000000000),
 ( 0.9260173821418513640, 0.8235242882376175855, 1.000000000000000000),
 ( 0.9266987891288892554, 0.8251496941304981014, 1.000000000000000000) ) ) 
 REPRESENTATION_ITEM ( '' )  SURFACE ( )  );
#869 = ORIENTED_EDGE ( 'NONE', *, *, #2154, .T. ) ;
#870 = EDGE_CURVE ( 'NONE', #2289, #1064, #1698, .T. ) ;
#871 = CARTESIAN_POINT ( 'NONE',  ( 25.77026520415531508, -0.3988548966754998371, -8.929645380526574527 ) ) ;
#872 = VECTOR ( 'NONE', #1252, 1000.000000000000000 ) ;
#873 = VECTOR ( 'NONE', #1285, 1000.000000000000000 ) ;
#874 = CARTESIAN_POINT ( 'NONE',  ( -25.08590290245118481, 5.853755073370584761, -9.339527850354391703 ) ) ;
#875 = VECTOR ( 'NONE', #318, 1000.000000000000000 ) ;
#876 = CARTESIAN_POINT ( 'NONE',  ( 25.14999999999999147, 0.000000000000000000, -44.00000000000000000 ) ) ;
#877 = DIRECTION ( 'NONE',  ( 0.000000000000000000, -1.000000000000000000, 0.000000000000000000 ) ) ;
#878 = VECTOR ( 'NONE', #755, 1000.000000000000000 ) ;
#879 = ORIENTED_EDGE ( 'NONE', *, *, #607, .F. ) ;
#880 = LINE ( 'NONE', #1035, #1930 ) ;
#881 = VERTEX_POINT ( 'NONE', #114 ) ;
#882 = VECTOR ( 'NONE', #245, 1000.000000000000000 ) ;
#883 = CARTESIAN_POINT ( 'NONE',  ( -20.00000000000000000, -2.449293598294706119E-15, 0.000000000000000000 ) ) ;
#884 = CARTESIAN_POINT ( 'NONE',  ( 18.49999999999998934, 14.99999999999999822, -84.00099999999999056 ) ) ;
#885 = ORIENTED_EDGE ( 'NONE', *, *, #791, .F. ) ;
#886 = FACE_OUTER_BOUND ( 'NONE', #1587, .T. ) ;
#887 = ADVANCED_FACE ( 'NONE', ( #337, #1217 ), #2240, .F. ) ;
#888 = CARTESIAN_POINT ( 'NONE',  ( -34.64999999999999858, 0.000000000000000000, -44.00000000000000000 ) ) ;
#889 = CARTESIAN_POINT ( 'NONE',  ( 0.000000000000000000, -7.000000000000000000, 0.000000000000000000 ) ) ;
#890 = ORIENTED_EDGE ( 'NONE', *, *, #2100, .F. ) ;
#891 = CARTESIAN_POINT ( 'NONE',  ( 0.000000000000000000, 0.000000000000000000, -43.99999999999999289 ) ) ;
#892 = ORIENTED_EDGE ( 'NONE', *, *, #653, .T. ) ;
#893 = LINE ( 'NONE', #1588, #1083 ) ;
#894 = LINE ( 'NONE', #377, #652 ) ;
#895 = ORIENTED_EDGE ( 'NONE', *, *, #1240, .T. ) ;
#896 = CARTESIAN_POINT ( 'NONE',  ( 25.53860000139627573, -5.490234643404227732, -9.340596663393512245 ) ) ;
#897 = CARTESIAN_POINT ( 'NONE',  ( -24.85904820511490243, 3.047339296155092025, -8.920941628425341108 ) ) ;
#898 = EDGE_CURVE ( 'NONE', #2149, #962, #1299, .T. ) ;
#899 = DIRECTION ( 'NONE',  ( 1.000000000000000000, 0.000000000000000000, 0.000000000000000000 ) ) ;
#900 = ORIENTED_EDGE ( 'NONE', *, *, #2086, .F. ) ;
#901 = CYLINDRICAL_SURFACE ( 'NONE', #1852, 1.649999999999995248 ) ;
#902 = EDGE_LOOP ( 'NONE', ( #270, #675 ) ) ;
#903 = LINE ( 'NONE', #1598, #462 ) ;
#904 = ORIENTED_EDGE ( 'NONE', *, *, #407, .F. ) ;
#905 = VECTOR ( 'NONE', #627, 1000.000000000000000 ) ;
#906 = CIRCLE ( 'NONE', #204, 186.0813432835824415 ) ;
#907 = DIRECTION ( 'NONE',  ( 0.000000000000000000, 0.000000000000000000, 1.000000000000000000 ) ) ;
#908 = EDGE_CURVE ( 'NONE', #947, #1506, #1736, .T. ) ;
#909 = ORIENTED_EDGE ( 'NONE', *, *, #1045, .F. ) ;
#910 = VECTOR ( 'NONE', #850, 1000.000000000000000 ) ;
#911 = FACE_BOUND ( 'NONE', #1196, .T. ) ;
#912 = CARTESIAN_POINT ( 'NONE',  ( 25.15000000000001279, -49.99999999999999289, -39.99999999999999289 ) ) ;
#913 = AXIS2_PLACEMENT_3D ( 'NONE', #340, #2085, #186 ) ;
#914 = ADVANCED_FACE ( 'NONE', ( #1746 ), #124, .F. ) ;
#915 = ORIENTED_EDGE ( 'NONE', *, *, #1210, .T. ) ;
#916 = VECTOR ( 'NONE', #2222, 1000.000000000000000 ) ;
#917 = CARTESIAN_POINT ( 'NONE',  ( 25.15000000000000568, 49.99999999999999289, -43.99999999999999289 ) ) ;
#918 = CARTESIAN_POINT ( 'NONE',  ( -35.15000000000000568, 49.99999999999999289, -39.99999999999999289 ) ) ;
#919 = CARTESIAN_POINT ( 'NONE',  ( -35.15000000000000568, -7.000000000000000000, 4.000000000000007994 ) ) ;
#920 = CARTESIAN_POINT ( 'NONE',  ( 35.15000000000000568, -49.99999999999999289, -39.99999999999999289 ) ) ;
#921 = CARTESIAN_POINT ( 'NONE',  ( -25.15000000000000213, 0.2840094859237673464, -6.820741983343903136 ) ) ;
#922 = FACE_OUTER_BOUND ( 'NONE', #1801, .T. ) ;
#923 = ORIENTED_EDGE ( 'NONE', *, *, #738, .T. ) ;
#924 = ADVANCED_FACE ( 'NONE', ( #2287 ), #236, .F. ) ;
#925 = CARTESIAN_POINT ( 'NONE',  ( 27.46877427895779888, 2.706992524766830943, -9.290148808280930481 ) ) ;
#926 = EDGE_LOOP ( 'NONE', ( #968, #12, #1931, #374 ) ) ;
#927 = CARTESIAN_POINT ( 'NONE',  ( -25.15000000000000568, -7.000000000000000000, 0.000000000000000000 ) ) ;
#928 = CARTESIAN_POINT ( 'NONE',  ( 1.725000000000000755, 0.000000000000000000, 4.000000000000009770 ) ) ;
#929 = LINE ( 'NONE', #243, #2230 ) ;
#930 = CARTESIAN_POINT ( 'NONE',  ( -27.97384063076812666, -0.5535511628888857283, -9.264687178225312181 ) ) ;
#931 = EDGE_LOOP ( 'NONE', ( #844, #2195, #1000, #885 ) ) ;
#932 = EDGE_CURVE ( 'NONE', #1725, #2289, #1379, .T. ) ;
#933 = VERTEX_POINT ( 'NONE', #1182 ) ;
#934 = EDGE_LOOP ( 'NONE', ( #764, #1481, #1373, #809, #2151, #2145, #830, #895, #437, #1709, #662, #601, #749 ) ) ;
#935 = DIRECTION ( 'NONE',  ( 1.000000000000000000, 0.000000000000000000, 1.233437646870827251E-17 ) ) ;
#936 = CARTESIAN_POINT ( 'NONE',  ( 25.14999999999999147, 7.000000000000000000, 0.000000000000000000 ) ) ;
#937 = VECTOR ( 'NONE', #1650, 1000.000000000000000 ) ;
#938 = CARTESIAN_POINT ( 'NONE',  ( 15.14999999999999147, -20.00000000000000711, 4.000000000000007994 ) ) ;
#939 = VECTOR ( 'NONE', #1133, 1000.000000000000000 ) ;
#940 = ORIENTED_EDGE ( 'NONE', *, *, #1902, .T. ) ;
#941 = CIRCLE ( 'NONE', #2040, 1.699999999999989742 ) ;
#942 = CARTESIAN_POINT ( 'NONE',  ( 27.44880575131705314, -2.713302891160700447, -9.290506271523096160 ) ) ;
#943 = ORIENTED_EDGE ( 'NONE', *, *, #2231, .F. ) ;
#944 = AXIS2_PLACEMENT_3D ( 'NONE', #1869, #1465, #794 ) ;
#945 = CIRCLE ( 'NONE', #241, 186.0813432835824415 ) ;
#946 = EDGE_CURVE ( 'NONE', #771, #200, #1879, .T. ) ;
#947 = VERTEX_POINT ( 'NONE', #1713 ) ;
#948 = PLANE ( 'NONE',  #1989 ) ;
#949 = DIRECTION ( 'NONE',  ( 0.000000000000000000, 0.000000000000000000, -1.000000000000000000 ) ) ;
#950 = CARTESIAN_POINT ( 'NONE',  ( -35.14999999999999858, 0.000000000000000000, -44.00000000000000000 ) ) ;
#951 = ORIENTED_EDGE ( 'NONE', *, *, #1750, .F. ) ;
#952 = CARTESIAN_POINT ( 'NONE',  ( 34.74335528934889794, 0.000000000000000000, -44.00000000000000000 ) ) ;
#953 = DIRECTION ( 'NONE',  ( 0.000000000000000000, 0.000000000000000000, 1.000000000000000000 ) ) ;
#954 = VERTEX_POINT ( 'NONE', #1072 ) ;
#955 = ORIENTED_EDGE ( 'NONE', *, *, #1775, .F. ) ;
#956 = DIRECTION ( 'NONE',  ( 0.000000000000000000, 0.000000000000000000, -1.000000000000000000 ) ) ;
#957 = EDGE_CURVE ( 'NONE', #757, #1154, #1566, .T. ) ;
#958 = CARTESIAN_POINT ( 'NONE',  ( 20.14999999999999147, -15.00000000000000711, 0.000000000000000000 ) ) ;
#959 = CARTESIAN_POINT ( 'NONE',  ( 25.14999999999999147, 0.2840094859239379321, -6.820741983343942216 ) ) ;
#960 = DIRECTION ( 'NONE',  ( -0.002067973954322527980, 0.000000000000000000, -0.9999978617395761660 ) ) ;
#961 = DIRECTION ( 'NONE',  ( 0.000000000000000000, 0.000000000000000000, -1.000000000000000000 ) ) ;
#962 = VERTEX_POINT ( 'NONE', #1089 ) ;
#963 = DIRECTION ( 'NONE',  ( -0.000000000000000000, -0.000000000000000000, 1.000000000000000000 ) ) ;
#964 = CARTESIAN_POINT ( 'NONE',  ( 35.14999999999998437, 0.000000000000000000, -44.00000000000000000 ) ) ;
#965 = ORIENTED_EDGE ( 'NONE', *, *, #971, .F. ) ;
#966 = CARTESIAN_POINT ( 'NONE',  ( 25.14999999999999147, -20.00000000000000711, -41.23105625617661474 ) ) ;
#967 = LINE ( 'NONE', #1532, #1821 ) ;
#968 = ORIENTED_EDGE ( 'NONE', *, *, #1688, .F. ) ;
#969 = CARTESIAN_POINT ( 'NONE',  ( -31.80000000000000071, -45.00000000000000000, 4.001000000000011880 ) ) ;
#970 = CLOSED_SHELL ( 'NONE', ( #1539, #503, #1754, #1802, #914, #1050, #1885, #1075, #2236, #1198, #1001, #1674, #622, #924, #329, #456, #1813, #710, #60, #4, #697, #298, #637, #2191, #123, #2024, #157, #139, #187, #471, #1594, #1772, #668, #1352, #1173, #806, #1185, #672, #422, #1152, #1618, #2251, #1507, #2143, #1569, #1621, #314, #2142, #532, #602, #1662, #237, #9, #1646, #2292, #77, #2069, #887, #1765, #74, #1332, #397, #1504 ) ) ;
#971 = EDGE_CURVE ( 'NONE', #1008, #1939, #735, .T. ) ;
#972 = CARTESIAN_POINT ( 'NONE',  ( -35.15000000000000568, 7.000000000000000000, -5.999999999999977796 ) ) ;
#973 = FACE_BOUND ( 'NONE', #70, .T. ) ;
#974 = ORIENTED_EDGE ( 'NONE', *, *, #1272, .F. ) ;
#975 = VECTOR ( 'NONE', #2052, 999.9999999999998863 ) ;
#976 = EDGE_CURVE ( 'NONE', #573, #659, #1446, .T. ) ;
#977 = CARTESIAN_POINT ( 'NONE',  ( 27.91022456011161879, -1.104132988706077123, -9.268251902394206709 ) ) ;
#978 = AXIS2_PLACEMENT_3D ( 'NONE', #1661, #1498, #2183 ) ;
#979 = DIRECTION ( 'NONE',  ( 0.000000000000000000, 0.000000000000000000, -1.000000000000000000 ) ) ;
#980 = ORIENTED_EDGE ( 'NONE', *, *, #837, .T. ) ;
#981 = VECTOR ( 'NONE', #373, 1000.000000000000000 ) ;
#982 = SURFACE_STYLE_USAGE ( .BOTH. , #1330 ) ;
#983 = AXIS2_PLACEMENT_3D ( 'NONE', #679, #1048, #846 ) ;
#984 = VECTOR ( 'NONE', #99, 1000.000000000000000 ) ;
#985 = ORIENTED_EDGE ( 'NONE', *, *, #2173, .T. ) ;
#986 = DIRECTION ( 'NONE',  ( -0.000000000000000000, -0.000000000000000000, 1.000000000000000000 ) ) ;
#987 = CARTESIAN_POINT ( 'NONE',  ( -25.15000000000000568, 0.000000000000000000, -44.00000000000000000 ) ) ;
#988 = ORIENTED_EDGE ( 'NONE', *, *, #777, .T. ) ;
#989 = DIRECTION ( 'NONE',  ( 1.000000000000000000, 0.000000000000000000, 0.000000000000000000 ) ) ;
#990 = DIRECTION ( 'NONE',  ( -1.000000000000000000, 0.000000000000000000, 0.000000000000000000 ) ) ;
#991 = ORIENTED_EDGE ( 'NONE', *, *, #1474, .T. ) ;
#992 = EDGE_CURVE ( 'NONE', #565, #1981, #1942, .T. ) ;
#993 =( NAMED_UNIT ( * ) SI_UNIT ( $, .STERADIAN. ) SOLID_ANGLE_UNIT ( ) );
#994 = ORIENTED_EDGE ( 'NONE', *, *, #2100, .T. ) ;
#995 = CARTESIAN_POINT ( 'NONE',  ( 30.15000000000000568, 45.00000000000000000, 4.001000000000011880 ) ) ;
#996 = CARTESIAN_POINT ( 'NONE',  ( 25.14999999999999147, 7.000000000000000000, -4.617262664969562280 ) ) ;
#997 = VERTEX_POINT ( 'NONE', #2147 ) ;
#998 = LINE ( 'NONE', #1577, #1260 ) ;
#999 = CARTESIAN_POINT ( 'NONE',  ( 25.14999999999999147, 35.14258062710084829, -44.00000000000000000 ) ) ;
#1000 = ORIENTED_EDGE ( 'NONE', *, *, #2057, .T. ) ;
#1001 = ADVANCED_FACE ( 'NONE', ( #2297 ), #1892, .F. ) ;
#1002 = DIRECTION ( 'NONE',  ( -0.000000000000000000, -0.000000000000000000, 1.000000000000000000 ) ) ;
#1003 = ORIENTED_EDGE ( 'NONE', *, *, #346, .F. ) ;
#1004 = EDGE_CURVE ( 'NONE', #369, #2264, #903, .T. ) ;
#1005 = CARTESIAN_POINT ( 'NONE',  ( -21.72500000000000142, -2.238042025441787357E-15, 4.000000000000009770 ) ) ;
#1006 = DIRECTION ( 'NONE',  ( -1.000000000000000000, 0.000000000000000000, 0.000000000000000000 ) ) ;
#1007 = PLANE ( 'NONE',  #2158 ) ;
#1008 = VERTEX_POINT ( 'NONE', #396 ) ;
#1009 = PLANE ( 'NONE',  #2074 ) ;
#1010 = CIRCLE ( 'NONE', #1191, 0.4999999999999796274 ) ;
#1011 = DIRECTION ( 'NONE',  ( -0.000000000000000000, -0.000000000000000000, -1.000000000000000000 ) ) ;
#1012 = CARTESIAN_POINT ( 'NONE',  ( 35.14999999999999147, 39.79949748426479772, -39.99999999999999289 ) ) ;
#1013 = AXIS2_PLACEMENT_3D ( 'NONE', #1429, #2138, #2286 ) ;
#1014 = ORIENTED_EDGE ( 'NONE', *, *, #199, .T. ) ;
#1015 = VECTOR ( 'NONE', #1908, 1000.000000000000000 ) ;
#1016 = AXIS2_PLACEMENT_3D ( 'NONE', #1495, #2227, #796 ) ;
#1017 = EDGE_CURVE ( 'NONE', #659, #757, #820, .T. ) ;
#1018 = AXIS2_PLACEMENT_3D ( 'NONE', #658, #1037, #828 ) ;
#1019 = LINE ( 'NONE', #517, #1706 ) ;
#1020 = CIRCLE ( 'NONE', #2005, 1.699999999999987965 ) ;
#1021 = EDGE_CURVE ( 'NONE', #2106, #552, #370, .T. ) ;
#1022 = DIRECTION ( 'NONE',  ( 1.000000000000000000, 0.000000000000000000, 0.000000000000000000 ) ) ;
#1023 = VECTOR ( 'NONE', #591, 1000.000000000000000 ) ;
#1024 = DIRECTION ( 'NONE',  ( -0.000000000000000000, -1.000000000000000000, -0.000000000000000000 ) ) ;
#1025 = ORIENTED_EDGE ( 'NONE', *, *, #1239, .T. ) ;
#1026 = CARTESIAN_POINT ( 'NONE',  ( -27.65602569451321457, -2.184073356957884293, -9.281061732250984520 ) ) ;
#1027 = PLANE ( 'NONE',  #1266 ) ;
#1028 = ORIENTED_EDGE ( 'NONE', *, *, #1946, .F. ) ;
#1029 = DIRECTION ( 'NONE',  ( -1.000000000000000000, 0.000000000000000000, 0.000000000000000000 ) ) ;
#1030 = DIRECTION ( 'NONE',  ( -1.000000000000000000, -0.000000000000000000, -0.000000000000000000 ) ) ;
#1031 = DIRECTION ( 'NONE',  ( -0.000000000000000000, -0.000000000000000000, 1.000000000000000000 ) ) ;
#1032 = EDGE_CURVE ( 'NONE', #556, #1366, #893, .T. ) ;
#1033 = DIRECTION ( 'NONE',  ( -1.000000000000000000, 0.000000000000000000, 0.000000000000000000 ) ) ;
#1034 = ORIENTED_EDGE ( 'NONE', *, *, #527, .T. ) ;
#1035 = CARTESIAN_POINT ( 'NONE',  ( -35.15000000000000568, -7.000000000000000000, 4.000000000000007994 ) ) ;
#1036 = DIRECTION ( 'NONE',  ( -0.000000000000000000, 0.000000000000000000, -1.000000000000000000 ) ) ;
#1037 = DIRECTION ( 'NONE',  ( 0.000000000000000000, 0.000000000000000000, -1.000000000000000000 ) ) ;
#1038 = VERTEX_POINT ( 'NONE', #1410 ) ;
#1039 = CARTESIAN_POINT ( 'NONE',  ( 27.91027120924560734, -1.103002202427401324, -9.268247965922084219 ) ) ;
#1040 = CARTESIAN_POINT ( 'NONE',  ( 27.97384063076929195, 1.512398059105547863E-11, -9.264687178225262443 ) ) ;
#1041 = DIRECTION ( 'NONE',  ( -1.000000000000000000, 0.000000000000000000, 0.000000000000000000 ) ) ;
#1042 = DIRECTION ( 'NONE',  ( -1.000000000000000000, 3.469446951953615175E-16, 0.000000000000000000 ) ) ;
#1043 = VERTEX_POINT ( 'NONE', #1245 ) ;
#1044 = DIRECTION ( 'NONE',  ( -1.000000000000000000, 0.000000000000000000, 0.000000000000000000 ) ) ;
#1045 = EDGE_CURVE ( 'NONE', #1091, #164, #906, .T. ) ;
#1046 = ORIENTED_EDGE ( 'NONE', *, *, #346, .T. ) ;
#1047 = DIRECTION ( 'NONE',  ( 0.000000000000000000, 0.000000000000000000, -1.000000000000000000 ) ) ;
#1048 = DIRECTION ( 'NONE',  ( -0.000000000000000000, -0.000000000000000000, -1.000000000000000000 ) ) ;
#1049 = ORIENTED_EDGE ( 'NONE', *, *, #1074, .T. ) ;
#1050 = ADVANCED_FACE ( 'NONE', ( #1486 ), #767, .F. ) ;
#1051 = CARTESIAN_POINT ( 'NONE',  ( 25.59788202601662377, -1.381187688846204686, -8.928915454630484305 ) ) ;
#1052 = AXIS2_PLACEMENT_3D ( 'NONE', #1215, #1059, #724 ) ;
#1053 = AXIS2_PLACEMENT_3D ( 'NONE', #950, #228, #1985 ) ;
#1054 = CARTESIAN_POINT ( 'NONE',  ( -23.64314328418591771, 3.633610603567010600, -6.867465350624931908 ) ) ;
#1055 = CIRCLE ( 'NONE', #758, 186.0813432835824415 ) ;
#1056 = DIRECTION ( 'NONE',  ( 0.000000000000000000, 0.000000000000000000, -1.000000000000000000 ) ) ;
#1057 = AXIS2_PLACEMENT_3D ( 'NONE', #447, #990, #1677 ) ;
#1058 = EDGE_LOOP ( 'NONE', ( #890, #915, #1409, #1345 ) ) ;
#1059 = DIRECTION ( 'NONE',  ( -0.000000000000000000, -0.000000000000000000, 1.000000000000000000 ) ) ;
#1060 = VERTEX_POINT ( 'NONE', #754 ) ;
#1061 = AXIS2_PLACEMENT_3D ( 'NONE', #1589, #1246, #2148 ) ;
#1062 = CARTESIAN_POINT ( 'NONE',  ( -18.27499999999999858, -2.449293598294706119E-15, 4.000000000000009770 ) ) ;
#1063 = CARTESIAN_POINT ( 'NONE',  ( -25.15000000000000568, 0.000000000000000000, -44.00000000000000000 ) ) ;
#1064 = VERTEX_POINT ( 'NONE', #1472 ) ;
#1065 = CARTESIAN_POINT ( 'NONE',  ( 23.74033231693636736, -4.300822766274381870, -8.891593358919275047 ) ) ;
#1066 = EDGE_CURVE ( 'NONE', #482, #1247, #1103, .T. ) ;
#1067 = CARTESIAN_POINT ( 'NONE',  ( -25.15000000000000568, -7.000000000000000000, -4.617262664969562280 ) ) ;
#1068 = CARTESIAN_POINT ( 'NONE',  ( -35.15000000000000568, 7.000000000000000000, 4.000000000000007994 ) ) ;
#1069 = EDGE_LOOP ( 'NONE', ( #2101, #1597, #778, #1864, #592 ) ) ;
#1070 = CARTESIAN_POINT ( 'NONE',  ( -30.14999999999999858, -45.00000000000000000, -43.99999999999999289 ) ) ;
#1071 = ORIENTED_EDGE ( 'NONE', *, *, #1425, .T. ) ;
#1072 = CARTESIAN_POINT ( 'NONE',  ( 35.14999999999999147, 7.000000000000000000, -4.617262664969562280 ) ) ;
#1073 = ORIENTED_EDGE ( 'NONE', *, *, #2133, .F. ) ;
#1074 = EDGE_CURVE ( 'NONE', #643, #1910, #244, .T. ) ;
#1075 = ADVANCED_FACE ( 'NONE', ( #801 ), #1820, .F. ) ;
#1076 = CARTESIAN_POINT ( 'NONE',  ( -34.74335528934891215, 0.000000000000000000, -44.00000000000000000 ) ) ;
#1077 = EDGE_LOOP ( 'NONE', ( #1028, #2226 ) ) ;
#1078 = CARTESIAN_POINT ( 'NONE',  ( 25.14999999999999147, 7.000000000000000000, -5.999999999999991118 ) ) ;
#1079 = DIRECTION ( 'NONE',  ( 0.000000000000000000, 0.000000000000000000, 1.000000000000000000 ) ) ;
#1080 = CARTESIAN_POINT ( 'NONE',  ( 25.15000000000001279, -49.99999999999999289, -39.99999999999999289 ) ) ;
#1081 = ORIENTED_EDGE ( 'NONE', *, *, #762, .T. ) ;
#1082 = VECTOR ( 'NONE', #1362, 1000.000000000000000 ) ;
#1083 = VECTOR ( 'NONE', #714, 1000.000000000000000 ) ;
#1084 = DIRECTION ( 'NONE',  ( -1.000000000000000000, 0.000000000000000000, 0.000000000000000000 ) ) ;
#1085 = EDGE_CURVE ( 'NONE', #334, #242, #1461, .T. ) ;
#1086 = FACE_OUTER_BOUND ( 'NONE', #463, .T. ) ;
#1087 = AXIS2_PLACEMENT_3D ( 'NONE', #987, #1684, #480 ) ;
#1088 = DIRECTION ( 'NONE',  ( -1.000000000000000000, 0.000000000000000000, 0.000000000000000000 ) ) ;
#1089 = CARTESIAN_POINT ( 'NONE',  ( -35.14999999999999858, 0.000000000000000000, -10.91345476208032572 ) ) ;
#1090 = CARTESIAN_POINT ( 'NONE',  ( 35.17067978376198312, -7.000000000000000000, 4.000000000000008882 ) ) ;
#1091 = VERTEX_POINT ( 'NONE', #1450 ) ;
#1092 = AXIS2_PLACEMENT_3D ( 'NONE', #1804, #451, #1149 ) ;
#1093 = LINE ( 'NONE', #1161, #279 ) ;
#1094 = LINE ( 'NONE', #928, #117 ) ;
#1095 = LINE ( 'NONE', #786, #41 ) ;
#1096 = EDGE_CURVE ( 'NONE', #701, #167, #685, .T. ) ;
#1097 = CARTESIAN_POINT ( 'NONE',  ( -25.15000000000000568, 0.5403236968903123438, -6.898097600401221108 ) ) ;
#1098 = VERTEX_POINT ( 'NONE', #1651 ) ;
#1099 = VERTEX_POINT ( 'NONE', #1130 ) ;
#1100 = ORIENTED_EDGE ( 'NONE', *, *, #361, .F. ) ;
#1101 = ORIENTED_EDGE ( 'NONE', *, *, #992, .F. ) ;
#1102 = DIRECTION ( 'NONE',  ( -1.000000000000000000, -0.000000000000000000, -0.000000000000000000 ) ) ;
#1103 = LINE ( 'NONE', #268, #388 ) ;
#1104 = DIRECTION ( 'NONE',  ( 0.000000000000000000, 1.000000000000000000, 0.000000000000000000 ) ) ;
#1105 = EDGE_LOOP ( 'NONE', ( #1468, #1678, #295, #1488 ) ) ;
#1106 = EDGE_CURVE ( 'NONE', #1826, #666, #2162, .T. ) ;
#1107 = CARTESIAN_POINT ( 'NONE',  ( -25.15000000000000924, 5.801753405944154451, -9.339638914908871214 ) ) ;
#1108 = CARTESIAN_POINT ( 'NONE',  ( 25.77069790581170139, 0.3928580655220637596, -8.929646750065259653 ) ) ;
#1109 = VERTEX_POINT ( 'NONE', #433 ) ;
#1110 = EDGE_CURVE ( 'NONE', #954, #242, #1833, .T. ) ;
#1111 = ORIENTED_EDGE ( 'NONE', *, *, #177, .T. ) ;
#1112 = CIRCLE ( 'NONE', #385, 1.650000000000002132 ) ;
#1113 = FACE_OUTER_BOUND ( 'NONE', #1069, .T. ) ;
#1114 = CARTESIAN_POINT ( 'NONE',  ( 25.14999999999999147, 0.000000000000000000, -44.00000000000000000 ) ) ;
#1115 = AXIS2_PLACEMENT_3D ( 'NONE', #55, #1824, #1337 ) ;
#1116 = DIRECTION ( 'NONE',  ( -0.000000000000000000, -0.000000000000000000, 1.000000000000000000 ) ) ;
#1117 = AXIS2_PLACEMENT_3D ( 'NONE', #952, #619, #2214 ) ;
#1118 = ORIENTED_EDGE ( 'NONE', *, *, #2038, .F. ) ;
#1119 = AXIS2_PLACEMENT_3D ( 'NONE', #1560, #1359, #811 ) ;
#1120 = CARTESIAN_POINT ( 'NONE',  ( 25.58088732189673564, -5.448574824814886419, -9.340114837553631588 ) ) ;
#1121 = CARTESIAN_POINT ( 'NONE',  ( -25.15000000000000568, 7.000000000000000000, 0.000000000000000000 ) ) ;
#1122 = ORIENTED_EDGE ( 'NONE', *, *, #47, .F. ) ;
#1123 = CIRCLE ( 'NONE', #390, 186.0813432835824415 ) ;
#1124 = CARTESIAN_POINT ( 'NONE',  ( -27.91027120924560734, 1.103002202427451506, -9.268247965922059350 ) ) ;
#1125 = AXIS2_PLACEMENT_3D ( 'NONE', #1652, #64, #2003 ) ;
#1126 = EDGE_CURVE ( 'NONE', #1644, #1759, #2201, .T. ) ;
#1127 = ORIENTED_EDGE ( 'NONE', *, *, #1323, .F. ) ;
#1128 = CARTESIAN_POINT ( 'NONE',  ( 25.14999999999999147, -7.000000000000000000, 0.000000000000000000 ) ) ;
#1129 = CARTESIAN_POINT ( 'NONE',  ( 25.14999999999999503, 0.5403236968904489013, -6.898097600401239760 ) ) ;
#1130 = CARTESIAN_POINT ( 'NONE',  ( 15.14999999999998970, 7.000000000000000000, 4.000000000000008882 ) ) ;
#1131 = CARTESIAN_POINT ( 'NONE',  ( 28.50000000000000711, 45.00000000000000000, 4.001000000000011880 ) ) ;
#1132 = ORIENTED_EDGE ( 'NONE', *, *, #1828, .F. ) ;
#1133 = DIRECTION ( 'NONE',  ( 0.000000000000000000, 0.000000000000000000, -1.000000000000000000 ) ) ;
#1134 = DIRECTION ( 'NONE',  ( 0.000000000000000000, 0.000000000000000000, 1.000000000000000000 ) ) ;
#1135 = ORIENTED_EDGE ( 'NONE', *, *, #1980, .T. ) ;
#1136 = CARTESIAN_POINT ( 'NONE',  ( -24.83554361232160090, -1.779830927196336399, -6.816343656855742061 ) ) ;
#1137 = FACE_OUTER_BOUND ( 'NONE', #1898, .T. ) ;
#1138 = EDGE_CURVE ( 'NONE', #1829, #96, #776, .T. ) ;
#1139 = EDGE_LOOP ( 'NONE', ( #2095, #1046, #1712, #1270 ) ) ;
#1140 = CARTESIAN_POINT ( 'NONE',  ( -35.15000000000000568, 7.000000000000000000, 4.000000000000007994 ) ) ;
#1141 = FACE_OUTER_BOUND ( 'NONE', #1105, .T. ) ;
#1142 = EDGE_CURVE ( 'NONE', #128, #962, #2036, .T. ) ;
#1143 = FACE_OUTER_BOUND ( 'NONE', #763, .T. ) ;
#1144 = ORIENTED_EDGE ( 'NONE', *, *, #1223, .T. ) ;
#1145 = CARTESIAN_POINT ( 'NONE',  ( 2.081668171172168513E-14, 0.000000000000000000, -44.00000000000000000 ) ) ;
#1146 = ORIENTED_EDGE ( 'NONE', *, *, #1724, .F. ) ;
#1147 = DIRECTION ( 'NONE',  ( -0.000000000000000000, -0.000000000000000000, 1.000000000000000000 ) ) ;
#1148 = ORIENTED_EDGE ( 'NONE', *, *, #1021, .F. ) ;
#1149 = DIRECTION ( 'NONE',  ( 1.000000000000000000, 0.000000000000000000, 0.000000000000000000 ) ) ;
#1150 = DIRECTION ( 'NONE',  ( -1.000000000000000000, 0.000000000000000000, 0.000000000000000000 ) ) ;
#1151 = FACE_OUTER_BOUND ( 'NONE', #360, .T. ) ;
#1152 = ADVANCED_FACE ( 'NONE', ( #1275 ), #1977, .F. ) ;
#1153 = CARTESIAN_POINT ( 'NONE',  ( -25.15000000000000568, 49.99999999999999289, -43.99999999999999289 ) ) ;
#1154 = VERTEX_POINT ( 'NONE', #2211 ) ;
#1155 = VECTOR ( 'NONE', #227, 1000.000000000000000 ) ;
#1156 = CARTESIAN_POINT ( 'NONE',  ( -25.15000000000000568, 0.000000000000000000, -44.00000000000000000 ) ) ;
#1157 = VECTOR ( 'NONE', #1011, 1000.000000000000000 ) ;
#1158 = DIRECTION ( 'NONE',  ( -0.000000000000000000, -0.000000000000000000, 1.000000000000000000 ) ) ;
#1159 = ORIENTED_EDGE ( 'NONE', *, *, #1976, .T. ) ;
#1160 = VECTOR ( 'NONE', #1056, 1000.000000000000000 ) ;
#1161 = CARTESIAN_POINT ( 'NONE',  ( -35.15000000000000568, 36.00000000000000000, -39.99999999999999289 ) ) ;
#1162 = VECTOR ( 'NONE', #1322, 1000.000000000000000 ) ;
#1163 = CIRCLE ( 'NONE', #1125, 33.57775271948984397 ) ;
#1164 = ORIENTED_EDGE ( 'NONE', *, *, #197, .T. ) ;
#1165 = LINE ( 'NONE', #72, #3 ) ;
#1166 = CARTESIAN_POINT ( 'NONE',  ( -25.97142790520280187, 5.055986531407071993, -9.335122066512843375 ) ) ;
#1167 = DIRECTION ( 'NONE',  ( -0.000000000000000000, 1.000000000000000000, 0.000000000000000000 ) ) ;
#1168 = ORIENTED_EDGE ( 'NONE', *, *, #364, .F. ) ;
#1169 = EDGE_CURVE ( 'NONE', #1700, #1321, #45, .T. ) ;
#1170 = CARTESIAN_POINT ( 'NONE',  ( 25.14999999999999147, -7.000000000000000000, 0.000000000000000000 ) ) ;
#1171 = DIRECTION ( 'NONE',  ( 0.000000000000000000, -0.000000000000000000, 1.000000000000000000 ) ) ;
#1172 = ORIENTED_EDGE ( 'NONE', *, *, #1425, .F. ) ;
#1173 = ADVANCED_FACE ( 'NONE', ( #1143 ), #1843, .T. ) ;
#1174 = CARTESIAN_POINT ( 'NONE',  ( 0.000000000000000000, 0.000000000000000000, 4.000000000000009770 ) ) ;
#1175 = VERTEX_POINT ( 'NONE', #454 ) ;
#1176 = CARTESIAN_POINT ( 'NONE',  ( -35.14999999999998437, -33.08654523791967250, -44.00000000000000000 ) ) ;
#1177 = CARTESIAN_POINT ( 'NONE',  ( -27.97384063076929195, -1.511897087251819305E-11, -9.264687178225289088 ) ) ;
#1178 = LINE ( 'NONE', #1550, #17 ) ;
#1179 = PRODUCT_DEFINITION_SHAPE ( 'NONE', 'NONE',  #1763 ) ;
#1180 = EDGE_LOOP ( 'NONE', ( #264, #1555, #1536, #1579 ) ) ;
#1181 = CARTESIAN_POINT ( 'NONE',  ( -27.90924161346253385, -1.106982318146335409, -9.268299182482930831 ) ) ;
#1182 = CARTESIAN_POINT ( 'NONE',  ( 15.14999999999999503, 7.000000000000000000, 0.000000000000000000 ) ) ;
#1183 = DIRECTION ( 'NONE',  ( 0.000000000000000000, 0.000000000000000000, 1.000000000000000000 ) ) ;
#1184 = ORIENTED_EDGE ( 'NONE', *, *, #581, .T. ) ;
#1185 = ADVANCED_FACE ( 'NONE', ( #1151 ), #282, .T. ) ;
#1186 = EDGE_LOOP ( 'NONE', ( #111, #1529, #1837, #435 ) ) ;
#1187 = DIRECTION ( 'NONE',  ( -0.000000000000000000, -0.000000000000000000, -1.000000000000000000 ) ) ;
#1188 = DIRECTION ( 'NONE',  ( 0.000000000000000000, 0.000000000000000000, -1.000000000000000000 ) ) ;
#1189 = EDGE_LOOP ( 'NONE', ( #1590, #773 ) ) ;
#1190 = CARTESIAN_POINT ( 'NONE',  ( -27.71840713193776651, 1.918524418268037657, -9.277917253080936177 ) ) ;
#1191 = AXIS2_PLACEMENT_3D ( 'NONE', #36, #1983, #1648 ) ;
#1192 = VERTEX_POINT ( 'NONE', #149 ) ;
#1193 = DIRECTION ( 'NONE',  ( 1.000000000000000000, 0.000000000000000000, 0.000000000000000000 ) ) ;
#1194 = LINE ( 'NONE', #2277, #239 ) ;
#1195 = CIRCLE ( 'NONE', #570, 186.0813432835824415 ) ;
#1196 = EDGE_LOOP ( 'NONE', ( #2274, #1873 ) ) ;
#1197 = CIRCLE ( 'NONE', #2276, 1.649999999999998579 ) ;
#1198 = ADVANCED_FACE ( 'NONE', ( #98 ), #1371, .F. ) ;
#1199 = CIRCLE ( 'NONE', #207, 1.725000000000000755 ) ;
#1200 = FACE_OUTER_BOUND ( 'NONE', #1972, .T. ) ;
#1201 = EDGE_CURVE ( 'NONE', #1506, #200, #1487, .T. ) ;
#1202 = CARTESIAN_POINT ( 'NONE',  ( 35.14999999999999147, -7.000000000000000000, -4.617262664969562280 ) ) ;
#1203 = DIRECTION ( 'NONE',  ( 0.000000000000000000, 0.000000000000000000, -1.000000000000000000 ) ) ;
#1204 = VERTEX_POINT ( 'NONE', #1202 ) ;
#1205 = LINE ( 'NONE', #1906, #975 ) ;
#1206 = DIRECTION ( 'NONE',  ( 1.000000000000000000, 0.000000000000000000, 0.000000000000000000 ) ) ;
#1207 = CARTESIAN_POINT ( 'NONE',  ( 15.14999999999999147, -6.999999999999999112, 4.000000000000007994 ) ) ;
#1208 = ORIENTED_EDGE ( 'NONE', *, *, #2043, .F. ) ;
#1209 = CARTESIAN_POINT ( 'NONE',  ( 35.14999999999999147, -7.000000000000000000, -5.999999999999992006 ) ) ;
#1210 = EDGE_CURVE ( 'NONE', #371, #429, #2063, .T. ) ;
#1211 = CARTESIAN_POINT ( 'NONE',  ( 27.65294709633795733, 2.193778061960380832, -9.281211108871341153 ) ) ;
#1212 = CARTESIAN_POINT ( 'NONE',  ( 20.14999999999998792, 14.99999999999999822, 0.000000000000000000 ) ) ;
#1213 = EDGE_CURVE ( 'NONE', #1247, #1268, #2247, .T. ) ;
#1214 = EDGE_LOOP ( 'NONE', ( #1862, #401, #1232, #103, #671, #2229 ) ) ;
#1215 = CARTESIAN_POINT ( 'NONE',  ( -20.00000000000000000, -2.449293598294706119E-15, 4.000000000000009770 ) ) ;
#1216 = ORIENTED_EDGE ( 'NONE', *, *, #1799, .T. ) ;
#1217 = FACE_OUTER_BOUND ( 'NONE', #409, .T. ) ;
#1218 = CARTESIAN_POINT ( 'NONE',  ( -35.15000000000000568, -7.000000000000000000, 4.000000000000007994 ) ) ;
#1219 = ORIENTED_EDGE ( 'NONE', *, *, #2010, .T. ) ;
#1220 = CARTESIAN_POINT ( 'NONE',  ( 24.52087986523212493, -2.446547072170410786, -6.835988633154111760 ) ) ;
#1221 = DIRECTION ( 'NONE',  ( -1.000000000000000000, 0.000000000000000000, 0.000000000000000000 ) ) ;
#1222 = ORIENTED_EDGE ( 'NONE', *, *, #1691, .F. ) ;
#1223 = EDGE_CURVE ( 'NONE', #824, #1986, #1753, .T. ) ;
#1224 = CARTESIAN_POINT ( 'NONE',  ( -25.96575694902219311, -5.040371258149795253, -9.334395865231826406 ) ) ;
#1225 = DIRECTION ( 'NONE',  ( 1.000000000000000000, 0.000000000000000000, 0.000000000000000000 ) ) ;
#1226 = ORIENTED_EDGE ( 'NONE', *, *, #2038, .T. ) ;
#1227 = VECTOR ( 'NONE', #1975, 1000.000000000000000 ) ;
#1228 = CARTESIAN_POINT ( 'NONE',  ( -26.64925305697146030, 4.190283481849270686, -9.319499246245582569 ) ) ;
#1229 = CARTESIAN_POINT ( 'NONE',  ( 35.14999999999999147, 0.000000000000000000, -44.00000000000000000 ) ) ;
#1230 = CARTESIAN_POINT ( 'NONE',  ( 1.699999999999987965, 0.000000000000000000, 3.971240789819492800 ) ) ;
#1231 = CIRCLE ( 'NONE', #1342, 1.650000000000002132 ) ;
#1232 = ORIENTED_EDGE ( 'NONE', *, *, #1259, .F. ) ;
#1233 = CARTESIAN_POINT ( 'NONE',  ( 25.14999999999999147, 5.801753405944162445, -9.339638914908899636 ) ) ;
#1234 = ORIENTED_EDGE ( 'NONE', *, *, #1201, .F. ) ;
#1235 = CIRCLE ( 'NONE', #1061, 1.650000000000002132 ) ;
#1236 = CARTESIAN_POINT ( 'NONE',  ( 2.081668171172168513E-14, 149.2313432835825040, -44.00000000000000000 ) ) ;
#1237 = CARTESIAN_POINT ( 'NONE',  ( -35.15000000000000568, -49.99999999999999289, -39.99999999999999289 ) ) ;
#1238 = VERTEX_POINT ( 'NONE', #1903 ) ;
#1239 = EDGE_CURVE ( 'NONE', #1064, #1098, #519, .T. ) ;
#1240 = EDGE_CURVE ( 'NONE', #1769, #954, #648, .T. ) ;
#1241 = CARTESIAN_POINT ( 'NONE',  ( -24.75702580565284805, 1.952381659029175820, -6.821358568163820912 ) ) ;
#1242 = DIRECTION ( 'NONE',  ( 0.000000000000000000, 0.000000000000000000, 1.000000000000000000 ) ) ;
#1243 = ORIENTED_EDGE ( 'NONE', *, *, #452, .F. ) ;
#1244 = PLANE ( 'NONE',  #275 ) ;
#1245 = CARTESIAN_POINT ( 'NONE',  ( 18.49999999999998934, -15.00000000000000711, 4.000000000000007994 ) ) ;
#1246 = DIRECTION ( 'NONE',  ( 0.000000000000000000, 0.000000000000000000, 1.000000000000000000 ) ) ;
#1247 = VERTEX_POINT ( 'NONE', #2221 ) ;
#1248 = CARTESIAN_POINT ( 'NONE',  ( 24.36546262987665301, 3.712138075272664928, -8.911156337432695196 ) ) ;
#1249 = EDGE_CURVE ( 'NONE', #1154, #659, #474, .T. ) ;
#1250 = CARTESIAN_POINT ( 'NONE',  ( 28.50000000000000711, 45.00000000000000000, -43.99999999999999289 ) ) ;
#1251 = CARTESIAN_POINT ( 'NONE',  ( 2.081668171172168513E-14, 0.000000000000000000, -44.00000000000000000 ) ) ;
#1252 = DIRECTION ( 'NONE',  ( -1.000000000000000000, 0.000000000000000000, 0.000000000000000000 ) ) ;
#1253 = CARTESIAN_POINT ( 'NONE',  ( -25.15000000000000213, 3.317177577775386688, -8.463298200204453892 ) ) ;
#1254 = B_SPLINE_CURVE_WITH_KNOTS ( 'NONE', 3,
 ( #1233, #368, #1956, #1734, #152, #865, #1562, #2273, #2146, #1129, #959, #599, #1832, #1264, #414, #1806, #1968, #752, #1637, #2182, #2171, #766 ),
 .UNSPECIFIED., .F., .F.,
 ( 4, 2, 2, 2, 2, 2, 2, 2, 2, 2, 4 ),
 ( 1.563658610346375418E-17, 0.001579847519732080832, 0.003159695039464146052, 0.004739542559196213874, 0.005529466319062247351, 0.006319390078928280828, 0.007109313838794314305, 0.007899237598660348650, 0.008689161358526381260, 0.009479085118392417339, 0.01263878015785655645 ),
 .UNSPECIFIED. ) ;
#1255 = CARTESIAN_POINT ( 'NONE',  ( 28.50000000000001421, -45.00000000000000000, -39.99999999999999289 ) ) ;
#1256 = ORIENTED_EDGE ( 'NONE', *, *, #1213, .F. ) ;
#1257 = CARTESIAN_POINT ( 'NONE',  ( 24.83554361232135221, 1.779830927196476065, -6.816343656855900157 ) ) ;
#1258 = AXIS2_PLACEMENT_3D ( 'NONE', #2092, #345, #2112 ) ;
#1259 = EDGE_CURVE ( 'NONE', #655, #84, #2270, .T. ) ;
#1260 = VECTOR ( 'NONE', #678, 1000.000000000000000 ) ;
#1261 = PLANE ( 'NONE',  #2153 ) ;
#1262 = CARTESIAN_POINT ( 'NONE',  ( 15.14999999999999147, -20.00000000000000711, 4.000000000000007994 ) ) ;
#1263 = AXIS2_PLACEMENT_3D ( 'NONE', #537, #1766, #1242 ) ;
#1264 = CARTESIAN_POINT ( 'NONE',  ( 25.14999999999999147, -1.005873688782097153, -7.097292910347978712 ) ) ;
#1265 = CARTESIAN_POINT ( 'NONE',  ( -25.15000000000000568, -5.801753405944160669, -9.339638914908901413 ) ) ;
#1266 = AXIS2_PLACEMENT_3D ( 'NONE', #1063, #1761, #2241 ) ;
#1267 = DIRECTION ( 'NONE',  ( 0.000000000000000000, -1.000000000000000000, 0.000000000000000000 ) ) ;
#1268 = VERTEX_POINT ( 'NONE', #1385 ) ;
#1269 = CIRCLE ( 'NONE', #283, 1.699999999999989742 ) ;
#1270 = ORIENTED_EDGE ( 'NONE', *, *, #104, .F. ) ;
#1271 = ORIENTED_EDGE ( 'NONE', *, *, #1259, .T. ) ;
#1272 = EDGE_CURVE ( 'NONE', #486, #881, #1707, .T. ) ;
#1273 = DIRECTION ( 'NONE',  ( 0.000000000000000000, 0.000000000000000000, 1.000000000000000000 ) ) ;
#1274 = LINE ( 'NONE', #2161, #1227 ) ;
#1275 = FACE_OUTER_BOUND ( 'NONE', #1214, .T. ) ;
#1276 = EDGE_CURVE ( 'NONE', #556, #1060, #506, .T. ) ;
#1277 = CARTESIAN_POINT ( 'NONE',  ( 2.081668171172168513E-14, -149.2313432835825040, -44.00000000000000000 ) ) ;
#1278 = ORIENTED_EDGE ( 'NONE', *, *, #500, .F. ) ;
#1279 = CARTESIAN_POINT ( 'NONE',  ( 24.87035186992364899, 3.050903448303805998, -8.921568379728418208 ) ) ;
#1280 = ORIENTED_EDGE ( 'NONE', *, *, #372, .F. ) ;
#1281 = B_SPLINE_CURVE_WITH_KNOTS ( 'NONE', 3,
 ( #280, #1346, #1592, #188, #330, #178, #686, #1571, #1211, #2108, #137, #1040 ),
 .UNSPECIFIED., .F., .F.,
 ( 4, 2, 2, 2, 2, 4 ),
 ( 0.006013720735535386247, 0.006852806486466415242, 0.007691892237397445105, 0.009370063739259509167, 0.01104823524112157410, 0.01272640674298363903 ),
 .UNSPECIFIED. ) ;
#1282 = ORIENTED_EDGE ( 'NONE', *, *, #487, .F. ) ;
#1283 = CARTESIAN_POINT ( 'NONE',  ( -1.699999999999986189, 2.081899558550483516E-16, 0.000000000000000000 ) ) ;
#1284 = DIRECTION ( 'NONE',  ( 1.000000000000000000, 0.000000000000000000, 0.000000000000000000 ) ) ;
#1285 = DIRECTION ( 'NONE',  ( 0.000000000000000000, 0.000000000000000000, -1.000000000000000000 ) ) ;
#1286 = CARTESIAN_POINT ( 'NONE',  ( 25.15000000000001279, -36.00000000000000000, -39.99999999999999289 ) ) ;
#1287 = ORIENTED_EDGE ( 'NONE', *, *, #971, .T. ) ;
#1288 = EDGE_CURVE ( 'NONE', #1038, #96, #1732, .T. ) ;
#1289 = CYLINDRICAL_SURFACE ( 'NONE', #7, 39.99999999999999289 ) ;
#1290 = DIRECTION ( 'NONE',  ( 1.000000000000000000, -0.000000000000000000, -0.000000000000000000 ) ) ;
#1291 = ORIENTED_EDGE ( 'NONE', *, *, #1720, .F. ) ;
#1292 = CARTESIAN_POINT ( 'NONE',  ( -25.72797103900318305, 0.7915556377308696767, -8.929550320910120575 ) ) ;
#1293 = VECTOR ( 'NONE', #2210, 1000.000000000000000 ) ;
#1294 = ORIENTED_EDGE ( 'NONE', *, *, #1394, .F. ) ;
#1295 = VECTOR ( 'NONE', #2268, 999.9999999999998863 ) ;
#1296 = DIRECTION ( 'NONE',  ( 1.000000000000000000, 0.000000000000000000, 0.000000000000000000 ) ) ;
#1297 = VERTEX_POINT ( 'NONE', #840 ) ;
#1298 = CARTESIAN_POINT ( 'NONE',  ( 15.14999999999999147, 19.99999999999999645, -41.23105625617661474 ) ) ;
#1299 = CIRCLE ( 'NONE', #2078, 0.4999999999999831246 ) ;
#1300 = DIRECTION ( 'NONE',  ( 0.000000000000000000, 0.000000000000000000, 1.000000000000000000 ) ) ;
#1301 = DIRECTION ( 'NONE',  ( -1.000000000000000000, -0.000000000000000000, -0.000000000000000000 ) ) ;
#1302 = AXIS2_PLACEMENT_3D ( 'NONE', #876, #198, #366 ) ;
#1303 = VERTEX_POINT ( 'NONE', #996 ) ;
#1304 = VECTOR ( 'NONE', #1728, 1000.000000000000000 ) ;
#1305 = DIRECTION ( 'NONE',  ( 0.000000000000000000, 0.000000000000000000, 1.000000000000000000 ) ) ;
#1306 = LINE ( 'NONE', #2007, #1451 ) ;
#1307 = EDGE_CURVE ( 'NONE', #1366, #1043, #425, .T. ) ;
#1308 = ORIENTED_EDGE ( 'NONE', *, *, #1201, .T. ) ;
#1309 = AXIS2_PLACEMENT_3D ( 'NONE', #1890, #1540, #1372 ) ;
#1310 = CARTESIAN_POINT ( 'NONE',  ( 35.17067978376198312, 7.000000000000000000, 4.000000000000008882 ) ) ;
#1311 = EDGE_CURVE ( 'NONE', #881, #84, #109, .T. ) ;
#1312 = VERTEX_POINT ( 'NONE', #822 ) ;
#1313 = CARTESIAN_POINT ( 'NONE',  ( 31.80000000000000782, -45.00000000000000000, 4.001000000000011880 ) ) ;
#1314 = DIRECTION ( 'NONE',  ( -1.000000000000000000, 0.000000000000000000, 0.000000000000000000 ) ) ;
#1315 = CARTESIAN_POINT ( 'NONE',  ( 21.79999999999999361, -15.00000000000000711, 0.000000000000000000 ) ) ;
#1316 = DIRECTION ( 'NONE',  ( 0.000000000000000000, -0.000000000000000000, 1.000000000000000000 ) ) ;
#1317 = B_SPLINE_CURVE_WITH_KNOTS ( 'NONE', 3,
 ( #1464, #271, #977, #1987, #2028, #942, #458, #594, #2224, #641, #1642, #2176, #1120, #2252 ),
 .UNSPECIFIED., .F., .F.,
 ( 4, 2, 2, 2, 2, 2, 4 ),
 ( 0.01272640674298363903, 0.01440688132949682551, 0.01524711862275341702, 0.01608735591601000853, 0.01692759320926660177, 0.01776783050252319501, 0.01944830508903637803 ),
 .UNSPECIFIED. ) ;
#1318 = ORIENTED_EDGE ( 'NONE', *, *, #557, .T. ) ;
#1319 = DIRECTION ( 'NONE',  ( 0.000000000000000000, 0.000000000000000000, -1.000000000000000000 ) ) ;
#1320 = CARTESIAN_POINT ( 'NONE',  ( 25.14999999999998792, -5.801753405944172215, -9.339638914908878320 ) ) ;
#1321 = VERTEX_POINT ( 'NONE', #179 ) ;
#1322 = DIRECTION ( 'NONE',  ( -1.000000000000000000, 3.469446951953614189E-16, -0.000000000000000000 ) ) ;
#1323 = EDGE_CURVE ( 'NONE', #1631, #1109, #1448, .T. ) ;
#1324 = ORIENTED_EDGE ( 'NONE', *, *, #2053, .F. ) ;
#1325 = LINE ( 'NONE', #969, #2189 ) ;
#1326 = DIRECTION ( 'NONE',  ( 0.000000000000000000, -0.000000000000000000, 1.000000000000000000 ) ) ;
#1327 = EDGE_LOOP ( 'NONE', ( #1767, #596, #2041, #1378, #2185, #2004, #1798, #378, #1628, #1271, #1014, #1757, #1667, #339 ) ) ;
#1328 = DIRECTION ( 'NONE',  ( -1.000000000000000000, 0.000000000000000000, 0.000000000000000000 ) ) ;
#1329 = EDGE_LOOP ( 'NONE', ( #1600, #1575, #733, #196 ) ) ;
#1330 = SURFACE_SIDE_STYLE ('',( #1341 ) ) ;
#1331 = EDGE_LOOP ( 'NONE', ( #541, #1762, #43, #1617 ) ) ;
#1332 = ADVANCED_FACE ( 'NONE', ( #162, #1573 ), #560, .T. ) ;
#1333 = CARTESIAN_POINT ( 'NONE',  ( -34.64999999999999858, -33.08654523791967250, -44.00000000000000000 ) ) ;
#1334 = CARTESIAN_POINT ( 'NONE',  ( -27.34030267817376370, 2.967821881544126850, -9.295213539520833734 ) ) ;
#1335 = VERTEX_POINT ( 'NONE', #721 ) ;
#1336 = VECTOR ( 'NONE', #211, 1000.000000000000000 ) ;
#1337 = DIRECTION ( 'NONE',  ( -0.002067973954322527980, 0.000000000000000000, -0.9999978617395761660 ) ) ;
#1338 = VECTOR ( 'NONE', #213, 1000.000000000000000 ) ;
#1339 = FACE_OUTER_BOUND ( 'NONE', #2012, .T. ) ;
#1340 = ORIENTED_EDGE ( 'NONE', *, *, #558, .T. ) ;
#1341 = SURFACE_STYLE_FILL_AREA ( #645 ) ;
#1342 = AXIS2_PLACEMENT_3D ( 'NONE', #2018, #1491, #2029 ) ;
#1343 = FACE_OUTER_BOUND ( 'NONE', #1180, .T. ) ;
#1344 = CIRCLE ( 'NONE', #16, 33.08654523791967250 ) ;
#1345 = ORIENTED_EDGE ( 'NONE', *, *, #487, .T. ) ;
#1346 = CARTESIAN_POINT ( 'NONE',  ( 25.36485105303439980, 5.625649848914902940, -9.339876221685369018 ) ) ;
#1347 = CARTESIAN_POINT ( 'NONE',  ( 35.14999999999999147, 0.000000000000000000, -44.00000000000000000 ) ) ;
#1348 = DIRECTION ( 'NONE',  ( -1.000000000000000000, 0.000000000000000000, 0.000000000000000000 ) ) ;
#1349 = ORIENTED_EDGE ( 'NONE', *, *, #1790, .T. ) ;
#1350 = CARTESIAN_POINT ( 'NONE',  ( -23.74046149819935891, -4.300714133929452565, -8.891598015263536325 ) ) ;
#1351 = ORIENTED_EDGE ( 'NONE', *, *, #107, .T. ) ;
#1352 = ADVANCED_FACE ( 'NONE', ( #392 ), #1261, .F. ) ;
#1353 = CARTESIAN_POINT ( 'NONE',  ( 25.14999999999999147, 0.000000000000000000, -44.00000000000000000 ) ) ;
#1354 = LINE ( 'NONE', #309, #15 ) ;
#1355 = ORIENTED_EDGE ( 'NONE', *, *, #1871, .F. ) ;
#1356 = CYLINDRICAL_SURFACE ( 'NONE', #131, 39.99999999999999289 ) ;
#1357 = ORIENTED_EDGE ( 'NONE', *, *, #1649, .T. ) ;
#1358 = DIRECTION ( 'NONE',  ( 0.000000000000000000, 0.000000000000000000, -1.000000000000000000 ) ) ;
#1359 = DIRECTION ( 'NONE',  ( -0.000000000000000000, -0.000000000000000000, 1.000000000000000000 ) ) ;
#1360 = DIRECTION ( 'NONE',  ( -0.000000000000000000, -0.000000000000000000, 1.000000000000000000 ) ) ;
#1361 = ORIENTED_EDGE ( 'NONE', *, *, #748, .T. ) ;
#1362 = DIRECTION ( 'NONE',  ( 0.000000000000000000, 0.000000000000000000, 1.000000000000000000 ) ) ;
#1363 = ORIENTED_EDGE ( 'NONE', *, *, #2231, .T. ) ;
#1364 = CARTESIAN_POINT ( 'NONE',  ( 25.14999999999999147, -7.000000000000000000, -43.99999999999999289 ) ) ;
#1365 = CARTESIAN_POINT ( 'NONE',  ( -35.15000000000000568, 7.000000000000000000, 4.000000000000007994 ) ) ;
#1366 = VERTEX_POINT ( 'NONE', #1584 ) ;
#1367 = EDGE_CURVE ( 'NONE', #2149, #2091, #1714, .T. ) ;
#1368 = CARTESIAN_POINT ( 'NONE',  ( 25.08590290245117060, -5.853755073370605189, -9.339527850354423677 ) ) ;
#1369 = EDGE_CURVE ( 'NONE', #565, #1098, #190, .T. ) ;
#1370 = CARTESIAN_POINT ( 'NONE',  ( -27.34069295457465287, 2.967179981593455196, -9.295200060319906754 ) ) ;
#1371 = CYLINDRICAL_SURFACE ( 'NONE', #1934, 1.649999999999998579 ) ;
#1372 = DIRECTION ( 'NONE',  ( 1.000000000000000000, 0.000000000000000000, 0.000000000000000000 ) ) ;
#1373 = ORIENTED_EDGE ( 'NONE', *, *, #1882, .T. ) ;
#1374 = CARTESIAN_POINT ( 'NONE',  ( -26.66340378642552267, -4.196825914219992626, -9.320110491659342244 ) ) ;
#1375 = CARTESIAN_POINT ( 'NONE',  ( -30.15000000000000568, 45.00000000000000000, -39.99999999999999289 ) ) ;
#1376 = DIRECTION ( 'NONE',  ( 1.000000000000000000, 0.000000000000000000, 0.000000000000000000 ) ) ;
#1377 = CIRCLE ( 'NONE', #2269, 0.4999999999999796274 ) ;
#1378 = ORIENTED_EDGE ( 'NONE', *, *, #500, .T. ) ;
#1379 = CIRCLE ( 'NONE', #2272, 35.14258062710084829 ) ;
#1380 = CARTESIAN_POINT ( 'NONE',  ( 27.71840713193776295, -1.918524418268088505, -9.277917253080966375 ) ) ;
#1381 = AXIS2_PLACEMENT_3D ( 'NONE', #63, #1300, #443 ) ;
#1382 = CIRCLE ( 'NONE', #1604, 1.725000000000000755 ) ;
#1383 = EDGE_CURVE ( 'NONE', #1098, #106, #1605, .T. ) ;
#1384 = CARTESIAN_POINT ( 'NONE',  ( -25.54356696479107924, 1.576078513889586086, -8.928614547859210049 ) ) ;
#1385 = CARTESIAN_POINT ( 'NONE',  ( 25.14999999999999147, 19.99999999999999289, 4.000000000000007994 ) ) ;
#1386 = FACE_OUTER_BOUND ( 'NONE', #302, .T. ) ;
#1387 = ORIENTED_EDGE ( 'NONE', *, *, #361, .T. ) ;
#1388 = PLANE ( 'NONE',  #1013 ) ;
#1389 = DIRECTION ( 'NONE',  ( 0.000000000000000000, -1.000000000000000000, 0.000000000000000000 ) ) ;
#1390 = LINE ( 'NONE', #1737, #1304 ) ;
#1391 = ORIENTED_EDGE ( 'NONE', *, *, #24, .T. ) ;
#1392 = CARTESIAN_POINT ( 'NONE',  ( 23.89566476320279165, -3.362902066319174654, -6.862054425126909329 ) ) ;
#1393 = CARTESIAN_POINT ( 'NONE',  ( -23.74033231693628210, 4.300822766274250419, -8.891593358919207546 ) ) ;
#1394 = EDGE_CURVE ( 'NONE', #552, #565, #208, .T. ) ;
#1395 = CARTESIAN_POINT ( 'NONE',  ( 35.14999999999999147, 0.000000000000000000, -43.99999999999999289 ) ) ;
#1396 = CARTESIAN_POINT ( 'NONE',  ( 25.15000000000000568, 49.99999999999999289, -39.99999999999999289 ) ) ;
#1397 = ORIENTED_EDGE ( 'NONE', *, *, #2135, .F. ) ;
#1398 = EDGE_CURVE ( 'NONE', #807, #1038, #1923, .T. ) ;
#1399 = DIRECTION ( 'NONE',  ( 0.000000000000000000, -1.000000000000000000, 0.000000000000000000 ) ) ;
#1400 = EDGE_LOOP ( 'NONE', ( #234, #1226, #693, #2030, #621, #1541, #1391, #1877, #2190, #145, #1407, #1135 ) ) ;
#1401 = CARTESIAN_POINT ( 'NONE',  ( -26.15041904416795759, -4.833471544981395418, -9.331228439021064247 ) ) ;
#1402 = DIRECTION ( 'NONE',  ( -1.000000000000000000, 0.000000000000000000, -0.000000000000000000 ) ) ;
#1403 = ORIENTED_EDGE ( 'NONE', *, *, #870, .F. ) ;
#1404 = CARTESIAN_POINT ( 'NONE',  ( -24.22849089416976298, 2.919521602654760351, -6.850211751693987772 ) ) ;
#1405 = DIRECTION ( 'NONE',  ( -0.000000000000000000, 1.000000000000000000, 0.000000000000000000 ) ) ;
#1406 = EDGE_CURVE ( 'NONE', #164, #2149, #1963, .T. ) ;
#1407 = ORIENTED_EDGE ( 'NONE', *, *, #383, .T. ) ;
#1408 = LINE ( 'NONE', #540, #872 ) ;
#1409 = ORIENTED_EDGE ( 'NONE', *, *, #1434, .T. ) ;
#1410 = CARTESIAN_POINT ( 'NONE',  ( 15.14999999999999147, -20.00000000000000711, -6.938893903907228378E-15 ) ) ;
#1411 = EDGE_CURVE ( 'NONE', #1204, #552, #543, .T. ) ;
#1412 = DIRECTION ( 'NONE',  ( -0.6560590289907830552, 8.034405899052831110E-17, 0.7547095802225323169 ) ) ;
#1413 = VERTEX_POINT ( 'NONE', #1250 ) ;
#1414 = VECTOR ( 'NONE', #1421, 1000.000000000000000 ) ;
#1415 = AXIS2_PLACEMENT_3D ( 'NONE', #2187, #1305, #78 ) ;
#1416 = VECTOR ( 'NONE', #1760, 1000.000000000000000 ) ;
#1417 = CARTESIAN_POINT ( 'NONE',  ( -23.89566476320200650, 3.362902066319656047, -6.862054425118252254 ) ) ;
#1418 = VECTOR ( 'NONE', #1889, 1000.000000000000000 ) ;
#1419 = LINE ( 'NONE', #1773, #464 ) ;
#1420 = CIRCLE ( 'NONE', #2239, 1.649999999999998579 ) ;
#1421 = DIRECTION ( 'NONE',  ( -0.000000000000000000, -0.000000000000000000, 1.000000000000000000 ) ) ;
#1422 = DIRECTION ( 'NONE',  ( 1.000000000000000000, -0.000000000000000000, -0.000000000000000000 ) ) ;
#1423 = CARTESIAN_POINT ( 'NONE',  ( 34.74335528934889794, 0.000000000000000000, -10.42224728051012228 ) ) ;
#1424 = EDGE_LOOP ( 'NONE', ( #2019, #172, #630, #991 ) ) ;
#1425 = EDGE_CURVE ( 'NONE', #1759, #643, #2144, .T. ) ;
#1426 = CARTESIAN_POINT ( 'NONE',  ( 24.52953137482916546, 2.451435647333199519, -6.835872175113921756 ) ) ;
#1427 = CARTESIAN_POINT ( 'NONE',  ( -34.74335528934891215, 0.000000000000000000, -44.00000000000000000 ) ) ;
#1428 = DIRECTION ( 'NONE',  ( 0.000000000000000000, 0.000000000000000000, -1.000000000000000000 ) ) ;
#1429 = CARTESIAN_POINT ( 'NONE',  ( 25.14999999999999147, -7.000000000000000000, -5.999999999999991118 ) ) ;
#1430 = CARTESIAN_POINT ( 'NONE',  ( -25.15000000000001990, 5.274774660946453864, -9.251428618393358505 ) ) ;
#1431 = ORIENTED_EDGE ( 'NONE', *, *, #1169, .F. ) ;
#1432 = CARTESIAN_POINT ( 'NONE',  ( 27.65602569451672110, 2.184073356958264434, -9.281061732251506768 ) ) ;
#1433 = EDGE_CURVE ( 'NONE', #1910, #1099, #1938, .T. ) ;
#1434 = EDGE_CURVE ( 'NONE', #429, #291, #170, .T. ) ;
#1435 = DIRECTION ( 'NONE',  ( 0.000000000000000000, 0.000000000000000000, -1.000000000000000000 ) ) ;
#1436 = DIRECTION ( 'NONE',  ( 0.000000000000000000, 0.000000000000000000, -1.000000000000000000 ) ) ;
#1437 = DIRECTION ( 'NONE',  ( 1.000000000000000000, 0.000000000000000000, 0.000000000000000000 ) ) ;
#1438 = CARTESIAN_POINT ( 'NONE',  ( -25.15000000000000568, -3.760915215494365693, -8.718853953914372568 ) ) ;
#1439 = ORIENTED_EDGE ( 'NONE', *, *, #1471, .T. ) ;
#1440 = VERTEX_POINT ( 'NONE', #1593 ) ;
#1441 = AXIS2_PLACEMENT_3D ( 'NONE', #85, #122, #2220 ) ;
#1442 = EDGE_CURVE ( 'NONE', #997, #2045, #1947, .T. ) ;
#1443 = AXIS2_PLACEMENT_3D ( 'NONE', #52, #775, #1484 ) ;
#1444 = EDGE_CURVE ( 'NONE', #1620, #242, #1419, .T. ) ;
#1445 = ORIENTED_EDGE ( 'NONE', *, *, #189, .F. ) ;
#1446 = CIRCLE ( 'NONE', #1527, 35.14258062710081987 ) ;
#1447 = CARTESIAN_POINT ( 'NONE',  ( 35.14999999999997016, -33.08654523791967961, -44.00000000000000000 ) ) ;
#1448 = CIRCLE ( 'NONE', #1302, 35.14258062710084829 ) ;
#1449 = DIRECTION ( 'NONE',  ( -0.000000000000000000, -0.000000000000000000, 1.000000000000000000 ) ) ;
#1450 = CARTESIAN_POINT ( 'NONE',  ( -25.15000000000000568, -35.14258062710081987, -44.00000000000000000 ) ) ;
#1451 = VECTOR ( 'NONE', #1655, 1000.000000000000000 ) ;
#1452 = CARTESIAN_POINT ( 'NONE',  ( -25.15000000000000568, 39.79949748426479772, -39.99999999999999289 ) ) ;
#1453 = ORIENTED_EDGE ( 'NONE', *, *, #269, .F. ) ;
#1454 = VECTOR ( 'NONE', #877, 1000.000000000000000 ) ;
#1455 = CARTESIAN_POINT ( 'NONE',  ( -35.15000000000000568, 49.99999999999999289, -43.99999999999999289 ) ) ;
#1456 = ORIENTED_EDGE ( 'NONE', *, *, #1433, .T. ) ;
#1457 = ORIENTED_EDGE ( 'NONE', *, *, #1519, .T. ) ;
#1458 = EDGE_CURVE ( 'NONE', #737, #1927, #1197, .T. ) ;
#1459 = CARTESIAN_POINT ( 'NONE',  ( -35.14999999999998437, 33.08654523791967250, -44.00000000000000000 ) ) ;
#1460 = CYLINDRICAL_SURFACE ( 'NONE', #1443, 1.650000000000002132 ) ;
#1461 = LINE ( 'NONE', #590, #1751 ) ;
#1462 = LINE ( 'NONE', #2174, #1023 ) ;
#1463 = ORIENTED_EDGE ( 'NONE', *, *, #841, .F. ) ;
#1464 = CARTESIAN_POINT ( 'NONE',  ( 27.97384063076929195, 1.512398059105547863E-11, -9.264687178225262443 ) ) ;
#1465 = DIRECTION ( 'NONE',  ( -0.000000000000000000, 0.000000000000000000, -1.000000000000000000 ) ) ;
#1466 = EDGE_LOOP ( 'NONE', ( #1894, #1308 ) ) ;
#1467 = CARTESIAN_POINT ( 'NONE',  ( 30.15000000000001279, -45.00000000000000000, -39.99999999999999289 ) ) ;
#1468 = ORIENTED_EDGE ( 'NONE', *, *, #566, .F. ) ;
#1469 = CARTESIAN_POINT ( 'NONE',  ( 27.97384063076929195, 1.512398059105547863E-11, -9.264687178225262443 ) ) ;
#1470 = DIRECTION ( 'NONE',  ( -0.000000000000000000, -0.000000000000000000, 1.000000000000000000 ) ) ;
#1471 = EDGE_CURVE ( 'NONE', #2091, #573, #1055, .T. ) ;
#1472 = CARTESIAN_POINT ( 'NONE',  ( 25.15000000000001279, -49.99999999999999289, -43.99999999999999289 ) ) ;
#1473 = ORIENTED_EDGE ( 'NONE', *, *, #765, .T. ) ;
#1474 = EDGE_CURVE ( 'NONE', #1008, #1511, #941, .T. ) ;
#1475 = CARTESIAN_POINT ( 'NONE',  ( -1.725000000000000755, 2.112515728529185151E-16, 4.000000000000009770 ) ) ;
#1476 = DIRECTION ( 'NONE',  ( -0.000000000000000000, -0.000000000000000000, 1.000000000000000000 ) ) ;
#1477 = ORIENTED_EDGE ( 'NONE', *, *, #1629, .F. ) ;
#1478 = CARTESIAN_POINT ( 'NONE',  ( -24.87035186992432401, -3.050903448303368570, -8.921568379728803677 ) ) ;
#1479 = CARTESIAN_POINT ( 'NONE',  ( 0.000000000000000000, 0.000000000000000000, 4.000000000000009770 ) ) ;
#1480 = TOROIDAL_SURFACE ( 'NONE', #717, -149.2313432835825040, 186.0813432835824415 ) ;
#1481 = ORIENTED_EDGE ( 'NONE', *, *, #1383, .T. ) ;
#1482 = AXIS2_PLACEMENT_3D ( 'NONE', #860, #147, #1558 ) ;
#1483 = CARTESIAN_POINT ( 'NONE',  ( -34.74335528934891215, -33.57775271948987239, -44.00000000000000000 ) ) ;
#1484 = DIRECTION ( 'NONE',  ( 1.000000000000000000, 0.000000000000000000, 0.000000000000000000 ) ) ;
#1485 = AXIS2_PLACEMENT_3D ( 'NONE', #617, #1116, #404 ) ;
#1486 = FACE_OUTER_BOUND ( 'NONE', #2027, .T. ) ;
#1487 = CIRCLE ( 'NONE', #1119, 1.649999999999995248 ) ;
#1488 = ORIENTED_EDGE ( 'NONE', *, *, #427, .F. ) ;
#1489 = VECTOR ( 'NONE', #2188, 1000.000000000000000 ) ;
#1490 = FACE_OUTER_BOUND ( 'NONE', #934, .T. ) ;
#1491 = DIRECTION ( 'NONE',  ( 0.000000000000000000, 0.000000000000000000, 1.000000000000000000 ) ) ;
#1492 = ORIENTED_EDGE ( 'NONE', *, *, #1841, .T. ) ;
#1493 = VECTOR ( 'NONE', #1791, 1000.000000000000000 ) ;
#1494 = EDGE_CURVE ( 'NONE', #321, #2254, #1093, .T. ) ;
#1495 = CARTESIAN_POINT ( 'NONE',  ( 0.000000000000000000, 0.000000000000000000, -43.99999999999999289 ) ) ;
#1496 = EDGE_LOOP ( 'NONE', ( #647, #2298, #1477, #955 ) ) ;
#1497 = CARTESIAN_POINT ( 'NONE',  ( 0.000000000000000000, 0.000000000000000000, 0.000000000000000000 ) ) ;
#1498 = DIRECTION ( 'NONE',  ( -0.000000000000000000, -0.000000000000000000, 1.000000000000000000 ) ) ;
#1499 = DIRECTION ( 'NONE',  ( 0.000000000000000000, -1.000000000000000000, 0.000000000000000000 ) ) ;
#1500 = EDGE_LOOP ( 'NONE', ( #1803, #2033, #489, #842 ) ) ;
#1501 = FACE_OUTER_BOUND ( 'NONE', #2056, .T. ) ;
#1502 = CARTESIAN_POINT ( 'NONE',  ( 0.000000000000000000, 0.000000000000000000, 4.000000000000009770 ) ) ;
#1503 = ORIENTED_EDGE ( 'NONE', *, *, #1239, .F. ) ;
#1504 = ADVANCED_FACE ( 'NONE', ( #783, #449 ), #2020, .T. ) ;
#1505 =( LENGTH_UNIT ( ) NAMED_UNIT ( * ) SI_UNIT ( .MILLI., .METRE. ) );
#1506 = VERTEX_POINT ( 'NONE', #95 ) ;
#1507 = ADVANCED_FACE ( 'NONE', ( #1137 ), #13, .F. ) ;
#1508 = CARTESIAN_POINT ( 'NONE',  ( -35.15000000000000568, -49.99999999999999289, -43.99999999999999289 ) ) ;
#1509 = MANIFOLD_SOLID_BREP ( '•”•i•ªŠ„4[2]', #970 ) ;
#1510 = DIRECTION ( 'NONE',  ( -1.000000000000000000, 0.000000000000000000, 0.000000000000000000 ) ) ;
#1511 = VERTEX_POINT ( 'NONE', #1701 ) ;
#1512 = CARTESIAN_POINT ( 'NONE',  ( -35.15000000000000568, -49.99999999999999289, -39.99999999999999289 ) ) ;
#1513 = CARTESIAN_POINT ( 'NONE',  ( -25.15000000000000568, 7.000000000000000000, -4.617262664969562280 ) ) ;
#1514 = VERTEX_POINT ( 'NONE', #927 ) ;
#1515 = CARTESIAN_POINT ( 'NONE',  ( -25.14999999999999858, -49.99999999999999289, -43.99999999999999289 ) ) ;
#1516 = PRODUCT_RELATED_PRODUCT_CATEGORY ( 'part', '', ( #1530 ) ) ;
#1517 = ORIENTED_EDGE ( 'NONE', *, *, #1494, .T. ) ;
#1518 = DIRECTION ( 'NONE',  ( 0.000000000000000000, 1.000000000000000000, 0.000000000000000000 ) ) ;
#1519 = EDGE_CURVE ( 'NONE', #167, #701, #1382, .T. ) ;
#1520 = AXIS2_PLACEMENT_3D ( 'NONE', #1683, #636, #1659 ) ;
#1521 = DIRECTION ( 'NONE',  ( -0.000000000000000000, -0.000000000000000000, -1.000000000000000000 ) ) ;
#1522 = DIRECTION ( 'NONE',  ( -0.000000000000000000, -0.000000000000000000, 1.000000000000000000 ) ) ;
#1523 = EDGE_LOOP ( 'NONE', ( #1146, #151, #450, #306 ) ) ;
#1524 = AXIS2_PLACEMENT_3D ( 'NONE', #477, #1872, #833 ) ;
#1525 = CARTESIAN_POINT ( 'NONE',  ( -35.15000000000000568, -39.79949748426479772, -39.99999999999999289 ) ) ;
#1526 = DIRECTION ( 'NONE',  ( -1.000000000000000000, -0.000000000000000000, -0.000000000000000000 ) ) ;
#1527 = AXIS2_PLACEMENT_3D ( 'NONE', #1777, #1422, #1079 ) ;
#1528 = CARTESIAN_POINT ( 'NONE',  ( 0.000000000000000000, 0.000000000000000000, 4.000000000000007994 ) ) ;
#1529 = ORIENTED_EDGE ( 'NONE', *, *, #1021, .T. ) ;
#1530 = PRODUCT ( 'thruster_holder_1', 'thruster_holder_1', '', ( #1634 ) ) ;
#1531 = AXIS2_PLACEMENT_3D ( 'NONE', #1965, #1435, #526 ) ;
#1532 = CARTESIAN_POINT ( 'NONE',  ( -25.14999999999999858, -49.99999999999999289, -39.99999999999999289 ) ) ;
#1533 = VECTOR ( 'NONE', #1578, 1000.000000000000000 ) ;
#1534 = CARTESIAN_POINT ( 'NONE',  ( -35.15000000000000568, 7.000000000000000000, -4.617262664969562280 ) ) ;
#1535 = AXIS2_PLACEMENT_3D ( 'NONE', #71, #1296, #956 ) ;
#1536 = ORIENTED_EDGE ( 'NONE', *, *, #1799, .F. ) ;
#1537 = CARTESIAN_POINT ( 'NONE',  ( 1.725000000000000755, 0.000000000000000000, 4.000000000000009770 ) ) ;
#1538 = DIRECTION ( 'NONE',  ( 0.000000000000000000, 0.000000000000000000, 1.000000000000000000 ) ) ;
#1539 = ADVANCED_FACE ( 'NONE', ( #1690 ), #105, .F. ) ;
#1540 = DIRECTION ( 'NONE',  ( -0.000000000000000000, -0.000000000000000000, 1.000000000000000000 ) ) ;
#1541 = ORIENTED_EDGE ( 'NONE', *, *, #2021, .F. ) ;
#1542 = CARTESIAN_POINT ( 'NONE',  ( -26.96906126464098463, -3.720786645966861261, -9.309839516342481858 ) ) ;
#1543 = EDGE_LOOP ( 'NONE', ( #2249, #1585, #803, #1845 ) ) ;
#1544 = FACE_BOUND ( 'NONE', #336, .T. ) ;
#1545 = CARTESIAN_POINT ( 'NONE',  ( -25.15000000000000568, 0.000000000000000000, -43.99999999999999289 ) ) ;
#1546 = ORIENTED_EDGE ( 'NONE', *, *, #301, .F. ) ;
#1547 = CARTESIAN_POINT ( 'NONE',  ( 27.44972379147342423, -2.711106467187179181, -9.290466235888047208 ) ) ;
#1548 = CARTESIAN_POINT ( 'NONE',  ( -26.95539385389565723, 3.712604699876559167, -9.309928774305300081 ) ) ;
#1549 = CARTESIAN_POINT ( 'NONE',  ( 20.14999999999999147, -15.00000000000000711, 0.000000000000000000 ) ) ;
#1550 = CARTESIAN_POINT ( 'NONE',  ( 15.14999999999999147, -20.00000000000000711, 4.000000000000007994 ) ) ;
#1551 = ORIENTED_EDGE ( 'NONE', *, *, #1406, .F. ) ;
#1552 = CARTESIAN_POINT ( 'NONE',  ( -24.52953137482881374, -2.451435647333274126, -6.835872175113683724 ) ) ;
#1553 = FACE_OUTER_BOUND ( 'NONE', #221, .T. ) ;
#1554 = CARTESIAN_POINT ( 'NONE',  ( 25.14999999999999147, -7.000000000000000000, 0.000000000000000000 ) ) ;
#1555 = ORIENTED_EDGE ( 'NONE', *, *, #2088, .T. ) ;
#1556 = EDGE_CURVE ( 'NONE', #113, #1297, #439, .T. ) ;
#1557 = CARTESIAN_POINT ( 'NONE',  ( 25.41459992798996836, -1.957267921732376514, -8.927694158758312071 ) ) ;
#1558 = DIRECTION ( 'NONE',  ( 0.000000000000000000, 0.000000000000000000, 1.000000000000000000 ) ) ;
#1559 = CARTESIAN_POINT ( 'NONE',  ( -25.16905832710616409, 2.512284799511002031, -8.925293840847160709 ) ) ;
#1560 = CARTESIAN_POINT ( 'NONE',  ( -30.15000000000000568, 45.00000000000000000, -43.99999999999999289 ) ) ;
#1561 = ORIENTED_EDGE ( 'NONE', *, *, #1249, .F. ) ;
#1562 = CARTESIAN_POINT ( 'NONE',  ( 25.14999999999999503, 1.948095164865316198, -7.646409619280785108 ) ) ;
#1563 = DIRECTION ( 'NONE',  ( 0.000000000000000000, 0.000000000000000000, -1.000000000000000000 ) ) ;
#1564 = DIRECTION ( 'NONE',  ( -1.000000000000000000, 0.000000000000000000, 0.000000000000000000 ) ) ;
#1565 = AXIS2_PLACEMENT_3D ( 'NONE', #375, #562, #166 ) ;
#1566 = B_SPLINE_CURVE_WITH_KNOTS ( 'NONE', 3,
 ( #1950, #1770, #194, #1224, #1401, #38, #203, #376, #563, #386, #930, #2116 ),
 .UNSPECIFIED., .F., .F.,
 ( 4, 2, 2, 2, 2, 4 ),
 ( 0.006013720735535396655, 0.006852806486466429987, 0.007691892237397463319, 0.009370063739259524779, 0.01104823524112158450, 0.01272640674298364423 ),
 .UNSPECIFIED. ) ;
#1567 = ORIENTED_EDGE ( 'NONE', *, *, #777, .F. ) ;
#1568 = VECTOR ( 'NONE', #1856, 1000.000000000000000 ) ;
#1569 = ADVANCED_FACE ( 'NONE', ( #476 ), #546, .F. ) ;
#1570 = MECHANICAL_DESIGN_GEOMETRIC_PRESENTATION_REPRESENTATION (  '', ( #1783 ), #2235 ) ;
#1571 = CARTESIAN_POINT ( 'NONE',  ( 27.46548803016560925, 2.714112659308026032, -9.290284033161432475 ) ) ;
#1572 = AXIS2_PLACEMENT_3D ( 'NONE', #492, #863, #209 ) ;
#1573 = FACE_OUTER_BOUND ( 'NONE', #215, .T. ) ;
#1574 = LINE ( 'NONE', #1695, #430 ) ;
#1575 = ORIENTED_EDGE ( 'NONE', *, *, #1750, .T. ) ;
#1576 = DIRECTION ( 'NONE',  ( 0.000000000000000000, 0.000000000000000000, -1.000000000000000000 ) ) ;
#1577 = CARTESIAN_POINT ( 'NONE',  ( 25.15000000000001279, -49.99999999999999289, -39.99999999999999289 ) ) ;
#1578 = DIRECTION ( 'NONE',  ( -1.000000000000000000, 0.000000000000000000, 0.000000000000000000 ) ) ;
#1579 = ORIENTED_EDGE ( 'NONE', *, *, #2115, .T. ) ;
#1580 = CARTESIAN_POINT ( 'NONE',  ( 24.22849089416943613, -2.919521602655087200, -6.850211751689958106 ) ) ;
#1581 = EDGE_CURVE ( 'NONE', #1771, #1297, #967, .T. ) ;
#1582 = CARTESIAN_POINT ( 'NONE',  ( -25.53860000139599862, 5.490234643401196379, -9.340596663392929599 ) ) ;
#1583 = EDGE_CURVE ( 'NONE', #1154, #2149, #1123, .T. ) ;
#1584 = CARTESIAN_POINT ( 'NONE',  ( 21.79999999999999361, -15.00000000000000711, 4.000000000000007994 ) ) ;
#1585 = ORIENTED_EDGE ( 'NONE', *, *, #589, .T. ) ;
#1586 = CARTESIAN_POINT ( 'NONE',  ( 25.14999999999999147, -20.00000000000000711, 4.000000000000007994 ) ) ;
#1587 = EDGE_LOOP ( 'NONE', ( #400, #988, #1278 ) ) ;
#1588 = CARTESIAN_POINT ( 'NONE',  ( 21.79999999999999361, -15.00000000000000711, -84.00099999999999056 ) ) ;
#1589 = CARTESIAN_POINT ( 'NONE',  ( -30.14999999999999858, -45.00000000000000000, -39.99999999999999289 ) ) ;
#1590 = ORIENTED_EDGE ( 'NONE', *, *, #153, .F. ) ;
#1591 = CARTESIAN_POINT ( 'NONE',  ( 24.36046411336803885, -3.717966753887892661, -8.911037770957200621 ) ) ;
#1592 = CARTESIAN_POINT ( 'NONE',  ( 25.57299131822504634, 5.436596728243332954, -9.338730379863045883 ) ) ;
#1593 = CARTESIAN_POINT ( 'NONE',  ( 35.14999999999997016, 33.08654523791967961, -44.00000000000000000 ) ) ;
#1594 = ADVANCED_FACE ( 'NONE', ( #2193 ), #1356, .T. ) ;
#1595 = ORIENTED_EDGE ( 'NONE', *, *, #1629, .T. ) ;
#1596 = LINE ( 'NONE', #1949, #1414 ) ;
#1597 = ORIENTED_EDGE ( 'NONE', *, *, #791, .T. ) ;
#1598 = CARTESIAN_POINT ( 'NONE',  ( 1.699999999999986189, 0.000000000000000000, 4.000000000000007994 ) ) ;
#1599 = CARTESIAN_POINT ( 'NONE',  ( 18.49999999999998934, 14.99999999999999822, 0.000000000000000000 ) ) ;
#1600 = ORIENTED_EDGE ( 'NONE', *, *, #1494, .F. ) ;
#1601 = AXIS2_PLACEMENT_3D ( 'NONE', #1467, #129, #2178 ) ;
#1602 = AXIS2_PLACEMENT_3D ( 'NONE', #169, #866, #1193 ) ;
#1603 = COLOUR_RGB ( '',0.7921568627450980005, 0.8196078431372548767, 0.9333333333333333481 ) ;
#1604 = AXIS2_PLACEMENT_3D ( 'NONE', #1479, #2011, #832 ) ;
#1605 = LINE ( 'NONE', #1395, #1896 ) ;
#1606 = AXIS2_PLACEMENT_3D ( 'NONE', #110, #1522, #1348 ) ;
#1607 = DIRECTION ( 'NONE',  ( 0.000000000000000000, -0.000000000000000000, 1.000000000000000000 ) ) ;
#1608 = FACE_BOUND ( 'NONE', #902, .T. ) ;
#1609 = EDGE_CURVE ( 'NONE', #1268, #2060, #623, .T. ) ;
#1610 = DIRECTION ( 'NONE',  ( -0.000000000000000000, -1.000000000000000000, -0.000000000000000000 ) ) ;
#1611 = ORIENTED_EDGE ( 'NONE', *, *, #1926, .F. ) ;
#1612 = CARTESIAN_POINT ( 'NONE',  ( 30.15000000000001279, -45.00000000000000000, -39.99999999999999289 ) ) ;
#1613 = DIRECTION ( 'NONE',  ( -1.000000000000000000, 0.000000000000000000, -0.000000000000000000 ) ) ;
#1614 = CARTESIAN_POINT ( 'NONE',  ( 31.80000000000000071, 45.00000000000000000, 4.001000000000011880 ) ) ;
#1615 = CARTESIAN_POINT ( 'NONE',  ( -25.15000000000000568, -0.5130299725273012035, -6.888839085526761608 ) ) ;
#1616 = CARTESIAN_POINT ( 'NONE',  ( 25.15000000000001279, -49.99999999999999289, -39.99999999999999289 ) ) ;
#1617 = ORIENTED_EDGE ( 'NONE', *, *, #725, .T. ) ;
#1618 = ADVANCED_FACE ( 'NONE', ( #276 ), #707, .T. ) ;
#1619 = CARTESIAN_POINT ( 'NONE',  ( 24.07015160070718807, 4.023457529563608581, -8.903482091097821183 ) ) ;
#1620 = VERTEX_POINT ( 'NONE', #1209 ) ;
#1621 = ADVANCED_FACE ( 'NONE', ( #886 ), #868, .T. ) ;
#1622 = DIRECTION ( 'NONE',  ( 1.000000000000000000, 0.000000000000000000, 0.000000000000000000 ) ) ;
#1623 = VERTEX_POINT ( 'NONE', #1455 ) ;
#1624 = FACE_OUTER_BOUND ( 'NONE', #1543, .T. ) ;
#1625 = CARTESIAN_POINT ( 'NONE',  ( -25.15000000000000568, 1.261824963072465833, -7.241029982526495878 ) ) ;
#1626 = LINE ( 'NONE', #2131, #324 ) ;
#1627 = ORIENTED_EDGE ( 'NONE', *, *, #1276, .F. ) ;
#1628 = ORIENTED_EDGE ( 'NONE', *, *, #2280, .F. ) ;
#1629 = EDGE_CURVE ( 'NONE', #1335, #31, #1420, .T. ) ;
#1630 = CIRCLE ( 'NONE', #119, 39.99999999999999289 ) ;
#1631 = VERTEX_POINT ( 'NONE', #999 ) ;
#1632 = AXIS2_PLACEMENT_3D ( 'NONE', #1156, #232, #1664 ) ;
#1633 = EDGE_CURVE ( 'NONE', #1939, #185, #1199, .T. ) ;
#1634 = PRODUCT_CONTEXT ( 'NONE', #2062, 'mechanical' ) ;
#1635 = DIRECTION ( 'NONE',  ( 0.000000000000000000, 0.000000000000000000, -1.000000000000000000 ) ) ;
#1636 = VECTOR ( 'NONE', #125, 1000.000000000000000 ) ;
#1637 = CARTESIAN_POINT ( 'NONE',  ( 25.14999999999999147, -2.607593433851111531, -8.056537905152680423 ) ) ;
#1638 = CARTESIAN_POINT ( 'NONE',  ( -25.15000000000000568, 7.000000000000000000, 0.000000000000000000 ) ) ;
#1639 = VECTOR ( 'NONE', #979, 1000.000000000000000 ) ;
#1640 = FACE_OUTER_BOUND ( 'NONE', #795, .T. ) ;
#1641 = ORIENTED_EDGE ( 'NONE', *, *, #739, .F. ) ;
#1642 = CARTESIAN_POINT ( 'NONE',  ( 26.49406006172832662, -4.405346786058772501, -9.323718421048711846 ) ) ;
#1643 = CARTESIAN_POINT ( 'NONE',  ( 25.72727045386032074, 0.7944439402243541615, -8.929546686981918668 ) ) ;
#1644 = VERTEX_POINT ( 'NONE', #1121 ) ;
#1645 = CARTESIAN_POINT ( 'NONE',  ( 34.74335528934889794, -33.57775271948985818, -44.00000000000000000 ) ) ;
#1646 = ADVANCED_FACE ( 'NONE', ( #1339 ), #620, .F. ) ;
#1647 = ORIENTED_EDGE ( 'NONE', *, *, #94, .F. ) ;
#1648 = DIRECTION ( 'NONE',  ( -1.000000000000000000, 0.000000000000000000, 0.000000000000000000 ) ) ;
#1649 = EDGE_CURVE ( 'NONE', #1514, #291, #248, .T. ) ;
#1650 = DIRECTION ( 'NONE',  ( -0.000000000000000000, -0.000000000000000000, -1.000000000000000000 ) ) ;
#1651 = CARTESIAN_POINT ( 'NONE',  ( 35.15000000000000568, -49.99999999999999289, -43.99999999999999289 ) ) ;
#1652 = CARTESIAN_POINT ( 'NONE',  ( 34.74335528934889794, 0.000000000000000000, -44.00000000000000000 ) ) ;
#1653 = ORIENTED_EDGE ( 'NONE', *, *, #427, .T. ) ;
#1654 = DIRECTION ( 'NONE',  ( 1.000000000000000000, 0.000000000000000000, 0.000000000000000000 ) ) ;
#1655 = DIRECTION ( 'NONE',  ( 0.000000000000000000, -1.000000000000000000, 0.000000000000000000 ) ) ;
#1656 = EDGE_LOOP ( 'NONE', ( #1745, #1641 ) ) ;
#1657 = CARTESIAN_POINT ( 'NONE',  ( -27.46877427895780244, -2.706992524766698605, -9.290148808280944692 ) ) ;
#1658 = ORIENTED_EDGE ( 'NONE', *, *, #725, .F. ) ;
#1659 = DIRECTION ( 'NONE',  ( -1.000000000000000000, 0.000000000000000000, 0.000000000000000000 ) ) ;
#1660 = DIRECTION ( 'NONE',  ( 0.000000000000000000, 0.000000000000000000, 1.000000000000000000 ) ) ;
#1661 = CARTESIAN_POINT ( 'NONE',  ( 0.000000000000000000, 0.000000000000000000, 4.000000000000009770 ) ) ;
#1662 = ADVANCED_FACE ( 'NONE', ( #642 ), #1836, .T. ) ;
#1663 = ORIENTED_EDGE ( 'NONE', *, *, #557, .F. ) ;
#1664 = DIRECTION ( 'NONE',  ( 0.000000000000000000, 0.000000000000000000, 1.000000000000000000 ) ) ;
#1665 = CARTESIAN_POINT ( 'NONE',  ( 25.15000000000000568, 36.00000000000000000, -39.99999999999999289 ) ) ;
#1666 = ORIENTED_EDGE ( 'NONE', *, *, #1126, .F. ) ;
#1667 = ORIENTED_EDGE ( 'NONE', *, *, #581, .F. ) ;
#1668 = AXIS2_PLACEMENT_3D ( 'NONE', #2079, #608, #438 ) ;
#1669 = DIRECTION ( 'NONE',  ( -0.000000000000000000, -0.000000000000000000, 1.000000000000000000 ) ) ;
#1670 = CARTESIAN_POINT ( 'NONE',  ( 0.000000000000000000, 7.000000000000000000, 0.000000000000000000 ) ) ;
#1671 = PLANE ( 'NONE',  #1786 ) ;
#1672 = VECTOR ( 'NONE', #1954, 1000.000000000000000 ) ;
#1673 = ORIENTED_EDGE ( 'NONE', *, *, #199, .F. ) ;
#1674 = ADVANCED_FACE ( 'NONE', ( #288 ), #173, .F. ) ;
#1675 = AXIS2_PLACEMENT_3D ( 'NONE', #1528, #326, #1225 ) ;
#1676 = PLANE ( 'NONE',  #1115 ) ;
#1677 = DIRECTION ( 'NONE',  ( 0.000000000000000000, 0.000000000000000000, 1.000000000000000000 ) ) ;
#1678 = ORIENTED_EDGE ( 'NONE', *, *, #286, .T. ) ;
#1679 = EDGE_CURVE ( 'NONE', #1303, #954, #92, .T. ) ;
#1680 = DIRECTION ( 'NONE',  ( 1.000000000000000000, 0.000000000000000000, 0.000000000000000000 ) ) ;
#1681 = EDGE_LOOP ( 'NONE', ( #1132, #606, #406, #1503, #1403 ) ) ;
#1682 = APPLICATION_PROTOCOL_DEFINITION ( 'draft international standard', 'automotive_design', 1998, #168 ) ;
#1683 = CARTESIAN_POINT ( 'NONE',  ( 30.15000000000001279, -45.00000000000000000, -43.99999999999999289 ) ) ;
#1684 = DIRECTION ( 'NONE',  ( -1.000000000000000000, 0.000000000000000000, 0.000000000000000000 ) ) ;
#1685 = ORIENTED_EDGE ( 'NONE', *, *, #1210, .F. ) ;
#1686 = DIRECTION ( 'NONE',  ( 0.000000000000000000, 0.000000000000000000, 1.000000000000000000 ) ) ;
#1687 = CARTESIAN_POINT ( 'NONE',  ( 25.14999999999999147, 7.000000000000000000, -4.617262664969562280 ) ) ;
#1688 = EDGE_CURVE ( 'NONE', #807, #1829, #2215, .T. ) ;
#1689 = EDGE_LOOP ( 'NONE', ( #789, #561 ) ) ;
#1690 = FACE_OUTER_BOUND ( 'NONE', #289, .T. ) ;
#1691 = EDGE_CURVE ( 'NONE', #1312, #2083, #261, .T. ) ;
#1692 = EDGE_LOOP ( 'NONE', ( #252, #1971, #1982, #2022 ) ) ;
#1693 = DIRECTION ( 'NONE',  ( -1.000000000000000000, 0.000000000000000000, 0.000000000000000000 ) ) ;
#1694 = CARTESIAN_POINT ( 'NONE',  ( 25.15000000000001279, -49.99999999999999289, -43.99999999999999289 ) ) ;
#1695 = CARTESIAN_POINT ( 'NONE',  ( -25.14999999999999858, -49.99999999999999289, -39.99999999999999289 ) ) ;
#1696 = ORIENTED_EDGE ( 'NONE', *, *, #898, .F. ) ;
#1697 = DIRECTION ( 'NONE',  ( -1.000000000000000000, 0.000000000000000000, 0.000000000000000000 ) ) ;
#1698 = LINE ( 'NONE', #1364, #1015 ) ;
#1699 = DIRECTION ( 'NONE',  ( 1.000000000000000000, 0.000000000000000000, 0.000000000000000000 ) ) ;
#1700 = VERTEX_POINT ( 'NONE', #1847 ) ;
#1701 = CARTESIAN_POINT ( 'NONE',  ( -21.69999999999998863, -2.241103642439657077E-15, 3.971240789819492800 ) ) ;
#1702 = EDGE_CURVE ( 'NONE', #128, #113, #1306, .T. ) ;
#1703 = ORIENTED_EDGE ( 'NONE', *, *, #1702, .F. ) ;
#1704 = DIRECTION ( 'NONE',  ( -0.000000000000000000, -0.000000000000000000, -1.000000000000000000 ) ) ;
#1705 = EDGE_CURVE ( 'NONE', #933, #1099, #2205, .T. ) ;
#1706 = VECTOR ( 'NONE', #2283, 1000.000000000000000 ) ;
#1707 = LINE ( 'NONE', #1722, #875 ) ;
#1708 = DIRECTION ( 'NONE',  ( 0.000000000000000000, -0.000000000000000000, 1.000000000000000000 ) ) ;
#1709 = ORIENTED_EDGE ( 'NONE', *, *, #1444, .F. ) ;
#1710 = AXIS2_PLACEMENT_3D ( 'NONE', #804, #1686, #770 ) ;
#1711 = CARTESIAN_POINT ( 'NONE',  ( -25.14222555583963370, -0.3590412233247004536, -6.791384550402614906 ) ) ;
#1712 = ORIENTED_EDGE ( 'NONE', *, *, #1096, .T. ) ;
#1713 = CARTESIAN_POINT ( 'NONE',  ( -28.50000000000000711, 45.00000000000000000, -39.99999999999999289 ) ) ;
#1714 = CIRCLE ( 'NONE', #836, 33.57775271948984397 ) ;
#1715 = CYLINDRICAL_SURFACE ( 'NONE', #650, 40.00000000000000000 ) ;
#1716 = ORIENTED_EDGE ( 'NONE', *, *, #1288, .F. ) ;
#1717 = VECTOR ( 'NONE', #2089, 1000.000000000000000 ) ;
#1718 = CARTESIAN_POINT ( 'NONE',  ( 25.16905832710686397, -2.512284799510829281, -8.925293840850532234 ) ) ;
#1719 = AXIS2_PLACEMENT_3D ( 'NONE', #1830, #266, #626 ) ;
#1720 = EDGE_CURVE ( 'NONE', #278, #1440, #46, .T. ) ;
#1721 = CARTESIAN_POINT ( 'NONE',  ( 30.15000000000000568, 45.00000000000000000, -39.99999999999999289 ) ) ;
#1722 = CARTESIAN_POINT ( 'NONE',  ( 25.14999999999999147, -20.00000000000000711, 4.000000000000007994 ) ) ;
#1723 = CARTESIAN_POINT ( 'NONE',  ( -25.15000000000000568, 49.99999999999999289, -39.99999999999999289 ) ) ;
#1724 = EDGE_CURVE ( 'NONE', #947, #771, #509, .T. ) ;
#1725 = VERTEX_POINT ( 'NONE', #1320 ) ;
#1726 = CARTESIAN_POINT ( 'NONE',  ( -35.15000000000000568, 0.000000000000000000, -44.00000000000000000 ) ) ;
#1727 = CARTESIAN_POINT ( 'NONE',  ( -25.15000000000000568, 49.99999999999999289, -43.99999999999999289 ) ) ;
#1728 = DIRECTION ( 'NONE',  ( 0.000000000000000000, 0.000000000000000000, -1.000000000000000000 ) ) ;
#1729 = ORIENTED_EDGE ( 'NONE', *, *, #1169, .T. ) ;
#1730 = CARTESIAN_POINT ( 'NONE',  ( 26.64925305697133595, -4.190283481848787517, -9.319499246245486646 ) ) ;
#1731 = CARTESIAN_POINT ( 'NONE',  ( -24.33232261263788132, 2.764340655337313990, -6.845595196846391950 ) ) ;
#1732 = LINE ( 'NONE', #138, #1636 ) ;
#1733 = EDGE_LOOP ( 'NONE', ( #23, #1805, #56, #1234 ) ) ;
#1734 = CARTESIAN_POINT ( 'NONE',  ( 25.14999999999999147, 3.791870174753465328, -8.705889421350684998 ) ) ;
#1735 = EDGE_CURVE ( 'NONE', #1826, #1970, #1231, .T. ) ;
#1736 = LINE ( 'NONE', #154, #504 ) ;
#1737 = CARTESIAN_POINT ( 'NONE',  ( 25.14999999999999147, 7.000000000000000000, 0.000000000000000000 ) ) ;
#1738 = ORIENTED_EDGE ( 'NONE', *, *, #452, .T. ) ;
#1739 = CARTESIAN_POINT ( 'NONE',  ( 24.60566353652475158, -2.284117499196207657, -6.831009447579530658 ) ) ;
#1740 = CARTESIAN_POINT ( 'NONE',  ( 35.14999999999998437, 0.000000000000000000, -10.91345476208031862 ) ) ;
#1741 = DIRECTION ( 'NONE',  ( 0.000000000000000000, -0.000000000000000000, 1.000000000000000000 ) ) ;
#1742 = FACE_OUTER_BOUND ( 'NONE', #2008, .T. ) ;
#1743 = ORIENTED_EDGE ( 'NONE', *, *, #2186, .F. ) ;
#1744 = DIRECTION ( 'NONE',  ( 0.000000000000000000, 0.000000000000000000, 1.000000000000000000 ) ) ;
#1745 = ORIENTED_EDGE ( 'NONE', *, *, #1307, .F. ) ;
#1746 = FACE_OUTER_BOUND ( 'NONE', #2114, .T. ) ;
#1747 = LINE ( 'NONE', #1545, #690 ) ;
#1748 = CIRCLE ( 'NONE', #790, 1.649999999999998579 ) ;
#1749 = ORIENTED_EDGE ( 'NONE', *, *, #2043, .T. ) ;
#1750 = EDGE_CURVE ( 'NONE', #321, #1944, #805, .T. ) ;
#1751 = VECTOR ( 'NONE', #960, 999.9999999999998863 ) ;
#1752 = CARTESIAN_POINT ( 'NONE',  ( 25.14183639394941849, -0.3645232521882121879, -6.791418537960760560 ) ) ;
#1753 = CIRCLE ( 'NONE', #2081, 1.649999999999998579 ) ;
#1754 = ADVANCED_FACE ( 'NONE', ( #459 ), #2084, .F. ) ;
#1755 = CARTESIAN_POINT ( 'NONE',  ( -24.06997395278217766, 4.023625066877918321, -8.903476395801888543 ) ) ;
#1756 = CARTESIAN_POINT ( 'NONE',  ( -25.15000000000000568, 7.000000000000000000, -4.617262664969562280 ) ) ;
#1757 = ORIENTED_EDGE ( 'NONE', *, *, #380, .F. ) ;
#1758 = DIRECTION ( 'NONE',  ( 0.000000000000000000, 0.000000000000000000, -1.000000000000000000 ) ) ;
#1759 = VERTEX_POINT ( 'NONE', #1513 ) ;
#1760 = DIRECTION ( 'NONE',  ( 1.000000000000000000, 0.000000000000000000, 0.000000000000000000 ) ) ;
#1761 = DIRECTION ( 'NONE',  ( -1.000000000000000000, 0.000000000000000000, 0.000000000000000000 ) ) ;
#1762 = ORIENTED_EDGE ( 'NONE', *, *, #1223, .F. ) ;
#1763 = PRODUCT_DEFINITION ( 'UNKNOWN', '', #88, #559 ) ;
#1764 = CARTESIAN_POINT ( 'NONE',  ( 24.06997395277899443, -4.023625066876840073, -8.903476395810022481 ) ) ;
#1765 = ADVANCED_FACE ( 'NONE', ( #1988, #815 ), #2225, .F. ) ;
#1766 = DIRECTION ( 'NONE',  ( -1.000000000000000000, 0.000000000000000000, 0.000000000000000000 ) ) ;
#1767 = ORIENTED_EDGE ( 'NONE', *, *, #94, .T. ) ;
#1768 = FACE_OUTER_BOUND ( 'NONE', #1733, .T. ) ;
#1769 = VERTEX_POINT ( 'NONE', #1012 ) ;
#1770 = CARTESIAN_POINT ( 'NONE',  ( -25.36485105303441756, -5.625649848914901163, -9.339876221685376123 ) ) ;
#1771 = VERTEX_POINT ( 'NONE', #2105 ) ;
#1772 = ADVANCED_FACE ( 'NONE', ( #171 ), #1715, .T. ) ;
#1773 = CARTESIAN_POINT ( 'NONE',  ( 35.14999999999999147, -7.000000000000000000, -5.999999999999992006 ) ) ;
#1774 = ORIENTED_EDGE ( 'NONE', *, *, #589, .F. ) ;
#1775 = EDGE_CURVE ( 'NONE', #1927, #1335, #1194, .T. ) ;
#1776 = CARTESIAN_POINT ( 'NONE',  ( -25.15000000000000568, -39.79949748426479772, -39.99999999999999289 ) ) ;
#1777 = CARTESIAN_POINT ( 'NONE',  ( -25.15000000000000568, 0.000000000000000000, -44.00000000000000000 ) ) ;
#1778 = DIRECTION ( 'NONE',  ( -0.000000000000000000, -0.000000000000000000, 1.000000000000000000 ) ) ;
#1779 = ORIENTED_EDGE ( 'NONE', *, *, #957, .F. ) ;
#1780 = CIRCLE ( 'NONE', #1668, 1.650000000000002132 ) ;
#1781 = CARTESIAN_POINT ( 'NONE',  ( 25.95087329707577695, 5.079191875299841286, -9.335480307355608076 ) ) ;
#1782 = AXIS2_PLACEMENT_3D ( 'NONE', #856, #1919, #347 ) ;
#1783 = STYLED_ITEM ( 'NONE', ( #1839 ), #1509 ) ;
#1784 = VECTOR ( 'NONE', #695, 1000.000000000000000 ) ;
#1785 = CARTESIAN_POINT ( 'NONE',  ( -20.00000000000000000, -2.449293598294706119E-15, 3.971240789819492800 ) ) ;
#1786 = AXIS2_PLACEMENT_3D ( 'NONE', #812, #961, #89 ) ;
#1787 = CARTESIAN_POINT ( 'NONE',  ( 34.64999999999998437, 0.000000000000000000, -44.00000000000000000 ) ) ;
#1788 = LINE ( 'NONE', #936, #1336 ) ;
#1789 = CARTESIAN_POINT ( 'NONE',  ( -25.15000000000000568, 1.030592673653909497, -7.110291372604886639 ) ) ;
#1790 = EDGE_CURVE ( 'NONE', #807, #1514, #514, .T. ) ;
#1791 = DIRECTION ( 'NONE',  ( 0.000000000000000000, 1.000000000000000000, 0.000000000000000000 ) ) ;
#1792 = EDGE_LOOP ( 'NONE', ( #835, #1653 ) ) ;
#1793 = DIRECTION ( 'NONE',  ( -0.000000000000000000, -0.000000000000000000, 1.000000000000000000 ) ) ;
#1794 = PLANE ( 'NONE',  #2110 ) ;
#1795 = DIRECTION ( 'NONE',  ( -1.000000000000000000, 0.000000000000000000, 0.000000000000000000 ) ) ;
#1796 = CARTESIAN_POINT ( 'NONE',  ( 25.14999999999999147, -39.79949748426479772, -39.99999999999999289 ) ) ;
#1797 = CARTESIAN_POINT ( 'NONE',  ( 35.14999999999999147, 0.000000000000000000, -43.99999999999999289 ) ) ;
#1798 = ORIENTED_EDGE ( 'NONE', *, *, #837, .F. ) ;
#1799 = EDGE_CURVE ( 'NONE', #2254, #1623, #857, .T. ) ;
#1800 = CARTESIAN_POINT ( 'NONE',  ( 26.96906126464098108, 3.720786645966731587, -9.309839516342441001 ) ) ;
#1801 = EDGE_LOOP ( 'NONE', ( #980, #1025, #722, #2223 ) ) ;
#1802 = ADVANCED_FACE ( 'NONE', ( #2288 ), #533, .F. ) ;
#1803 = ORIENTED_EDGE ( 'NONE', *, *, #1444, .T. ) ;
#1804 = CARTESIAN_POINT ( 'NONE',  ( 0.000000000000000000, 0.000000000000000000, 0.000000000000000000 ) ) ;
#1805 = ORIENTED_EDGE ( 'NONE', *, *, #818, .F. ) ;
#1806 = CARTESIAN_POINT ( 'NONE',  ( 25.14999999999999147, -1.697845237341483848, -7.498059545319411434 ) ) ;
#1807 = DIRECTION ( 'NONE',  ( -0.000000000000000000, -0.000000000000000000, -1.000000000000000000 ) ) ;
#1808 = CARTESIAN_POINT ( 'NONE',  ( 25.14999999999999147, -39.79949748426479772, -39.99999999999999289 ) ) ;
#1809 = VERTEX_POINT ( 'NONE', #133 ) ;
#1810 = DIRECTION ( 'NONE',  ( 0.000000000000000000, 0.000000000000000000, -1.000000000000000000 ) ) ;
#1811 = EDGE_CURVE ( 'NONE', #1986, #1700, #523, .T. ) ;
#1812 = ORIENTED_EDGE ( 'NONE', *, *, #1458, .T. ) ;
#1813 = ADVANCED_FACE ( 'NONE', ( #359 ), #1027, .F. ) ;
#1814 = CIRCLE ( 'NONE', #502, 1.699999999999987965 ) ;
#1815 = EDGE_LOOP ( 'NONE', ( #1118, #1951, #1822, #864 ) ) ;
#1816 = AXIS2_PLACEMENT_3D ( 'NONE', #1957, #542, #21 ) ;
#1817 = FACE_OUTER_BOUND ( 'NONE', #1329, .T. ) ;
#1818 = VECTOR ( 'NONE', #551, 1000.000000000000000 ) ;
#1819 = LINE ( 'NONE', #1298, #1155 ) ;
#1820 = CYLINDRICAL_SURFACE ( 'NONE', #1962, 1.649999999999998579 ) ;
#1821 = VECTOR ( 'NONE', #118, 1000.000000000000000 ) ;
#1822 = ORIENTED_EDGE ( 'NONE', *, *, #1066, .T. ) ;
#1823 = VECTOR ( 'NONE', #2140, 1000.000000000000000 ) ;
#1824 = DIRECTION ( 'NONE',  ( 0.9999978617395761660, 0.000000000000000000, -0.002067973954322527980 ) ) ;
#1825 = DIRECTION ( 'NONE',  ( 1.000000000000000000, 0.000000000000000000, 0.000000000000000000 ) ) ;
#1826 = VERTEX_POINT ( 'NONE', #338 ) ;
#1827 = CARTESIAN_POINT ( 'NONE',  ( -23.64327637471978605, -3.633481821908140841, -6.867465643111218654 ) ) ;
#1828 = EDGE_CURVE ( 'NONE', #367, #2289, #1999, .T. ) ;
#1829 = VERTEX_POINT ( 'NONE', #1207 ) ;
#1830 = CARTESIAN_POINT ( 'NONE',  ( 20.14999999999998792, 14.99999999999999822, -84.00099999999999056 ) ) ;
#1831 = ORIENTED_EDGE ( 'NONE', *, *, #1406, .T. ) ;
#1832 = CARTESIAN_POINT ( 'NONE',  ( 25.14999999999999147, -0.5130299725270909272, -6.888839085526656802 ) ) ;
#1833 = LINE ( 'NONE', #583, #1568 ) ;
#1834 = ORIENTED_EDGE ( 'NONE', *, *, #957, .T. ) ;
#1835 = LINE ( 'NONE', #260, #2233 ) ;
#1836 = PLANE ( 'NONE',  #1057 ) ;
#1837 = ORIENTED_EDGE ( 'NONE', *, *, #1411, .F. ) ;
#1838 = CARTESIAN_POINT ( 'NONE',  ( -23.35908442471594171, -3.878095011621743637, -6.867056128338316690 ) ) ;
#1839 = PRESENTATION_STYLE_ASSIGNMENT (( #982 ) ) ;
#1840 = ORIENTED_EDGE ( 'NONE', *, *, #2218, .F. ) ;
#1841 = EDGE_CURVE ( 'NONE', #2083, #182, #1354, .T. ) ;
#1842 = DIRECTION ( 'NONE',  ( -1.000000000000000000, 0.000000000000000000, 0.000000000000000000 ) ) ;
#1843 = PLANE ( 'NONE',  #1996 ) ;
#1844 = DIRECTION ( 'NONE',  ( 0.000000000000000000, 0.000000000000000000, 1.000000000000000000 ) ) ;
#1845 = ORIENTED_EDGE ( 'NONE', *, *, #1032, .F. ) ;
#1846 = DIRECTION ( 'NONE',  ( 0.000000000000000000, 0.000000000000000000, 1.000000000000000000 ) ) ;
#1847 = CARTESIAN_POINT ( 'NONE',  ( 18.49999999999998934, 14.99999999999999822, 4.000000000000007994 ) ) ;
#1848 = ORIENTED_EDGE ( 'NONE', *, *, #682, .T. ) ;
#1849 = DIRECTION ( 'NONE',  ( 1.000000000000000000, 0.000000000000000000, 0.000000000000000000 ) ) ;
#1850 = VECTOR ( 'NONE', #935, 1000.000000000000000 ) ;
#1851 = ORIENTED_EDGE ( 'NONE', *, *, #1311, .F. ) ;
#1852 = AXIS2_PLACEMENT_3D ( 'NONE', #2102, #521, #1044 ) ;
#1853 = DIRECTION ( 'NONE',  ( -0.000000000000000000, -0.000000000000000000, -1.000000000000000000 ) ) ;
#1854 = PLANE ( 'NONE',  #1960 ) ;
#1855 = VECTOR ( 'NONE', #53, 1000.000000000000000 ) ;
#1856 = DIRECTION ( 'NONE',  ( 0.000000000000000000, 0.000000000000000000, -1.000000000000000000 ) ) ;
#1857 = AXIS2_PLACEMENT_3D ( 'NONE', #1347, #331, #1188 ) ;
#1858 = EDGE_LOOP ( 'NONE', ( #1003, #1546, #76, #1457 ) ) ;
#1859 = EDGE_CURVE ( 'NONE', #1238, #482, #1390, .T. ) ;
#1860 = CARTESIAN_POINT ( 'NONE',  ( 25.14999999999999147, -7.000000000000000000, -4.617262664969562280 ) ) ;
#1861 = DIRECTION ( 'NONE',  ( 1.000000000000000000, 0.000000000000000000, 0.000000000000000000 ) ) ;
#1862 = ORIENTED_EDGE ( 'NONE', *, *, #383, .F. ) ;
#1863 = AXIS2_PLACEMENT_3D ( 'NONE', #1616, #1267, #30 ) ;
#1864 = ORIENTED_EDGE ( 'NONE', *, *, #2088, .F. ) ;
#1865 = CARTESIAN_POINT ( 'NONE',  ( -1.699999999999986189, 2.081899558550483516E-16, 4.000000000000007994 ) ) ;
#1866 = DIRECTION ( 'NONE',  ( -0.000000000000000000, -0.000000000000000000, 1.000000000000000000 ) ) ;
#1867 = ORIENTED_EDGE ( 'NONE', *, *, #1976, .F. ) ;
#1868 = DIRECTION ( 'NONE',  ( -0.000000000000000000, 0.000000000000000000, -1.000000000000000000 ) ) ;
#1869 = CARTESIAN_POINT ( 'NONE',  ( -30.15000000000000568, 45.00000000000000000, -39.99999999999999289 ) ) ;
#1870 = ORIENTED_EDGE ( 'NONE', *, *, #1307, .T. ) ;
#1871 = EDGE_CURVE ( 'NONE', #2245, #799, #497, .T. ) ;
#1872 = DIRECTION ( 'NONE',  ( 0.000000000000000000, 1.000000000000000000, 0.000000000000000000 ) ) ;
#1873 = ORIENTED_EDGE ( 'NONE', *, *, #411, .F. ) ;
#1874 = DIRECTION ( 'NONE',  ( -1.000000000000000000, 0.000000000000000000, 0.000000000000000000 ) ) ;
#1875 = CARTESIAN_POINT ( 'NONE',  ( 25.14999999999999147, -7.000000000000000000, -5.999999999999991118 ) ) ;
#1876 = LINE ( 'NONE', #305, #2243 ) ;
#1877 = ORIENTED_EDGE ( 'NONE', *, *, #1138, .T. ) ;
#1878 = CARTESIAN_POINT ( 'NONE',  ( -24.36546262987574707, -3.712138075272900739, -8.911156337432300845 ) ) ;
#1879 = LINE ( 'NONE', #308, #1157 ) ;
#1880 = FACE_OUTER_BOUND ( 'NONE', #1523, .T. ) ;
#1881 = ORIENTED_EDGE ( 'NONE', *, *, #1735, .T. ) ;
#1882 = EDGE_CURVE ( 'NONE', #106, #278, #797, .T. ) ;
#1883 = CARTESIAN_POINT ( 'NONE',  ( 25.94385637561581248, -5.086936762631676601, -9.335595646068679088 ) ) ;
#1884 = ORIENTED_EDGE ( 'NONE', *, *, #1398, .F. ) ;
#1885 = ADVANCED_FACE ( 'NONE', ( #1880 ), #2082, .F. ) ;
#1886 = VECTOR ( 'NONE', #1518, 1000.000000000000000 ) ;
#1887 = FACE_OUTER_BOUND ( 'NONE', #520, .T. ) ;
#1888 = TOROIDAL_SURFACE ( 'NONE', #1482, -149.2313432835825040, 186.0813432835824415 ) ;
#1889 = DIRECTION ( 'NONE',  ( 1.000000000000000000, -0.000000000000000000, -0.000000000000000000 ) ) ;
#1890 = CARTESIAN_POINT ( 'NONE',  ( 0.000000000000000000, 0.000000000000000000, 4.000000000000007994 ) ) ;
#1891 = ORIENTED_EDGE ( 'NONE', *, *, #1581, .T. ) ;
#1892 = TOROIDAL_SURFACE ( 'NONE', #1816, 33.08654523791967250, 0.4999999999999824585 ) ;
#1893 = CARTESIAN_POINT ( 'NONE',  ( -25.77026520415516941, 0.3988548966755627867, -8.929645380526944010 ) ) ;
#1894 = ORIENTED_EDGE ( 'NONE', *, *, #2208, .T. ) ;
#1895 = DIRECTION ( 'NONE',  ( 0.000000000000000000, 0.000000000000000000, -1.000000000000000000 ) ) ;
#1896 = VECTOR ( 'NONE', #1405, 1000.000000000000000 ) ;
#1897 = CARTESIAN_POINT ( 'NONE',  ( -35.15000000000000568, 49.99999999999999289, -39.99999999999999289 ) ) ;
#1898 = EDGE_LOOP ( 'NONE', ( #493, #191, #1287, #58 ) ) ;
#1899 = CARTESIAN_POINT ( 'NONE',  ( 25.07316970794531841, -2.692904306174201512, -8.924133912801172741 ) ) ;
#1900 = VECTOR ( 'NONE', #1499, 1000.000000000000000 ) ;
#1901 = CARTESIAN_POINT ( 'NONE',  ( -24.93857602713427823, 1.437488994512281737, -6.808186725522801019 ) ) ;
#1902 = EDGE_CURVE ( 'NONE', #1091, #1297, #1747, .T. ) ;
#1903 = CARTESIAN_POINT ( 'NONE',  ( 25.14999999999999147, 7.000000000000000000, 4.000000000000008882 ) ) ;
#1904 = CYLINDRICAL_SURFACE ( 'NONE', #1309, 1.699999999999986189 ) ;
#1905 = VERTEX_POINT ( 'NONE', #670 ) ;
#1906 = CARTESIAN_POINT ( 'NONE',  ( -1.725000000000000755, 2.112515728529185151E-16, 4.000000000000009770 ) ) ;
#1907 = ORIENTED_EDGE ( 'NONE', *, *, #24, .F. ) ;
#1908 = DIRECTION ( 'NONE',  ( 0.000000000000000000, -1.000000000000000000, 0.000000000000000000 ) ) ;
#1909 = CARTESIAN_POINT ( 'NONE',  ( -25.15000000000000568, 0.000000000000000000, -44.00000000000000000 ) ) ;
#1910 = VERTEX_POINT ( 'NONE', #1365 ) ;
#1911 = CARTESIAN_POINT ( 'NONE',  ( 25.10366460585364834, -0.7236620903432811058, -6.794869684832317347 ) ) ;
#1912 = CARTESIAN_POINT ( 'NONE',  ( -21.69999999999998508, -2.241103642439657471E-15, 0.000000000000000000 ) ) ;
#1913 = CARTESIAN_POINT ( 'NONE',  ( -26.95917830014127503, 3.705859726791145725, -9.309790788913495874 ) ) ;
#1914 = EDGE_CURVE ( 'NONE', #1440, #349, #281, .T. ) ;
#1915 = CARTESIAN_POINT ( 'NONE',  ( -20.00000000000000000, -2.449293598294706119E-15, 3.971240789819492800 ) ) ;
#1916 = ORIENTED_EDGE ( 'NONE', *, *, #518, .T. ) ;
#1917 = FACE_OUTER_BOUND ( 'NONE', #1400, .T. ) ;
#1918 = ORIENTED_EDGE ( 'NONE', *, *, #518, .F. ) ;
#1919 = DIRECTION ( 'NONE',  ( -0.000000000000000000, -0.000000000000000000, 1.000000000000000000 ) ) ;
#1920 = LINE ( 'NONE', #1797, #878 ) ;
#1921 = VERTEX_POINT ( 'NONE', #1218 ) ;
#1922 = DIRECTION ( 'NONE',  ( 0.000000000000000000, 0.000000000000000000, 1.000000000000000000 ) ) ;
#1923 = LINE ( 'NONE', #2109, #609 ) ;
#1924 = CARTESIAN_POINT ( 'NONE',  ( 15.14999999999999147, 19.99999999999999645, -2.081668171172168513E-14 ) ) ;
#1925 = AXIS2_PLACEMENT_3D ( 'NONE', #1787, #413, #1273 ) ;
#1926 = EDGE_CURVE ( 'NONE', #1440, #997, #1920, .T. ) ;
#1927 = VERTEX_POINT ( 'NONE', #1255 ) ;
#1928 = CARTESIAN_POINT ( 'NONE',  ( -25.15000000000000924, -0.2555007290474157755, -6.815631116931806233 ) ) ;
#1929 = DIRECTION ( 'NONE',  ( 0.000000000000000000, 0.000000000000000000, 1.000000000000000000 ) ) ;
#1930 = VECTOR ( 'NONE', #6, 1000.000000000000000 ) ;
#1931 = ORIENTED_EDGE ( 'NONE', *, *, #1288, .T. ) ;
#1932 = EDGE_CURVE ( 'NONE', #182, #1769, #555, .T. ) ;
#1933 = CIRCLE ( 'NONE', #1415, 1.650000000000002132 ) ;
#1934 = AXIS2_PLACEMENT_3D ( 'NONE', #2037, #1521, #1041 ) ;
#1935 = CARTESIAN_POINT ( 'NONE',  ( -25.07316970794550315, 2.692904306174214391, -8.924133912797593382 ) ) ;
#1936 = CIRCLE ( 'NONE', #1606, 1.649999999999995248 ) ;
#1937 = UNCERTAINTY_MEASURE_WITH_UNIT (LENGTH_MEASURE( 1.000000000000000082E-05 ), #1997, 'distance_accuracy_value', 'NONE');
#1938 = LINE ( 'NONE', #1068, #1818 ) ;
#1939 = VERTEX_POINT ( 'NONE', #184 ) ;
#1940 = FACE_BOUND ( 'NONE', #633, .T. ) ;
#1941 = ORIENTED_EDGE ( 'NONE', *, *, #1556, .T. ) ;
#1942 = LINE ( 'NONE', #912, #1338 ) ;
#1943 = CARTESIAN_POINT ( 'NONE',  ( -35.15000000000000568, -7.000000000000000000, -4.617262664969562280 ) ) ;
#1944 = VERTEX_POINT ( 'NONE', #1452 ) ;
#1945 = CARTESIAN_POINT ( 'NONE',  ( 24.34157919796082226, 2.768234512364200928, -6.846153067787374091 ) ) ;
#1946 = EDGE_CURVE ( 'NONE', #1970, #1826, #1235, .T. ) ;
#1947 = LINE ( 'NONE', #917, #2122 ) ;
#1948 = ORIENTED_EDGE ( 'NONE', *, *, #558, .F. ) ;
#1949 = CARTESIAN_POINT ( 'NONE',  ( -18.30000000000001492, -2.449293598294706119E-15, 4.000000000000007994 ) ) ;
#1950 = CARTESIAN_POINT ( 'NONE',  ( -25.15000000000000568, -5.801753405944160669, -9.339638914908901413 ) ) ;
#1951 = ORIENTED_EDGE ( 'NONE', *, *, #1859, .T. ) ;
#1952 = CARTESIAN_POINT ( 'NONE',  ( 27.97416100730134048, 0.5471439883877138310, -9.264669837486536608 ) ) ;
#1953 = EDGE_CURVE ( 'NONE', #182, #997, #894, .T. ) ;
#1954 = DIRECTION ( 'NONE',  ( 0.000000000000000000, -1.000000000000000000, 0.000000000000000000 ) ) ;
#1955 = DIRECTION ( 'NONE',  ( 0.000000000000000000, 0.000000000000000000, 1.000000000000000000 ) ) ;
#1956 = CARTESIAN_POINT ( 'NONE',  ( 25.14999999999999147, 4.770222862922330442, -9.098954287075240899 ) ) ;
#1957 = CARTESIAN_POINT ( 'NONE',  ( -34.64999999999999858, 0.000000000000000000, -44.00000000000000000 ) ) ;
#1958 = DIRECTION ( 'NONE',  ( -0.000000000000000000, 1.000000000000000000, -0.000000000000000000 ) ) ;
#1959 = ORIENTED_EDGE ( 'NONE', *, *, #527, .F. ) ;
#1960 = AXIS2_PLACEMENT_3D ( 'NONE', #453, #2246, #1358 ) ;
#1961 = CARTESIAN_POINT ( 'NONE',  ( 23.90002458601889401, 3.357718399995619940, -6.861933498662398101 ) ) ;
#1962 = AXIS2_PLACEMENT_3D ( 'NONE', #2014, #1807, #2172 ) ;
#1963 = CIRCLE ( 'NONE', #238, 33.57775271948984397 ) ;
#1964 = AXIS2_PLACEMENT_3D ( 'NONE', #1502, #1158, #1861 ) ;
#1965 = CARTESIAN_POINT ( 'NONE',  ( 0.000000000000000000, 0.000000000000000000, -43.99999999999999289 ) ) ;
#1966 = EDGE_CURVE ( 'NONE', #1511, #185, #564, .T. ) ;
#1967 = DIRECTION ( 'NONE',  ( 0.000000000000000000, -0.000000000000000000, -1.000000000000000000 ) ) ;
#1968 = CARTESIAN_POINT ( 'NONE',  ( 25.14999999999999147, -1.924443097197741537, -7.639297661542544304 ) ) ;
#1969 = DIRECTION ( 'NONE',  ( -0.000000000000000000, -0.000000000000000000, 1.000000000000000000 ) ) ;
#1970 = VERTEX_POINT ( 'NONE', #2117 ) ;
#1971 = ORIENTED_EDGE ( 'NONE', *, *, #1106, .T. ) ;
#1972 = EDGE_LOOP ( 'NONE', ( #1696, #1551, #713, #65 ) ) ;
#1973 = CARTESIAN_POINT ( 'NONE',  ( 25.14999999999999147, -35.14258062710084829, -44.00000000000000000 ) ) ;
#1974 = CARTESIAN_POINT ( 'NONE',  ( 20.14999999999998792, 14.99999999999999822, 0.000000000000000000 ) ) ;
#1975 = DIRECTION ( 'NONE',  ( -0.000000000000000000, -1.000000000000000000, -0.000000000000000000 ) ) ;
#1976 = EDGE_CURVE ( 'NONE', #1979, #371, #544, .T. ) ;
#1977 = PLANE ( 'NONE',  #358 ) ;
#1978 = DIRECTION ( 'NONE',  ( 0.000000000000000000, 0.000000000000000000, -1.000000000000000000 ) ) ;
#1979 = VERTEX_POINT ( 'NONE', #1237 ) ;
#1980 = EDGE_CURVE ( 'NONE', #534, #334, #220, .T. ) ;
#1981 = VERTEX_POINT ( 'NONE', #1080 ) ;
#1982 = ORIENTED_EDGE ( 'NONE', *, *, #393, .F. ) ;
#1983 = DIRECTION ( 'NONE',  ( -0.000000000000000000, -0.000000000000000000, 1.000000000000000000 ) ) ;
#1984 = DIRECTION ( 'NONE',  ( 0.000000000000000000, 0.000000000000000000, 1.000000000000000000 ) ) ;
#1985 = DIRECTION ( 'NONE',  ( 0.000000000000000000, 0.000000000000000000, 1.000000000000000000 ) ) ;
#1986 = VERTEX_POINT ( 'NONE', #1599 ) ;
#1987 = CARTESIAN_POINT ( 'NONE',  ( 27.71747819406748192, -1.922003169592094940, -9.277963269695320037 ) ) ;
#1988 = FACE_BOUND ( 'NONE', #100, .T. ) ;
#1989 = AXIS2_PLACEMENT_3D ( 'NONE', #61, #1607, #774 ) ;
#1990 = VERTEX_POINT ( 'NONE', #1943 ) ;
#1991 = EDGE_CURVE ( 'NONE', #655, #1204, #1626, .T. ) ;
#1992 = CARTESIAN_POINT ( 'NONE',  ( -24.34157919796102831, -2.768234512364109889, -6.846153067787300373 ) ) ;
#1993 = AXIS2_PLACEMENT_3D ( 'NONE', #256, #1088, #1984 ) ;
#1994 = CIRCLE ( 'NONE', #539, 1.649999999999998579 ) ;
#1995 = VERTEX_POINT ( 'NONE', #1423 ) ;
#1996 = AXIS2_PLACEMENT_3D ( 'NONE', #1670, #87, #1326 ) ;
#1997 =( LENGTH_UNIT ( ) NAMED_UNIT ( * ) SI_UNIT ( .MILLI., .METRE. ) );
#1998 = DIRECTION ( 'NONE',  ( 0.000000000000000000, -1.000000000000000000, 0.000000000000000000 ) ) ;
#1999 = CIRCLE ( 'NONE', #1018, 186.0813432835824415 ) ;
#2000 = CARTESIAN_POINT ( 'NONE',  ( 31.80000000000000071, 45.00000000000000000, -43.99999999999999289 ) ) ;
#2001 = DIRECTION ( 'NONE',  ( -1.000000000000000000, 0.000000000000000000, 0.000000000000000000 ) ) ;
#2002 = VECTOR ( 'NONE', #1699, 1000.000000000000000 ) ;
#2003 = DIRECTION ( 'NONE',  ( 0.000000000000000000, 0.000000000000000000, 1.000000000000000000 ) ) ;
#2004 = ORIENTED_EDGE ( 'NONE', *, *, #870, .T. ) ;
#2005 = AXIS2_PLACEMENT_3D ( 'NONE', #387, #1778, #22 ) ;
#2006 = LINE ( 'NONE', #1512, #939 ) ;
#2007 = CARTESIAN_POINT ( 'NONE',  ( -35.15000000000000568, 0.000000000000000000, -43.99999999999999289 ) ) ;
#2008 = EDGE_LOOP ( 'NONE', ( #2271, #677, #193, #310 ) ) ;
#2009 = CARTESIAN_POINT ( 'NONE',  ( -35.15000000000000568, 39.79949748426479772, -39.99999999999999289 ) ) ;
#2010 = EDGE_CURVE ( 'NONE', #54, #2264, #1020, .T. ) ;
#2011 = DIRECTION ( 'NONE',  ( -0.000000000000000000, -0.000000000000000000, 1.000000000000000000 ) ) ;
#2012 = EDGE_LOOP ( 'NONE', ( #1774, #1627, #635, #1870 ) ) ;
#2013 = CARTESIAN_POINT ( 'NONE',  ( 25.14999999999999147, -7.000000000000000000, 0.000000000000000000 ) ) ;
#2014 = CARTESIAN_POINT ( 'NONE',  ( 30.15000000000000568, 45.00000000000000000, 4.001000000000011880 ) ) ;
#2015 = DIRECTION ( 'NONE',  ( -1.000000000000000000, 0.000000000000000000, 0.000000000000000000 ) ) ;
#2016 = EDGE_LOOP ( 'NONE', ( #2164, #584, #760, #2242, #1567 ) ) ;
#2017 = DIRECTION ( 'NONE',  ( -1.000000000000000000, 0.000000000000000000, 0.000000000000000000 ) ) ;
#2018 = CARTESIAN_POINT ( 'NONE',  ( -30.14999999999999858, -45.00000000000000000, -39.99999999999999289 ) ) ;
#2019 = ORIENTED_EDGE ( 'NONE', *, *, #762, .F. ) ;
#2020 = PLANE ( 'NONE',  #1016 ) ;
#2021 = EDGE_CURVE ( 'NONE', #1921, #1910, #2163, .T. ) ;
#2022 = ORIENTED_EDGE ( 'NONE', *, *, #216, .F. ) ;
#2023 = DIRECTION ( 'NONE',  ( -1.000000000000000000, 0.000000000000000000, 0.000000000000000000 ) ) ;
#2024 = ADVANCED_FACE ( 'NONE', ( #922 ), #405, .T. ) ;
#2025 = DIRECTION ( 'NONE',  ( -0.000000000000000000, 1.000000000000000000, 0.000000000000000000 ) ) ;
#2026 = CARTESIAN_POINT ( 'NONE',  ( 15.14999999999999147, 19.99999999999999645, 4.000000000000007994 ) ) ;
#2027 = EDGE_LOOP ( 'NONE', ( #445, #1081, #142, #904 ) ) ;
#2028 = CARTESIAN_POINT ( 'NONE',  ( 27.63722461855363477, -2.191137483383266193, -9.281889845985967114 ) ) ;
#2029 = DIRECTION ( 'NONE',  ( -1.000000000000000000, 0.000000000000000000, 0.000000000000000000 ) ) ;
#2030 = ORIENTED_EDGE ( 'NONE', *, *, #2218, .T. ) ;
#2031 =( NAMED_UNIT ( * ) PLANE_ANGLE_UNIT ( ) SI_UNIT ( $, .RADIAN. ) );
#2032 = AXIS2_PLACEMENT_3D ( 'NONE', #2048, #1187, #663 ) ;
#2033 = ORIENTED_EDGE ( 'NONE', *, *, #1085, .F. ) ;
#2034 = VECTOR ( 'NONE', #1102, 1000.000000000000000 ) ;
#2035 = CYLINDRICAL_SURFACE ( 'NONE', #826, 1.649999999999998579 ) ;
#2036 = CIRCLE ( 'NONE', #1053, 33.08654523791967250 ) ;
#2037 = CARTESIAN_POINT ( 'NONE',  ( 30.15000000000001279, -45.00000000000000000, 4.001000000000011880 ) ) ;
#2038 = EDGE_CURVE ( 'NONE', #1238, #1268, #744, .T. ) ;
#2039 = DIRECTION ( 'NONE',  ( -1.000000000000000000, 0.000000000000000000, 0.000000000000000000 ) ) ;
#2040 = AXIS2_PLACEMENT_3D ( 'NONE', #1785, #740, #567 ) ;
#2041 = ORIENTED_EDGE ( 'NONE', *, *, #1323, .T. ) ;
#2042 = DIRECTION ( 'NONE',  ( 1.000000000000000000, -0.000000000000000000, -0.000000000000000000 ) ) ;
#2043 = EDGE_CURVE ( 'NONE', #1631, #349, #945, .T. ) ;
#2044 = DIRECTION ( 'NONE',  ( 0.000000000000000000, 1.000000000000000000, 0.000000000000000000 ) ) ;
#2045 = VERTEX_POINT ( 'NONE', #444 ) ;
#2046 = DIRECTION ( 'NONE',  ( 1.000000000000000000, 0.000000000000000000, 0.000000000000000000 ) ) ;
#2047 = ORIENTED_EDGE ( 'NONE', *, *, #286, .F. ) ;
#2048 = CARTESIAN_POINT ( 'NONE',  ( -30.14999999999999858, -45.00000000000000000, 4.001000000000011880 ) ) ;
#2049 = CARTESIAN_POINT ( 'NONE',  ( -27.09548974149414491, 3.464100670655829273, -9.304855272043598191 ) ) ;
#2050 = CARTESIAN_POINT ( 'NONE',  ( 15.14999999999999147, 19.99999999999999645, -41.23105625617661474 ) ) ;
#2051 = ORIENTED_EDGE ( 'NONE', *, *, #1367, .T. ) ;
#2052 = DIRECTION ( 'NONE',  ( -0.6560590289908089234, 8.034405899053149119E-17, 0.7547095802225098904 ) ) ;
#2053 = EDGE_CURVE ( 'NONE', #429, #1771, #229, .T. ) ;
#2054 = DIRECTION ( 'NONE',  ( 0.000000000000000000, 0.000000000000000000, 1.000000000000000000 ) ) ;
#2055 = DIRECTION ( 'NONE',  ( -1.000000000000000000, -0.000000000000000000, -0.000000000000000000 ) ) ;
#2056 = EDGE_LOOP ( 'NONE', ( #441, #1034, #1184, #528 ) ) ;
#2057 = EDGE_CURVE ( 'NONE', #962, #5, #1344, .T. ) ;
#2058 = CARTESIAN_POINT ( 'NONE',  ( 25.14999999999999147, 0.000000000000000000, -44.00000000000000000 ) ) ;
#2059 = DIRECTION ( 'NONE',  ( -0.000000000000000000, -0.000000000000000000, 1.000000000000000000 ) ) ;
#2060 = VERTEX_POINT ( 'NONE', #2026 ) ;
#2061 = DIRECTION ( 'NONE',  ( -0.000000000000000000, -0.000000000000000000, -1.000000000000000000 ) ) ;
#2062 = APPLICATION_CONTEXT ( 'automotive_design' ) ;
#2063 = LINE ( 'NONE', #2075, #1418 ) ;
#2064 = FACE_OUTER_BOUND ( 'NONE', #1424, .T. ) ;
#2065 = EDGE_LOOP ( 'NONE', ( #510, #1881, #728, #618 ) ) ;
#2066 = CARTESIAN_POINT ( 'NONE',  ( -25.08608067732813396, -5.853612314266069205, -9.339528269769351354 ) ) ;
#2067 = DIRECTION ( 'NONE',  ( -1.000000000000000000, 0.000000000000000000, -0.000000000000000000 ) ) ;
#2068 = CARTESIAN_POINT ( 'NONE',  ( 34.64999999999998437, 33.08654523791967961, -44.00000000000000000 ) ) ;
#2069 = ADVANCED_FACE ( 'NONE', ( #973, #1640 ), #1671, .F. ) ;
#2070 = ORIENTED_EDGE ( 'NONE', *, *, #1583, .T. ) ;
#2071 = CARTESIAN_POINT ( 'NONE',  ( 23.64314328418453215, -3.633610603566656216, -6.867465350634645027 ) ) ;
#2072 = EDGE_CURVE ( 'NONE', #1623, #5, #284, .T. ) ;
#2073 = CARTESIAN_POINT ( 'NONE',  ( -25.41459992799038403, 1.957267921732097404, -8.927694158761880772 ) ) ;
#2074 = AXIS2_PLACEMENT_3D ( 'NONE', #1726, #112, #141 ) ;
#2075 = CARTESIAN_POINT ( 'NONE',  ( -25.15000000000000568, -39.79949748426479772, -39.99999999999999289 ) ) ;
#2076 = DIRECTION ( 'NONE',  ( 1.000000000000000000, 0.000000000000000000, 0.000000000000000000 ) ) ;
#2077 = ORIENTED_EDGE ( 'NONE', *, *, #33, .F. ) ;
#2078 = AXIS2_PLACEMENT_3D ( 'NONE', #522, #1389, #1895 ) ;
#2079 = CARTESIAN_POINT ( 'NONE',  ( -30.14999999999999858, -45.00000000000000000, -43.99999999999999289 ) ) ;
#2080 = DIRECTION ( 'NONE',  ( -1.000000000000000000, 0.000000000000000000, 0.000000000000000000 ) ) ;
#2081 = AXIS2_PLACEMENT_3D ( 'NONE', #1212, #1031, #1510 ) ;
#2082 = CYLINDRICAL_SURFACE ( 'NONE', #983, 1.649999999999995248 ) ;
#2083 = VERTEX_POINT ( 'NONE', #455 ) ;
#2084 = CONICAL_SURFACE ( 'NONE', #1964, 1.725000000000000755, 0.7155849933180747913 ) ;
#2085 = DIRECTION ( 'NONE',  ( 0.000000000000000000, 1.000000000000000000, 0.000000000000000000 ) ) ;
#2086 = EDGE_CURVE ( 'NONE', #1981, #2106, #2212, .T. ) ;
#2087 = CARTESIAN_POINT ( 'NONE',  ( 35.17067978376198312, -7.000000000000000000, 4.000000000000008882 ) ) ;
#2088 = EDGE_CURVE ( 'NONE', #799, #1623, #629, .T. ) ;
#2089 = DIRECTION ( 'NONE',  ( 0.000000000000000000, 0.000000000000000000, 1.000000000000000000 ) ) ;
#2090 = LINE ( 'NONE', #163, #798 ) ;
#2091 = VERTEX_POINT ( 'NONE', #639 ) ;
#2092 = CARTESIAN_POINT ( 'NONE',  ( -35.15000000000000568, -7.000000000000000000, 4.000000000000007994 ) ) ;
#2093 = DIRECTION ( 'NONE',  ( -1.000000000000000000, 0.000000000000000000, 0.000000000000000000 ) ) ;
#2094 = DIRECTION ( 'NONE',  ( -1.000000000000000000, 0.000000000000000000, 0.000000000000000000 ) ) ;
#2095 = ORIENTED_EDGE ( 'NONE', *, *, #2010, .F. ) ;
#2096 = CARTESIAN_POINT ( 'NONE',  ( 26.48113027690294530, -4.423007550506476981, -9.324059896465048070 ) ) ;
#2097 = LINE ( 'NONE', #2087, #1295 ) ;
#2098 = DIRECTION ( 'NONE',  ( -1.000000000000000000, -0.000000000000000000, -0.000000000000000000 ) ) ;
#2099 = CARTESIAN_POINT ( 'NONE',  ( -34.74335528934891215, 0.000000000000000000, -10.42224728051015248 ) ) ;
#2100 = EDGE_CURVE ( 'NONE', #371, #1990, #2281, .T. ) ;
#2101 = ORIENTED_EDGE ( 'NONE', *, *, #1471, .F. ) ;
#2102 = CARTESIAN_POINT ( 'NONE',  ( -30.15000000000000568, 45.00000000000000000, 4.001000000000011880 ) ) ;
#2103 = EDGE_LOOP ( 'NONE', ( #2166, #586, #1907, #205, #1282, #745 ) ) ;
#2104 = CARTESIAN_POINT ( 'NONE',  ( -25.15000000000000924, 5.801753405944154451, -9.339638914908871214 ) ) ;
#2105 = CARTESIAN_POINT ( 'NONE',  ( -25.14999999999999858, -49.99999999999999289, -39.99999999999999289 ) ) ;
#2106 = VERTEX_POINT ( 'NONE', #1808 ) ;
#2107 = CARTESIAN_POINT ( 'NONE',  ( 25.54356696479181821, -1.576078513889429988, -8.928614547862730788 ) ) ;
#2108 = CARTESIAN_POINT ( 'NONE',  ( 27.90769631216366520, 1.116884880096323807, -9.268382754776187227 ) ) ;
#2109 = CARTESIAN_POINT ( 'NONE',  ( 15.14999999999999147, -20.00000000000000711, -6.938893903907228378E-15 ) ) ;
#2110 = AXIS2_PLACEMENT_3D ( 'NONE', #431, #1428, #1613 ) ;
#2111 = EDGE_LOOP ( 'NONE', ( #530, #2128 ) ) ;
#2112 = DIRECTION ( 'NONE',  ( 1.000000000000000000, 0.000000000000000000, 1.233437646870827251E-17 ) ) ;
#2113 = VECTOR ( 'NONE', #1744, 1000.000000000000000 ) ;
#2114 = EDGE_LOOP ( 'NONE', ( #285, #470, #852, #965 ) ) ;
#2115 = EDGE_CURVE ( 'NONE', #2254, #2245, #1462, .T. ) ;
#2116 = CARTESIAN_POINT ( 'NONE',  ( -27.97384063076929195, -1.511897087251819305E-11, -9.264687178225289088 ) ) ;
#2117 = CARTESIAN_POINT ( 'NONE',  ( -31.80000000000000071, -45.00000000000000000, -39.99999999999999289 ) ) ;
#2118 = AXIS2_PLACEMENT_3D ( 'NONE', #661, #2059, #66 ) ;
#2119 = VERTEX_POINT ( 'NONE', #416 ) ;
#2120 = VECTOR ( 'NONE', #472, 1000.000000000000000 ) ;
#2121 = CARTESIAN_POINT ( 'NONE',  ( 27.90924161345902021, 1.106982318145959487, -9.268299182482353515 ) ) ;
#2122 = VECTOR ( 'NONE', #1221, 1000.000000000000000 ) ;
#2123 = AXIS2_PLACEMENT_3D ( 'NONE', #817, #1147, #1680 ) ;
#2124 = ADVANCED_BREP_SHAPE_REPRESENTATION ( 'thruster_holder_1', ( #1509, #1092 ), #468 ) ;
#2125 = CARTESIAN_POINT ( 'NONE',  ( -24.52087986523222796, 2.446547072170410342, -6.835988633149672644 ) ) ;
#2126 = VECTOR ( 'NONE', #1412, 1000.000000000000000 ) ;
#2127 = DIRECTION ( 'NONE',  ( 0.000000000000000000, 1.000000000000000000, 0.000000000000000000 ) ) ;
#2128 = ORIENTED_EDGE ( 'NONE', *, *, #333, .T. ) ;
#2129 = FACE_BOUND ( 'NONE', #1656, .T. ) ;
#2130 = CARTESIAN_POINT ( 'NONE',  ( -25.15000000000000924, -2.379443560861899343, -7.918430055577900362 ) ) ;
#2131 = CARTESIAN_POINT ( 'NONE',  ( 25.14999999999999147, -7.000000000000000000, -4.617262664969562280 ) ) ;
#2132 = ORIENTED_EDGE ( 'NONE', *, *, #1066, .F. ) ;
#2133 = EDGE_CURVE ( 'NONE', #1995, #349, #1163, .T. ) ;
#2134 = CARTESIAN_POINT ( 'NONE',  ( 25.08334458044229720, 2.697447979071158297, -8.924402835012680058 ) ) ;
#2135 = EDGE_CURVE ( 'NONE', #1809, #1413, #434, .T. ) ;
#2136 = CARTESIAN_POINT ( 'NONE',  ( 2.081668171172168513E-14, -149.2313432835825040, -44.00000000000000000 ) ) ;
#2137 = CARTESIAN_POINT ( 'NONE',  ( 34.64999999999998437, 0.000000000000000000, -10.91345476208031862 ) ) ;
#2138 = DIRECTION ( 'NONE',  ( -1.000000000000000000, 0.000000000000000000, 0.000000000000000000 ) ) ;
#2139 = DIRECTION ( 'NONE',  ( 0.6560590289907830552, 0.000000000000000000, 0.7547095802225323169 ) ) ;
#2140 = DIRECTION ( 'NONE',  ( 0.000000000000000000, 1.000000000000000000, 0.000000000000000000 ) ) ;
#2141 = ORIENTED_EDGE ( 'NONE', *, *, #1142, .F. ) ;
#2142 = ADVANCED_FACE ( 'NONE', ( #1386 ), #1007, .T. ) ;
#2143 = ADVANCED_FACE ( 'NONE', ( #1742 ), #1904, .F. ) ;
#2144 = LINE ( 'NONE', #1756, #981 ) ;
#2145 = ORIENTED_EDGE ( 'NONE', *, *, #1953, .F. ) ;
#2146 = CARTESIAN_POINT ( 'NONE',  ( 25.14999999999998792, 1.030592673654024516, -7.110291372604927496 ) ) ;
#2147 = CARTESIAN_POINT ( 'NONE',  ( 35.15000000000000568, 49.99999999999999289, -43.99999999999999289 ) ) ;
#2148 = DIRECTION ( 'NONE',  ( -1.000000000000000000, 0.000000000000000000, 0.000000000000000000 ) ) ;
#2149 = VERTEX_POINT ( 'NONE', #2099 ) ;
#2150 = AXIS2_PLACEMENT_3D ( 'NONE', #568, #217, #1967 ) ;
#2151 = ORIENTED_EDGE ( 'NONE', *, *, #1926, .T. ) ;
#2152 = VECTOR ( 'NONE', #1047, 1000.000000000000000 ) ;
#2153 = AXIS2_PLACEMENT_3D ( 'NONE', #889, #2127, #1741 ) ;
#2154 = EDGE_CURVE ( 'NONE', #1038, #1192, #2090, .T. ) ;
#2155 = VECTOR ( 'NONE', #1610, 1000.000000000000000 ) ;
#2156 = ORIENTED_EDGE ( 'NONE', *, *, #1581, .F. ) ;
#2157 = LINE ( 'NONE', #1313, #731 ) ;
#2158 = AXIS2_PLACEMENT_3D ( 'NONE', #2050, #823, #1042 ) ;
#2159 = CARTESIAN_POINT ( 'NONE',  ( -1.699999999999988187, 2.081899558550485982E-16, 3.971240789819492800 ) ) ;
#2160 = EDGE_CURVE ( 'NONE', #1511, #1008, #1269, .T. ) ;
#2161 = CARTESIAN_POINT ( 'NONE',  ( -25.15000000000000568, 36.00000000000000000, -39.99999999999999289 ) ) ;
#2162 = LINE ( 'NONE', #415, #277 ) ;
#2163 = LINE ( 'NONE', #736, #1493 ) ;
#2164 = ORIENTED_EDGE ( 'NONE', *, *, #440, .F. ) ;
#2165 = CARTESIAN_POINT ( 'NONE',  ( 30.15000000000001279, -45.00000000000000000, -43.99999999999999289 ) ) ;
#2166 = ORIENTED_EDGE ( 'NONE', *, *, #1790, .F. ) ;
#2167 = ORIENTED_EDGE ( 'NONE', *, *, #976, .T. ) ;
#2168 = EDGE_CURVE ( 'NONE', #40, #369, #175, .T. ) ;
#2169 =( NAMED_UNIT ( * ) SI_UNIT ( $, .STERADIAN. ) SOLID_ANGLE_UNIT ( ) );
#2170 = FACE_OUTER_BOUND ( 'NONE', #2016, .T. ) ;
#2171 = CARTESIAN_POINT ( 'NONE',  ( 25.14999999999998792, -4.723468647739998971, -9.159146211641010282 ) ) ;
#2172 = DIRECTION ( 'NONE',  ( -1.000000000000000000, 0.000000000000000000, 0.000000000000000000 ) ) ;
#2173 = EDGE_CURVE ( 'NONE', #417, #933, #481, .T. ) ;
#2174 = CARTESIAN_POINT ( 'NONE',  ( -25.15000000000000568, 49.99999999999999289, -39.99999999999999289 ) ) ;
#2175 = ORIENTED_EDGE ( 'NONE', *, *, #2265, .T. ) ;
#2176 = CARTESIAN_POINT ( 'NONE',  ( 25.97142790520279476, -5.055986531407094198, -9.335122066512850481 ) ) ;
#2177 = ORIENTED_EDGE ( 'NONE', *, *, #1914, .F. ) ;
#2178 = DIRECTION ( 'NONE',  ( -1.000000000000000000, 0.000000000000000000, 0.000000000000000000 ) ) ;
#2179 = ORIENTED_EDGE ( 'NONE', *, *, #1932, .F. ) ;
#2180 = APPLICATION_PROTOCOL_DEFINITION ( 'draft international standard', 'automotive_design', 1998, #2062 ) ;
#2181 = FACE_BOUND ( 'NONE', #1466, .T. ) ;
#2182 = CARTESIAN_POINT ( 'NONE',  ( 25.14999999999998792, -3.760915215494214703, -8.718853953914299737 ) ) ;
#2183 = DIRECTION ( 'NONE',  ( 1.000000000000000000, 0.000000000000000000, 0.000000000000000000 ) ) ;
#2184 = CARTESIAN_POINT ( 'NONE',  ( -25.14999999999999858, -36.00000000000000000, -39.99999999999999289 ) ) ;
#2185 = ORIENTED_EDGE ( 'NONE', *, *, #932, .T. ) ;
#2186 = EDGE_CURVE ( 'NONE', #1771, #1979, #1574, .T. ) ;
#2187 = CARTESIAN_POINT ( 'NONE',  ( 20.14999999999999147, -15.00000000000000711, 4.000000000000007994 ) ) ;
#2188 = DIRECTION ( 'NONE',  ( 0.000000000000000000, -0.000000000000000000, 1.000000000000000000 ) ) ;
#2189 = VECTOR ( 'NONE', #97, 1000.000000000000000 ) ;
#2190 = ORIENTED_EDGE ( 'NONE', *, *, #265, .T. ) ;
#2191 = ADVANCED_FACE ( 'NONE', ( #689 ), #508, .T. ) ;
#2192 = CIRCLE ( 'NONE', #1601, 1.649999999999998579 ) ;
#2193 = FACE_OUTER_BOUND ( 'NONE', #1186, .T. ) ;
#2194 = CIRCLE ( 'NONE', #121, 1.699999999999986189 ) ;
#2195 = ORIENTED_EDGE ( 'NONE', *, *, #898, .T. ) ;
#2196 = AXIS2_PLACEMENT_3D ( 'NONE', #1549, #1866, #1006 ) ;
#2197 = SHAPE_DEFINITION_REPRESENTATION ( #1179, #2124 ) ;
#2198 = CARTESIAN_POINT ( 'NONE',  ( -31.80000000000000071, 45.00000000000000000, -43.99999999999999289 ) ) ;
#2199 = VECTOR ( 'NONE', #1171, 1000.000000000000000 ) ;
#2200 = CARTESIAN_POINT ( 'NONE',  ( 35.17067978376198312, -7.000000000000000000, 4.000000000000008882 ) ) ;
#2201 = LINE ( 'NONE', #1638, #873 ) ;
#2202 = CIRCLE ( 'NONE', #1535, 39.99999999999999289 ) ;
#2203 = ORIENTED_EDGE ( 'NONE', *, *, #1110, .F. ) ;
#2204 = CARTESIAN_POINT ( 'NONE',  ( -28.49999999999999289, -45.00000000000000000, -43.99999999999999289 ) ) ;
#2205 = LINE ( 'NONE', #473, #2199 ) ;
#2206 = EDGE_LOOP ( 'NONE', ( #1851, #974, #1100, #1363 ) ) ;
#2207 = CARTESIAN_POINT ( 'NONE',  ( 15.14999999999999147, 19.99999999999999645, 4.000000000000007994 ) ) ;
#2208 = EDGE_CURVE ( 'NONE', #200, #1506, #1936, .T. ) ;
#2209 = ORIENTED_EDGE ( 'NONE', *, *, #1705, .T. ) ;
#2210 = DIRECTION ( 'NONE',  ( -0.000000000000000000, -0.000000000000000000, 1.000000000000000000 ) ) ;
#2211 = CARTESIAN_POINT ( 'NONE',  ( -27.97384063076929195, -1.511897087251819305E-11, -9.264687178225289088 ) ) ;
#2212 = LINE ( 'NONE', #1286, #916 ) ;
#2213 = EDGE_LOOP ( 'NONE', ( #354, #1779, #923, #156, #1831 ) ) ;
#2214 = DIRECTION ( 'NONE',  ( 0.000000000000000000, 0.000000000000000000, 1.000000000000000000 ) ) ;
#2215 = LINE ( 'NONE', #67, #1489 ) ;
#2216 = ORIENTED_EDGE ( 'NONE', *, *, #380, .T. ) ;
#2217 = DIRECTION ( 'NONE',  ( 0.000000000000000000, 1.000000000000000000, 0.000000000000000000 ) ) ;
#2218 = EDGE_CURVE ( 'NONE', #2060, #1099, #1178, .T. ) ;
#2219 = ORIENTED_EDGE ( 'NONE', *, *, #153, .T. ) ;
#2220 = DIRECTION ( 'NONE',  ( 0.000000000000000000, 0.000000000000000000, -1.000000000000000000 ) ) ;
#2221 = CARTESIAN_POINT ( 'NONE',  ( 25.14999999999999147, 19.99999999999999289, -6.938893903907228378E-15 ) ) ;
#2222 = DIRECTION ( 'NONE',  ( -0.000000000000000000, 1.000000000000000000, -0.000000000000000000 ) ) ;
#2223 = ORIENTED_EDGE ( 'NONE', *, *, #992, .T. ) ;
#2224 = CARTESIAN_POINT ( 'NONE',  ( 26.95917830014127503, -3.705859726791163489, -9.309790788913494097 ) ) ;
#2225 = PLANE ( 'NONE',  #729 ) ;
#2226 = ORIENTED_EDGE ( 'NONE', *, *, #1735, .F. ) ;
#2227 = DIRECTION ( 'NONE',  ( 0.000000000000000000, 0.000000000000000000, -1.000000000000000000 ) ) ;
#2228 = AXIS2_PLACEMENT_3D ( 'NONE', #2137, #1998, #1635 ) ;
#2229 = ORIENTED_EDGE ( 'NONE', *, *, #255, .F. ) ;
#2230 = VECTOR ( 'NONE', #1449, 1000.000000000000000 ) ;
#2231 = EDGE_CURVE ( 'NONE', #1192, #84, #1876, .T. ) ;
#2232 = LINE ( 'NONE', #442, #905 ) ;
#2233 = VECTOR ( 'NONE', #963, 1000.000000000000000 ) ;
#2234 = CARTESIAN_POINT ( 'NONE',  ( 25.14999999999999147, 19.99999999999999289, -41.23105625617661474 ) ) ;
#2235 =( GEOMETRIC_REPRESENTATION_CONTEXT ( 3 ) GLOBAL_UNCERTAINTY_ASSIGNED_CONTEXT ( ( #579 ) ) GLOBAL_UNIT_ASSIGNED_CONTEXT ( ( #1505, #2031, #993 ) ) REPRESENTATION_CONTEXT ( 'NONE', 'WORKASPACE' ) );
#2236 = ADVANCED_FACE ( 'NONE', ( #2248 ), #332, .F. ) ;
#2237 = ORIENTED_EDGE ( 'NONE', *, *, #2021, .T. ) ;
#2238 = DIRECTION ( 'NONE',  ( 0.000000000000000000, 0.000000000000000000, -1.000000000000000000 ) ) ;
#2239 = AXIS2_PLACEMENT_3D ( 'NONE', #2165, #1476, #1328 ) ;
#2240 = PLANE ( 'NONE',  #793 ) ;
#2241 = DIRECTION ( 'NONE',  ( 0.000000000000000000, 0.000000000000000000, 1.000000000000000000 ) ) ;
#2242 = ORIENTED_EDGE ( 'NONE', *, *, #932, .F. ) ;
#2243 = VECTOR ( 'NONE', #126, 1000.000000000000000 ) ;
#2244 = CARTESIAN_POINT ( 'NONE',  ( 2.081668171172168513E-14, 0.000000000000000000, -193.2313432835825040 ) ) ;
#2245 = VERTEX_POINT ( 'NONE', #1723 ) ;
#2246 = DIRECTION ( 'NONE',  ( 1.000000000000000000, 0.000000000000000000, 0.000000000000000000 ) ) ;
#2247 = LINE ( 'NONE', #2234, #1717 ) ;
#2248 = FACE_OUTER_BOUND ( 'NONE', #1692, .T. ) ;
#2249 = ORIENTED_EDGE ( 'NONE', *, *, #176, .F. ) ;
#2250 = CARTESIAN_POINT ( 'NONE',  ( -25.53882417296743768, -5.490034005318486621, -9.340595614963822513 ) ) ;
#2251 = ADVANCED_FACE ( 'NONE', ( #2064 ), #150, .F. ) ;
#2252 = CARTESIAN_POINT ( 'NONE',  ( 25.14999999999998792, -5.801753405944172215, -9.339638914908878320 ) ) ;
#2253 = DIRECTION ( 'NONE',  ( 0.000000000000000000, -1.000000000000000000, 0.000000000000000000 ) ) ;
#2254 = VERTEX_POINT ( 'NONE', #918 ) ;
#2255 = CARTESIAN_POINT ( 'NONE',  ( 24.93857602713451982, -1.437488994512185370, -6.808186725527196614 ) ) ;
#2256 = PLANE ( 'NONE',  #1524 ) ;
#2257 = CARTESIAN_POINT ( 'NONE',  ( -25.33980727641567299, 2.144445232483726205, -8.927075231803653921 ) ) ;
#2258 = DIRECTION ( 'NONE',  ( 0.000000000000000000, 0.000000000000000000, 1.000000000000000000 ) ) ;
#2259 = CARTESIAN_POINT ( 'NONE',  ( -30.14999999999999858, -45.00000000000000000, 4.001000000000011880 ) ) ;
#2260 = EDGE_LOOP ( 'NONE', ( #985, #2209, #1840, #1918 ) ) ;
#2261 = CARTESIAN_POINT ( 'NONE',  ( -25.14183639394934744, 0.3645232521882754151, -6.791418537960673518 ) ) ;
#2262 = CARTESIAN_POINT ( 'NONE',  ( 21.79999999999998650, 14.99999999999999822, 0.000000000000000000 ) ) ;
#2263 = CARTESIAN_POINT ( 'NONE',  ( -25.15000000000000568, 49.99999999999999289, -39.99999999999999289 ) ) ;
#2264 = VERTEX_POINT ( 'NONE', #1230 ) ;
#2265 = EDGE_CURVE ( 'NONE', #1238, #334, #49, .T. ) ;
#2266 = CARTESIAN_POINT ( 'NONE',  ( 27.63843367345877766, -2.187435147052062323, -9.281832587152317515 ) ) ;
#2267 = TOROIDAL_SURFACE ( 'NONE', #1925, 33.08654523791967961, 0.4999999999999824585 ) ;
#2268 = DIRECTION ( 'NONE',  ( -0.002067973954322527980, 0.000000000000000000, -0.9999978617395761660 ) ) ;
#2269 = AXIS2_PLACEMENT_3D ( 'NONE', #1333, #1669, #2023 ) ;
#2270 = LINE ( 'NONE', #1875, #127 ) ;
#2271 = ORIENTED_EDGE ( 'NONE', *, *, #197, .F. ) ;
#2272 = AXIS2_PLACEMENT_3D ( 'NONE', #1353, #2042, #2054 ) ;
#2273 = CARTESIAN_POINT ( 'NONE',  ( 25.14999999999998792, 1.261824963072598171, -7.241029982526494990 ) ) ;
#2274 = ORIENTED_EDGE ( 'NONE', *, *, #1633, .F. ) ;
#2275 = FACE_BOUND ( 'NONE', #230, .T. ) ;
#2276 = AXIS2_PLACEMENT_3D ( 'NONE', #1612, #26, #353 ) ;
#2277 = CARTESIAN_POINT ( 'NONE',  ( 28.50000000000001421, -45.00000000000000000, 4.001000000000011880 ) ) ;
#2278 = ORIENTED_EDGE ( 'NONE', *, *, #1705, .F. ) ;
#2279 = AXIS2_PLACEMENT_3D ( 'NONE', #1145, #780, #953 ) ;
#2280 = EDGE_CURVE ( 'NONE', #655, #2106, #2202, .T. ) ;
#2281 = CIRCLE ( 'NONE', #363, 40.00000000000000000 ) ;
#2282 = EDGE_CURVE ( 'NONE', #737, #31, #2157, .T. ) ;
#2283 = DIRECTION ( 'NONE',  ( -0.000000000000000000, -0.000000000000000000, 1.000000000000000000 ) ) ;
#2284 = DIRECTION ( 'NONE',  ( -1.000000000000000000, -0.000000000000000000, -0.000000000000000000 ) ) ;
#2285 = EDGE_LOOP ( 'NONE', ( #1716, #869, #1387, #48 ) ) ;
#2286 = DIRECTION ( 'NONE',  ( 0.000000000000000000, 0.000000000000000000, 1.000000000000000000 ) ) ;
#2287 = FACE_OUTER_BOUND ( 'NONE', #696, .T. ) ;
#2288 = FACE_OUTER_BOUND ( 'NONE', #613, .T. ) ;
#2289 = VERTEX_POINT ( 'NONE', #1973 ) ;
#2290 = CARTESIAN_POINT ( 'NONE',  ( 24.85904820511538205, -3.047339296155284316, -8.920941628421784841 ) ) ;
#2291 = CARTESIAN_POINT ( 'NONE',  ( -24.36046411336626605, 3.717966753888036102, -8.911037770949988612 ) ) ;
#2292 = ADVANCED_FACE ( 'NONE', ( #580 ), #59, .F. ) ;
#2293 = DIRECTION ( 'NONE',  ( 0.000000000000000000, 0.000000000000000000, 1.000000000000000000 ) ) ;
#2294 = ORIENTED_EDGE ( 'NONE', *, *, #2057, .F. ) ;
#2295 = CARTESIAN_POINT ( 'NONE',  ( 25.14999999999999147, 6.999999999999999112, -6.938893903907228378E-15 ) ) ;
#2296 = ORIENTED_EDGE ( 'NONE', *, *, #2282, .F. ) ;
#2297 = FACE_OUTER_BOUND ( 'NONE', #931, .T. ) ;
#2298 = ORIENTED_EDGE ( 'NONE', *, *, #2282, .T. ) ;
ENDSEC;
END-ISO-10303-21;
